<?xml version="1.0" encoding="UTF-8"?>
<osm version="0.6" generator="openstreetmap-cgimap 2.1.0 (1334 spike-07.openstreetmap.org)" copyright="OpenStreetMap and contributors" attribution="http://www.openstreetmap.org/copyright" license="http://opendatacommons.org/licenses/odbl/1-0/">
 <bounds minlat="35.8630000" minlon="129.2037000" maxlat="35.8684000" maxlon="129.2103000"/>
 <node id="368870827" visible="true" version="6" changeset="175098312" timestamp="2025-11-25T08:20:07Z" user="LuxuryCoop" uid="7245212" lat="35.8647660" lon="129.2097810">
  <tag k="name" v="늘푸른식물원"/>
  <tag k="name:en" v="Neulpureun Florist"/>
  <tag k="name:ko" v="늘푸른식물원"/>
  <tag k="name:ko-Latn" v="Neulpureunsingmulwon"/>
  <tag k="shop" v="florist"/>
 </node>
 <node id="437088176" visible="true" version="1" changeset="1770613" timestamp="2009-07-08T10:32:23Z" user="cyana" uid="74529" lat="35.8634700" lon="129.2129000"/>
 <node id="437088177" visible="true" version="5" changeset="158763937" timestamp="2024-11-05T04:30:48Z" user="moaipark" uid="17448023" lat="35.8649212" lon="129.2090934"/>
 <node id="437088178" visible="true" version="4" changeset="88920863" timestamp="2020-08-04T09:49:39Z" user="Kalixalven" uid="10811187" lat="35.8669302" lon="129.2039743"/>
 <node id="437088179" visible="true" version="2" changeset="14715294" timestamp="2013-01-20T01:53:01Z" user="user_615842" uid="615842" lat="35.8675735" lon="129.2021898"/>
 <node id="529458593" visible="true" version="2" changeset="32732082" timestamp="2015-07-19T12:36:30Z" user="IRTC1015" uid="223224" lat="35.8627604" lon="129.2051616"/>
 <node id="529483877" visible="true" version="2" changeset="32732082" timestamp="2015-07-19T12:36:31Z" user="IRTC1015" uid="223224" lat="35.8602860" lon="129.2056063"/>
 <node id="529483882" visible="true" version="2" changeset="32732082" timestamp="2015-07-19T12:36:31Z" user="IRTC1015" uid="223224" lat="35.8632296" lon="129.2053521"/>
 <node id="529483905" visible="true" version="2" changeset="13207906" timestamp="2012-09-22T14:26:18Z" user="user_615842" uid="615842" lat="35.8729312" lon="129.2124393"/>
 <node id="529483907" visible="true" version="2" changeset="13207906" timestamp="2012-09-22T14:27:29Z" user="user_615842" uid="615842" lat="35.8710253" lon="129.2105250"/>
 <node id="529483909" visible="true" version="2" changeset="13207906" timestamp="2012-09-22T14:27:29Z" user="user_615842" uid="615842" lat="35.8714437" lon="129.2107980"/>
 <node id="529483910" visible="true" version="2" changeset="13207906" timestamp="2012-09-22T14:27:29Z" user="user_615842" uid="615842" lat="35.8717969" lon="129.2110225"/>
 <node id="529483912" visible="true" version="2" changeset="13207906" timestamp="2012-09-22T14:27:29Z" user="user_615842" uid="615842" lat="35.8720464" lon="129.2112376"/>
 <node id="529483913" visible="true" version="2" changeset="13207906" timestamp="2012-09-22T14:26:19Z" user="user_615842" uid="615842" lat="35.8722840" lon="129.2115380"/>
 <node id="529483914" visible="true" version="2" changeset="13207906" timestamp="2012-09-22T14:26:18Z" user="user_615842" uid="615842" lat="35.8725039" lon="129.2118401"/>
 <node id="529483915" visible="true" version="2" changeset="13207906" timestamp="2012-09-22T14:26:18Z" user="user_615842" uid="615842" lat="35.8727252" lon="129.2121421"/>
 <node id="529750479" visible="true" version="1" changeset="2831781" timestamp="2009-10-13T00:52:05Z" user="generalred" uid="118851" lat="35.8209002" lon="129.1989958"/>
 <node id="529750481" visible="true" version="1" changeset="2831781" timestamp="2009-10-13T00:52:05Z" user="generalred" uid="118851" lat="35.8206942" lon="129.1972333"/>
 <node id="529750482" visible="true" version="1" changeset="2831781" timestamp="2009-10-13T00:52:05Z" user="generalred" uid="118851" lat="35.8236683" lon="129.1984559"/>
 <node id="529750483" visible="true" version="1" changeset="2831781" timestamp="2009-10-13T00:52:05Z" user="generalred" uid="118851" lat="35.8234816" lon="129.1986306"/>
 <node id="529750484" visible="true" version="1" changeset="2831781" timestamp="2009-10-13T00:52:05Z" user="generalred" uid="118851" lat="35.8230568" lon="129.1986782"/>
 <node id="529750485" visible="true" version="1" changeset="2831781" timestamp="2009-10-13T00:52:05Z" user="generalred" uid="118851" lat="35.8223551" lon="129.1987735"/>
 <node id="529750486" visible="true" version="1" changeset="2831781" timestamp="2009-10-13T00:52:05Z" user="generalred" uid="118851" lat="35.8216019" lon="129.1988370"/>
 <node id="529750487" visible="true" version="1" changeset="2831781" timestamp="2009-10-13T00:52:05Z" user="generalred" uid="118851" lat="35.8214217" lon="129.1969554"/>
 <node id="529750488" visible="true" version="1" changeset="2831781" timestamp="2009-10-13T00:52:06Z" user="generalred" uid="118851" lat="35.8223036" lon="129.1968204"/>
 <node id="529750489" visible="true" version="1" changeset="2831781" timestamp="2009-10-13T00:52:06Z" user="generalred" uid="118851" lat="35.8236361" lon="129.1967331"/>
 <node id="529750490" visible="true" version="1" changeset="2831781" timestamp="2009-10-13T00:52:06Z" user="generalred" uid="118851" lat="35.8258377" lon="129.1981701"/>
 <node id="529750491" visible="true" version="1" changeset="2831781" timestamp="2009-10-13T00:52:06Z" user="generalred" uid="118851" lat="35.8254128" lon="129.1982098"/>
 <node id="529750492" visible="true" version="1" changeset="2831781" timestamp="2009-10-13T00:52:06Z" user="generalred" uid="118851" lat="35.8249751" lon="129.1980828"/>
 <node id="529750493" visible="true" version="1" changeset="2831781" timestamp="2009-10-13T00:52:06Z" user="generalred" uid="118851" lat="35.8242927" lon="129.1980669"/>
 <node id="529750494" visible="true" version="1" changeset="2831781" timestamp="2009-10-13T00:52:06Z" user="generalred" uid="118851" lat="35.8238679" lon="129.1982098"/>
 <node id="529750495" visible="true" version="1" changeset="2831781" timestamp="2009-10-13T00:52:06Z" user="generalred" uid="118851" lat="35.8243764" lon="129.1967014"/>
 <node id="529750496" visible="true" version="1" changeset="2831781" timestamp="2009-10-13T00:52:06Z" user="generalred" uid="118851" lat="35.8250330" lon="129.1967014"/>
 <node id="529750497" visible="true" version="1" changeset="2831781" timestamp="2009-10-13T00:52:06Z" user="generalred" uid="118851" lat="35.8257669" lon="129.1968363"/>
 <node id="529750498" visible="true" version="1" changeset="2831781" timestamp="2009-10-13T00:52:06Z" user="generalred" uid="118851" lat="35.8287601" lon="129.1990038"/>
 <node id="529750499" visible="true" version="1" changeset="2831781" timestamp="2009-10-13T00:52:06Z" user="generalred" uid="118851" lat="35.8279748" lon="129.1988529"/>
 <node id="529750500" visible="true" version="1" changeset="2831781" timestamp="2009-10-13T00:52:06Z" user="generalred" uid="118851" lat="35.8274985" lon="129.1975429"/>
 <node id="529750501" visible="true" version="1" changeset="2831781" timestamp="2009-10-13T00:52:06Z" user="generalred" uid="118851" lat="35.8270414" lon="129.1982495"/>
 <node id="529750502" visible="true" version="1" changeset="2831781" timestamp="2009-10-13T00:52:06Z" user="generalred" uid="118851" lat="35.8265329" lon="129.1982416"/>
 <node id="529750503" visible="true" version="1" changeset="2831781" timestamp="2009-10-13T00:52:06Z" user="generalred" uid="118851" lat="35.8265458" lon="129.1969554"/>
 <node id="529750504" visible="true" version="1" changeset="2831781" timestamp="2009-10-13T00:52:06Z" user="generalred" uid="118851" lat="35.8272281" lon="129.1970666"/>
 <node id="529750505" visible="true" version="1" changeset="2831781" timestamp="2009-10-13T00:52:06Z" user="generalred" uid="118851" lat="35.8277817" lon="129.1971460"/>
 <node id="529750506" visible="true" version="1" changeset="2831781" timestamp="2009-10-13T00:52:06Z" user="generalred" uid="118851" lat="35.8282323" lon="129.1972254"/>
 <node id="529750508" visible="true" version="1" changeset="2831781" timestamp="2009-10-13T00:52:06Z" user="generalred" uid="118851" lat="35.8291592" lon="129.1972968"/>
 <node id="529750509" visible="true" version="1" changeset="2831781" timestamp="2009-10-13T00:52:06Z" user="generalred" uid="118851" lat="35.8292493" lon="129.1991943"/>
 <node id="529750510" visible="true" version="1" changeset="2831781" timestamp="2009-10-13T00:52:06Z" user="generalred" uid="118851" lat="35.8295905" lon="129.1973841"/>
 <node id="529750511" visible="true" version="1" changeset="2831781" timestamp="2009-10-13T00:52:06Z" user="generalred" uid="118851" lat="35.8304015" lon="129.1976620"/>
 <node id="529750512" visible="true" version="1" changeset="2831781" timestamp="2009-10-13T00:52:06Z" user="generalred" uid="118851" lat="35.8310903" lon="129.1979637"/>
 <node id="529750513" visible="true" version="1" changeset="2831781" timestamp="2009-10-13T00:52:06Z" user="generalred" uid="118851" lat="35.8315923" lon="129.1981701"/>
 <node id="529750514" visible="true" version="1" changeset="2831781" timestamp="2009-10-13T00:52:06Z" user="generalred" uid="118851" lat="35.8320622" lon="129.1983686"/>
 <node id="529750515" visible="true" version="1" changeset="2831781" timestamp="2009-10-13T00:52:06Z" user="generalred" uid="118851" lat="35.8326029" lon="129.1986068"/>
 <node id="529750516" visible="true" version="1" changeset="2831781" timestamp="2009-10-13T00:52:07Z" user="generalred" uid="118851" lat="35.8332401" lon="129.1988767"/>
 <node id="529750517" visible="true" version="2" changeset="32732082" timestamp="2015-07-19T12:36:31Z" user="IRTC1015" uid="223224" lat="35.8414963" lon="129.1985720"/>
 <node id="529750519" visible="true" version="2" changeset="32732082" timestamp="2015-07-19T12:36:31Z" user="IRTC1015" uid="223224" lat="35.8419333" lon="129.1984067"/>
 <node id="529750520" visible="true" version="2" changeset="32732082" timestamp="2015-07-19T12:36:31Z" user="IRTC1015" uid="223224" lat="35.8426320" lon="129.1981829"/>
 <node id="529750521" visible="true" version="2" changeset="32732082" timestamp="2015-07-19T12:36:31Z" user="IRTC1015" uid="223224" lat="35.8432771" lon="129.1980685"/>
 <node id="529750522" visible="true" version="2" changeset="32732082" timestamp="2015-07-19T12:36:31Z" user="IRTC1015" uid="223224" lat="35.8439614" lon="129.1979744"/>
 <node id="529750523" visible="true" version="2" changeset="32732082" timestamp="2015-07-19T12:36:31Z" user="IRTC1015" uid="223224" lat="35.8448415" lon="129.1978905"/>
 <node id="529750524" visible="true" version="2" changeset="32732082" timestamp="2015-07-19T12:36:31Z" user="IRTC1015" uid="223224" lat="35.8452991" lon="129.1979109"/>
 <node id="529750525" visible="true" version="2" changeset="32732082" timestamp="2015-07-19T12:36:31Z" user="IRTC1015" uid="223224" lat="35.8462080" lon="129.1980304"/>
 <node id="529750527" visible="true" version="2" changeset="32732082" timestamp="2015-07-19T12:36:31Z" user="IRTC1015" uid="223224" lat="35.8476755" lon="129.1985516"/>
 <node id="529750528" visible="true" version="3" changeset="140948216" timestamp="2023-09-07T16:12:33Z" user="GOCHIDA" uid="9620250" lat="35.8482535" lon="129.1987046"/>
 <node id="529750529" visible="true" version="3" changeset="140948216" timestamp="2023-09-07T16:12:33Z" user="GOCHIDA" uid="9620250" lat="35.8488782" lon="129.1988735"/>
 <node id="529750530" visible="true" version="3" changeset="140948216" timestamp="2023-09-07T16:12:33Z" user="GOCHIDA" uid="9620250" lat="35.8492487" lon="129.1988814"/>
 <node id="529750531" visible="true" version="2" changeset="32732082" timestamp="2015-07-19T12:36:31Z" user="IRTC1015" uid="223224" lat="35.8496643" lon="129.1989152"/>
 <node id="529750532" visible="true" version="1" changeset="2831781" timestamp="2009-10-13T00:52:08Z" user="generalred" uid="118851" lat="35.8153959" lon="129.2398594"/>
 <node id="529750533" visible="true" version="1" changeset="2831781" timestamp="2009-10-13T00:52:08Z" user="generalred" uid="118851" lat="35.8152671" lon="129.2401055"/>
 <node id="529750534" visible="true" version="1" changeset="2831781" timestamp="2009-10-13T00:52:08Z" user="generalred" uid="118851" lat="35.8152156" lon="129.2404389"/>
 <node id="529750535" visible="true" version="2" changeset="5078306" timestamp="2010-06-26T05:04:27Z" user="alimamo" uid="7213" lat="35.8151507" lon="129.2411340"/>
 <node id="529750536" visible="true" version="1" changeset="2831781" timestamp="2009-10-13T00:52:08Z" user="generalred" uid="118851" lat="35.8147650" lon="129.2412091"/>
 <node id="529750537" visible="true" version="1" changeset="2831781" timestamp="2009-10-13T00:52:08Z" user="generalred" uid="118851" lat="35.8147971" lon="129.2406851"/>
 <node id="529750538" visible="true" version="1" changeset="2831781" timestamp="2009-10-13T00:52:08Z" user="generalred" uid="118851" lat="35.8149195" lon="129.2402960"/>
 <node id="529750539" visible="true" version="1" changeset="2831781" timestamp="2009-10-13T00:52:08Z" user="generalred" uid="118851" lat="35.8151191" lon="129.2399229"/>
 <node id="529750540" visible="true" version="1" changeset="2831781" timestamp="2009-10-13T00:52:08Z" user="generalred" uid="118851" lat="35.8153701" lon="129.2394545"/>
 <node id="529750541" visible="true" version="1" changeset="2831781" timestamp="2009-10-13T00:52:08Z" user="generalred" uid="118851" lat="35.8263012" lon="129.2041008"/>
 <node id="529750542" visible="true" version="1" changeset="2831781" timestamp="2009-10-13T00:52:08Z" user="generalred" uid="118851" lat="35.8261402" lon="129.2044263"/>
 <node id="529750543" visible="true" version="1" changeset="2831781" timestamp="2009-10-13T00:52:08Z" user="generalred" uid="118851" lat="35.8255931" lon="129.2046565"/>
 <node id="529750544" visible="true" version="1" changeset="2831781" timestamp="2009-10-13T00:52:08Z" user="generalred" uid="118851" lat="35.8258312" lon="129.2043390"/>
 <node id="529750545" visible="true" version="1" changeset="2831781" timestamp="2009-10-13T00:52:08Z" user="generalred" uid="118851" lat="35.8261145" lon="129.2039896"/>
 <node id="529750546" visible="true" version="1" changeset="2831781" timestamp="2009-10-13T00:52:08Z" user="generalred" uid="118851" lat="35.8263140" lon="129.2037276"/>
 <node id="529750547" visible="true" version="2" changeset="34253387" timestamp="2015-09-25T21:35:32Z" user="lucadelu" uid="13591" lat="35.8250803" lon="129.2062106"/>
 <node id="529750548" visible="true" version="2" changeset="34253387" timestamp="2015-09-25T21:35:32Z" user="lucadelu" uid="13591" lat="35.8250380" lon="129.2063924"/>
 <node id="529750549" visible="true" version="2" changeset="34253387" timestamp="2015-09-25T21:35:32Z" user="lucadelu" uid="13591" lat="35.8250028" lon="129.2067931"/>
 <node id="529750550" visible="true" version="2" changeset="34253387" timestamp="2015-09-25T21:35:32Z" user="lucadelu" uid="13591" lat="35.8249835" lon="129.2070948"/>
 <node id="529750551" visible="true" version="2" changeset="34253387" timestamp="2015-09-25T21:35:32Z" user="lucadelu" uid="13591" lat="35.8246398" lon="129.2070742"/>
 <node id="529750552" visible="true" version="2" changeset="34253387" timestamp="2015-09-25T21:35:32Z" user="lucadelu" uid="13591" lat="35.8246868" lon="129.2067075"/>
 <node id="529750553" visible="true" version="2" changeset="34253387" timestamp="2015-09-25T21:35:32Z" user="lucadelu" uid="13591" lat="35.8247278" lon="129.2063903"/>
 <node id="529750554" visible="true" version="2" changeset="34253387" timestamp="2015-09-25T21:35:32Z" user="lucadelu" uid="13591" lat="35.8248604" lon="129.2060210"/>
 <node id="529750555" visible="true" version="2" changeset="34253387" timestamp="2015-09-25T21:35:32Z" user="lucadelu" uid="13591" lat="35.8249316" lon="129.2057219"/>
 <node id="529750556" visible="true" version="1" changeset="2831781" timestamp="2009-10-13T00:52:09Z" user="generalred" uid="118851" lat="35.8258892" lon="129.2047200"/>
 <node id="529750557" visible="true" version="1" changeset="2831781" timestamp="2009-10-13T00:52:09Z" user="generalred" uid="118851" lat="35.8257411" lon="129.2049027"/>
 <node id="529750558" visible="true" version="1" changeset="2831781" timestamp="2009-10-13T00:52:09Z" user="generalred" uid="118851" lat="35.8256059" lon="129.2049344"/>
 <node id="529750560" visible="true" version="1" changeset="2831781" timestamp="2009-10-13T00:52:09Z" user="generalred" uid="118851" lat="35.8254836" lon="129.2050773"/>
 <node id="529750561" visible="true" version="1" changeset="2831781" timestamp="2009-10-13T00:52:09Z" user="generalred" uid="118851" lat="35.8253678" lon="129.2053234"/>
 <node id="529750562" visible="true" version="1" changeset="2831781" timestamp="2009-10-13T00:52:09Z" user="generalred" uid="118851" lat="35.8251489" lon="129.2056569"/>
 <node id="529750563" visible="true" version="2" changeset="34253387" timestamp="2015-09-25T21:35:32Z" user="lucadelu" uid="13591" lat="35.8251996" lon="129.2058153"/>
 <node id="529750564" visible="true" version="1" changeset="2831781" timestamp="2009-10-13T00:52:09Z" user="generalred" uid="118851" lat="35.8252648" lon="129.2051408"/>
 <node id="529750565" visible="true" version="2" changeset="34253387" timestamp="2015-09-25T21:35:32Z" user="lucadelu" uid="13591" lat="35.8250499" lon="129.2075303"/>
 <node id="529750566" visible="true" version="2" changeset="34253387" timestamp="2015-09-25T21:35:32Z" user="lucadelu" uid="13591" lat="35.8250878" lon="129.2077914"/>
 <node id="529750567" visible="true" version="2" changeset="34253387" timestamp="2015-09-25T21:35:32Z" user="lucadelu" uid="13591" lat="35.8251445" lon="129.2080902"/>
 <node id="529750568" visible="true" version="2" changeset="34253387" timestamp="2015-09-25T21:35:32Z" user="lucadelu" uid="13591" lat="35.8248458" lon="129.2081211"/>
 <node id="529750569" visible="true" version="2" changeset="34253387" timestamp="2015-09-25T21:35:32Z" user="lucadelu" uid="13591" lat="35.8246780" lon="129.2075298"/>
 <node id="529750570" visible="true" version="2" changeset="32845425" timestamp="2015-07-24T09:53:12Z" user="pratikyadav" uid="2905914" lat="35.8252461" lon="129.2082842"/>
 <node id="529750571" visible="true" version="2" changeset="32845425" timestamp="2015-07-24T09:53:12Z" user="pratikyadav" uid="2905914" lat="35.8253695" lon="129.2085774"/>
 <node id="529750572" visible="true" version="2" changeset="32845425" timestamp="2015-07-24T09:53:12Z" user="pratikyadav" uid="2905914" lat="35.8255158" lon="129.2088292"/>
 <node id="529750573" visible="true" version="2" changeset="32845425" timestamp="2015-07-24T09:53:12Z" user="pratikyadav" uid="2905914" lat="35.8256301" lon="129.2090299"/>
 <node id="529750574" visible="true" version="2" changeset="32845425" timestamp="2015-07-24T09:53:12Z" user="pratikyadav" uid="2905914" lat="35.8258782" lon="129.2094097"/>
 <node id="529750575" visible="true" version="2" changeset="32845425" timestamp="2015-07-24T09:53:12Z" user="pratikyadav" uid="2905914" lat="35.8256630" lon="129.2099282"/>
 <node id="529750576" visible="true" version="2" changeset="32845425" timestamp="2015-07-24T09:53:12Z" user="pratikyadav" uid="2905914" lat="35.8254004" lon="129.2093831"/>
 <node id="529750577" visible="true" version="2" changeset="32845425" timestamp="2015-07-24T09:53:12Z" user="pratikyadav" uid="2905914" lat="35.8262149" lon="129.2099409"/>
 <node id="529750578" visible="true" version="2" changeset="32845425" timestamp="2015-07-24T09:53:12Z" user="pratikyadav" uid="2905914" lat="35.8264227" lon="129.2102588"/>
 <node id="529750579" visible="true" version="2" changeset="32845425" timestamp="2015-07-24T09:53:12Z" user="pratikyadav" uid="2905914" lat="35.8266487" lon="129.2105887"/>
 <node id="529750580" visible="true" version="2" changeset="32845425" timestamp="2015-07-24T09:53:12Z" user="pratikyadav" uid="2905914" lat="35.8266103" lon="129.2112431"/>
 <node id="529750581" visible="true" version="2" changeset="32845425" timestamp="2015-07-24T09:53:13Z" user="pratikyadav" uid="2905914" lat="35.8263941" lon="129.2109763"/>
 <node id="529750582" visible="true" version="2" changeset="32845425" timestamp="2015-07-24T09:53:13Z" user="pratikyadav" uid="2905914" lat="35.8260657" lon="129.2104828"/>
 <node id="529750583" visible="true" version="1" changeset="2831781" timestamp="2009-10-13T00:52:10Z" user="generalred" uid="118851" lat="35.8276401" lon="129.2019254"/>
 <node id="529750585" visible="true" version="1" changeset="2831781" timestamp="2009-10-13T00:52:10Z" user="generalred" uid="118851" lat="35.8286352" lon="129.2011866"/>
 <node id="529750586" visible="true" version="1" changeset="2831781" timestamp="2009-10-13T00:52:10Z" user="generalred" uid="118851" lat="35.8284318" lon="129.2013697"/>
 <node id="529750587" visible="true" version="1" changeset="2831781" timestamp="2009-10-13T00:52:10Z" user="generalred" uid="118851" lat="35.8283160" lon="129.2013220"/>
 <node id="529750588" visible="true" version="1" changeset="2831781" timestamp="2009-10-13T00:52:10Z" user="generalred" uid="118851" lat="35.8280392" lon="129.2016634"/>
 <node id="529750589" visible="true" version="1" changeset="2831781" timestamp="2009-10-13T00:52:10Z" user="generalred" uid="118851" lat="35.8278203" lon="129.2015523"/>
 <node id="529750590" visible="true" version="1" changeset="2831781" timestamp="2009-10-13T00:52:10Z" user="generalred" uid="118851" lat="35.8282194" lon="129.2011791"/>
 <node id="529750591" visible="true" version="1" changeset="2831781" timestamp="2009-10-13T00:52:10Z" user="generalred" uid="118851" lat="35.8285606" lon="129.2009092"/>
 <node id="529750592" visible="true" version="1" changeset="2831781" timestamp="2009-10-13T00:52:10Z" user="generalred" uid="118851" lat="35.8288695" lon="129.2007345"/>
 <node id="529750593" visible="true" version="1" changeset="2831781" timestamp="2009-10-13T00:52:10Z" user="generalred" uid="118851" lat="35.8291463" lon="129.2004487"/>
 <node id="529750594" visible="true" version="1" changeset="2831781" timestamp="2009-10-13T00:52:10Z" user="generalred" uid="118851" lat="35.8274083" lon="129.2021636"/>
 <node id="529750595" visible="true" version="1" changeset="2831781" timestamp="2009-10-13T00:52:10Z" user="generalred" uid="118851" lat="35.8272732" lon="129.2023938"/>
 <node id="529750596" visible="true" version="1" changeset="2831781" timestamp="2009-10-13T00:52:10Z" user="generalred" uid="118851" lat="35.8272345" lon="129.2026003"/>
 <node id="529750597" visible="true" version="1" changeset="2831781" timestamp="2009-10-13T00:52:10Z" user="generalred" uid="118851" lat="35.8269899" lon="129.2030687"/>
 <node id="529750598" visible="true" version="1" changeset="2831781" timestamp="2009-10-13T00:52:10Z" user="generalred" uid="118851" lat="35.8268226" lon="129.2033465"/>
 <node id="529750599" visible="true" version="1" changeset="2831781" timestamp="2009-10-13T00:52:10Z" user="generalred" uid="118851" lat="35.8265780" lon="129.2037038"/>
 <node id="529750600" visible="true" version="1" changeset="2831781" timestamp="2009-10-13T00:52:10Z" user="generalred" uid="118851" lat="35.8264621" lon="129.2034498"/>
 <node id="529750601" visible="true" version="1" changeset="2831781" timestamp="2009-10-13T00:52:10Z" user="generalred" uid="118851" lat="35.8266552" lon="129.2030528"/>
 <node id="529750602" visible="true" version="1" changeset="2831781" timestamp="2009-10-13T00:52:10Z" user="generalred" uid="118851" lat="35.8268741" lon="129.2027114"/>
 <node id="529750603" visible="true" version="1" changeset="2831781" timestamp="2009-10-13T00:52:10Z" user="generalred" uid="118851" lat="35.8271122" lon="129.2023780"/>
 <node id="529750604" visible="true" version="1" changeset="2831781" timestamp="2009-10-13T00:52:10Z" user="generalred" uid="118851" lat="35.8273118" lon="129.2021239"/>
 <node id="529750605" visible="true" version="1" changeset="2831781" timestamp="2009-10-13T00:52:10Z" user="generalred" uid="118851" lat="35.8315393" lon="129.2003647"/>
 <node id="529750606" visible="true" version="1" changeset="2831781" timestamp="2009-10-13T00:52:11Z" user="generalred" uid="118851" lat="35.8312502" lon="129.2000546"/>
 <node id="529750607" visible="true" version="1" changeset="2831781" timestamp="2009-10-13T00:52:11Z" user="generalred" uid="118851" lat="35.8306970" lon="129.1998220"/>
 <node id="529750609" visible="true" version="1" changeset="2831781" timestamp="2009-10-13T00:52:11Z" user="generalred" uid="118851" lat="35.8303198" lon="129.1998065"/>
 <node id="529750610" visible="true" version="1" changeset="2831781" timestamp="2009-10-13T00:52:11Z" user="generalred" uid="118851" lat="35.8299427" lon="129.1999771"/>
 <node id="529750611" visible="true" version="1" changeset="2831781" timestamp="2009-10-13T00:52:11Z" user="generalred" uid="118851" lat="35.8295907" lon="129.2001786"/>
 <node id="529750612" visible="true" version="1" changeset="2831781" timestamp="2009-10-13T00:52:11Z" user="generalred" uid="118851" lat="35.8295152" lon="129.2006749"/>
 <node id="529750613" visible="true" version="1" changeset="2831781" timestamp="2009-10-13T00:52:11Z" user="generalred" uid="118851" lat="35.8294424" lon="129.2002185"/>
 <node id="529750614" visible="true" version="1" changeset="2831781" timestamp="2009-10-13T00:52:11Z" user="generalred" uid="118851" lat="35.8296677" lon="129.1998850"/>
 <node id="529750615" visible="true" version="1" changeset="2831781" timestamp="2009-10-13T00:52:11Z" user="generalred" uid="118851" lat="35.8328845" lon="129.2004423"/>
 <node id="529750616" visible="true" version="1" changeset="2831781" timestamp="2009-10-13T00:52:11Z" user="generalred" uid="118851" lat="35.8324068" lon="129.2003647"/>
 <node id="529750617" visible="true" version="1" changeset="2831781" timestamp="2009-10-13T00:52:11Z" user="generalred" uid="118851" lat="35.8319416" lon="129.2003647"/>
 <node id="529750618" visible="true" version="1" changeset="2831781" timestamp="2009-10-13T00:52:11Z" user="generalred" uid="118851" lat="35.8343553" lon="129.2012641"/>
 <node id="529750619" visible="true" version="1" changeset="2831781" timestamp="2009-10-13T00:52:11Z" user="generalred" uid="118851" lat="35.8340159" lon="129.2009230"/>
 <node id="529750620" visible="true" version="1" changeset="2831781" timestamp="2009-10-13T00:52:11Z" user="generalred" uid="118851" lat="35.8336513" lon="129.2005353"/>
 <node id="529750621" visible="true" version="1" changeset="2831781" timestamp="2009-10-13T00:52:12Z" user="generalred" uid="118851" lat="35.8333119" lon="129.2003337"/>
 <node id="529750622" visible="true" version="1" changeset="2831781" timestamp="2009-10-13T00:52:12Z" user="generalred" uid="118851" lat="35.8338966" lon="129.1992737"/>
 <node id="529750623" visible="true" version="1" changeset="2831781" timestamp="2009-10-13T00:52:12Z" user="generalred" uid="118851" lat="35.8344309" lon="129.1995833"/>
 <node id="529750624" visible="true" version="2" changeset="83985014" timestamp="2020-04-23T08:02:48Z" user="Min_T" uid="8386494" lat="35.8358986" lon="129.2017650"/>
 <node id="529750625" visible="true" version="1" changeset="2831781" timestamp="2009-10-13T00:52:12Z" user="generalred" uid="118851" lat="35.8354993" lon="129.2017758"/>
 <node id="529750626" visible="true" version="1" changeset="2831781" timestamp="2009-10-13T00:52:12Z" user="generalred" uid="118851" lat="35.8347953" lon="129.2015432"/>
 <node id="529750627" visible="true" version="1" changeset="2831781" timestamp="2009-10-13T00:52:12Z" user="generalred" uid="118851" lat="35.8347462" lon="129.1998771"/>
 <node id="529750628" visible="true" version="1" changeset="2831781" timestamp="2009-10-13T00:52:12Z" user="generalred" uid="118851" lat="35.8350616" lon="129.2002979"/>
 <node id="529750629" visible="true" version="1" changeset="2831781" timestamp="2009-10-13T00:52:12Z" user="generalred" uid="118851" lat="35.8352097" lon="129.2005837"/>
 <node id="529750630" visible="true" version="1" changeset="2831781" timestamp="2009-10-13T00:52:12Z" user="generalred" uid="118851" lat="35.8353320" lon="129.2008695"/>
 <node id="529750632" visible="true" version="1" changeset="2831781" timestamp="2009-10-13T00:52:12Z" user="generalred" uid="118851" lat="35.8356988" lon="129.2011077"/>
 <node id="529750633" visible="true" version="1" changeset="2831781" timestamp="2009-10-13T00:52:12Z" user="generalred" uid="118851" lat="35.8364421" lon="129.2019154"/>
 <node id="529750634" visible="true" version="1" changeset="2831781" timestamp="2009-10-13T00:52:12Z" user="generalred" uid="118851" lat="35.8361656" lon="129.2017913"/>
 <node id="529750635" visible="true" version="1" changeset="2831781" timestamp="2009-10-13T00:52:12Z" user="generalred" uid="118851" lat="35.8360786" lon="129.2012982"/>
 <node id="529750636" visible="true" version="2" changeset="83985014" timestamp="2020-04-23T08:02:48Z" user="Min_T" uid="8386494" lat="35.8363358" lon="129.2013891"/>
 <node id="529750637" visible="true" version="2" changeset="83985014" timestamp="2020-04-23T08:02:48Z" user="Min_T" uid="8386494" lat="35.8364931" lon="129.2009460"/>
 <node id="529750638" visible="true" version="2" changeset="83985014" timestamp="2020-04-23T08:02:48Z" user="Min_T" uid="8386494" lat="35.8372242" lon="129.2011929"/>
 <node id="529750639" visible="true" version="1" changeset="2831781" timestamp="2009-10-13T00:52:12Z" user="generalred" uid="118851" lat="35.8369324" lon="129.2020084"/>
 <node id="529750640" visible="true" version="2" changeset="32845425" timestamp="2015-07-24T09:53:13Z" user="pratikyadav" uid="2905914" lat="35.8268346" lon="129.2108297"/>
 <node id="529750641" visible="true" version="2" changeset="32845425" timestamp="2015-07-24T09:53:13Z" user="pratikyadav" uid="2905914" lat="35.8268859" lon="129.2109039"/>
 <node id="529750642" visible="true" version="2" changeset="32845425" timestamp="2015-07-24T09:53:13Z" user="pratikyadav" uid="2905914" lat="35.8269445" lon="129.2109969"/>
 <node id="529750643" visible="true" version="2" changeset="32845425" timestamp="2015-07-24T09:53:13Z" user="pratikyadav" uid="2905914" lat="35.8270466" lon="129.2111284"/>
 <node id="529750644" visible="true" version="2" changeset="34253387" timestamp="2015-09-25T21:35:32Z" user="lucadelu" uid="13591" lat="35.8274537" lon="129.2117887"/>
 <node id="529750645" visible="true" version="2" changeset="34253387" timestamp="2015-09-25T21:35:32Z" user="lucadelu" uid="13591" lat="35.8277325" lon="129.2122295"/>
 <node id="529750646" visible="true" version="2" changeset="34253387" timestamp="2015-09-25T21:35:32Z" user="lucadelu" uid="13591" lat="35.8278610" lon="129.2124400"/>
 <node id="529750647" visible="true" version="3" changeset="32845425" timestamp="2015-07-24T09:53:13Z" user="pratikyadav" uid="2905914" lat="35.8276371" lon="129.2126420"/>
 <node id="529750648" visible="true" version="2" changeset="32845425" timestamp="2015-07-24T09:53:13Z" user="pratikyadav" uid="2905914" lat="35.8271522" lon="129.2119396"/>
 <node id="529750649" visible="true" version="3" changeset="34253387" timestamp="2015-09-25T21:35:32Z" user="lucadelu" uid="13591" lat="35.8279265" lon="129.2131203"/>
 <node id="529750650" visible="true" version="2" changeset="34253387" timestamp="2015-09-25T21:35:32Z" user="lucadelu" uid="13591" lat="35.8281781" lon="129.2129132"/>
 <node id="529750651" visible="true" version="2" changeset="34253387" timestamp="2015-09-25T21:35:32Z" user="lucadelu" uid="13591" lat="35.8285019" lon="129.2134533"/>
 <node id="529750652" visible="true" version="2" changeset="34253387" timestamp="2015-09-25T21:35:32Z" user="lucadelu" uid="13591" lat="35.8283147" lon="129.2139770"/>
 <node id="529750653" visible="true" version="2" changeset="34253387" timestamp="2015-09-25T21:35:32Z" user="lucadelu" uid="13591" lat="35.8281900" lon="129.2136979"/>
 <node id="529750654" visible="true" version="2" changeset="34253387" timestamp="2015-09-25T21:35:32Z" user="lucadelu" uid="13591" lat="35.8281192" lon="129.2134512"/>
 <node id="529750655" visible="true" version="2" changeset="34253387" timestamp="2015-09-25T21:35:32Z" user="lucadelu" uid="13591" lat="35.8287697" lon="129.2139302"/>
 <node id="529750656" visible="true" version="2" changeset="34253387" timestamp="2015-09-25T21:35:32Z" user="lucadelu" uid="13591" lat="35.8289615" lon="129.2142078"/>
 <node id="529750657" visible="true" version="2" changeset="34253387" timestamp="2015-09-25T21:35:32Z" user="lucadelu" uid="13591" lat="35.8285975" lon="129.2143937"/>
 <node id="529750658" visible="true" version="2" changeset="34253387" timestamp="2015-09-25T21:35:32Z" user="lucadelu" uid="13591" lat="35.8292469" lon="129.2148703"/>
 <node id="529750659" visible="true" version="2" changeset="34253387" timestamp="2015-09-25T21:35:32Z" user="lucadelu" uid="13591" lat="35.8292762" lon="129.2150702"/>
 <node id="529750660" visible="true" version="1" changeset="2831781" timestamp="2009-10-13T00:52:13Z" user="generalred" uid="118851" lat="35.8290047" lon="129.2156604"/>
 <node id="529750661" visible="true" version="2" changeset="34253387" timestamp="2015-09-25T21:35:32Z" user="lucadelu" uid="13591" lat="35.8288325" lon="129.2153126"/>
 <node id="529750663" visible="true" version="2" changeset="34253387" timestamp="2015-09-25T21:35:32Z" user="lucadelu" uid="13591" lat="35.8287140" lon="129.2149659"/>
 <node id="529750664" visible="true" version="2" changeset="34253387" timestamp="2015-09-25T21:35:32Z" user="lucadelu" uid="13591" lat="35.8293341" lon="129.2152290"/>
 <node id="529750665" visible="true" version="2" changeset="34253387" timestamp="2015-09-25T21:35:32Z" user="lucadelu" uid="13591" lat="35.8293406" lon="129.2154116"/>
 <node id="529750666" visible="true" version="2" changeset="34253387" timestamp="2015-09-25T21:35:32Z" user="lucadelu" uid="13591" lat="35.8293811" lon="129.2155277"/>
 <node id="529750667" visible="true" version="2" changeset="34253387" timestamp="2015-09-25T21:35:32Z" user="lucadelu" uid="13591" lat="35.8294395" lon="129.2157030"/>
 <node id="529750668" visible="true" version="3" changeset="92046134" timestamp="2020-10-06T11:35:14Z" user="season3" uid="7863825" lat="35.8289486" lon="129.2185868"/>
 <node id="529750669" visible="true" version="1" changeset="2831781" timestamp="2009-10-13T00:52:13Z" user="generalred" uid="118851" lat="35.8290691" lon="129.2163749"/>
 <node id="529750670" visible="true" version="1" changeset="2831781" timestamp="2009-10-13T00:52:13Z" user="generalred" uid="118851" lat="35.8290433" lon="129.2161209"/>
 <node id="529750671" visible="true" version="2" changeset="73231721" timestamp="2019-08-11T01:36:39Z" user="TristanOSM" uid="689386" lat="35.8292425" lon="129.2191444"/>
 <node id="529750672" visible="true" version="3" changeset="92046134" timestamp="2020-10-06T11:35:14Z" user="season3" uid="7863825" lat="35.8292048" lon="129.2196304"/>
 <node id="529750673" visible="true" version="3" changeset="92046134" timestamp="2020-10-06T11:35:14Z" user="season3" uid="7863825" lat="35.8291808" lon="129.2197323"/>
 <node id="529750674" visible="true" version="2" changeset="92046134" timestamp="2020-10-06T11:35:14Z" user="season3" uid="7863825" lat="35.8288264" lon="129.2196840"/>
 <node id="529750675" visible="true" version="2" changeset="92046134" timestamp="2020-10-06T11:35:14Z" user="season3" uid="7863825" lat="35.8288568" lon="129.2195848"/>
 <node id="529750676" visible="true" version="2" changeset="92046134" timestamp="2020-10-06T11:35:14Z" user="season3" uid="7863825" lat="35.8288960" lon="129.2194077"/>
 <node id="529750677" visible="true" version="2" changeset="92046134" timestamp="2020-10-06T11:35:14Z" user="season3" uid="7863825" lat="35.8289236" lon="129.2191432"/>
 <node id="529750678" visible="true" version="3" changeset="92046134" timestamp="2020-10-06T11:35:14Z" user="season3" uid="7863825" lat="35.8289282" lon="129.2188785"/>
 <node id="529750679" visible="true" version="2" changeset="92046134" timestamp="2020-10-06T11:35:14Z" user="season3" uid="7863825" lat="35.8289134" lon="129.2204082"/>
 <node id="529750680" visible="true" version="1" changeset="2831781" timestamp="2009-10-13T00:52:14Z" user="generalred" uid="118851" lat="35.8286185" lon="129.2204637"/>
 <node id="529750681" visible="true" version="1" changeset="2831781" timestamp="2009-10-13T00:52:14Z" user="generalred" uid="118851" lat="35.8286507" lon="129.2202969"/>
 <node id="529750682" visible="true" version="1" changeset="2831781" timestamp="2009-10-13T00:52:14Z" user="generalred" uid="118851" lat="35.8287086" lon="129.2201223"/>
 <node id="529750683" visible="true" version="1" changeset="2831781" timestamp="2009-10-13T00:52:14Z" user="generalred" uid="118851" lat="35.8287601" lon="129.2199079"/>
 <node id="529750684" visible="true" version="2" changeset="92046134" timestamp="2020-10-06T11:35:14Z" user="season3" uid="7863825" lat="35.8291112" lon="129.2198771"/>
 <node id="529750685" visible="true" version="2" changeset="92046134" timestamp="2020-10-06T11:35:14Z" user="season3" uid="7863825" lat="35.8290243" lon="129.2200649"/>
 <node id="529750686" visible="true" version="2" changeset="92046134" timestamp="2020-10-06T11:35:14Z" user="season3" uid="7863825" lat="35.8289612" lon="129.2202258"/>
 <node id="529750687" visible="true" version="2" changeset="92046134" timestamp="2020-10-06T11:35:14Z" user="season3" uid="7863825" lat="35.8288786" lon="129.2206174"/>
 <node id="529750688" visible="true" version="1" changeset="2831781" timestamp="2009-10-13T00:52:14Z" user="generalred" uid="118851" lat="35.8287923" lon="129.2211544"/>
 <node id="529750690" visible="true" version="1" changeset="2831781" timestamp="2009-10-13T00:52:14Z" user="generalred" uid="118851" lat="35.8286829" lon="129.2209003"/>
 <node id="529750691" visible="true" version="1" changeset="2831781" timestamp="2009-10-13T00:52:14Z" user="generalred" uid="118851" lat="35.8286249" lon="129.2206463"/>
 <node id="529750692" visible="true" version="2" changeset="92046134" timestamp="2020-10-06T11:35:14Z" user="season3" uid="7863825" lat="35.8288699" lon="129.2207918"/>
 <node id="529750693" visible="true" version="2" changeset="92046134" timestamp="2020-10-06T11:35:14Z" user="season3" uid="7863825" lat="35.8289416" lon="129.2209956"/>
 <node id="529750694" visible="true" version="1" changeset="2831781" timestamp="2009-10-13T00:52:15Z" user="generalred" uid="118851" lat="35.8291013" lon="129.2211703"/>
 <node id="529750695" visible="true" version="2" changeset="34253387" timestamp="2015-09-25T21:35:32Z" user="lucadelu" uid="13591" lat="35.8295132" lon="129.2159786"/>
 <node id="529750696" visible="true" version="2" changeset="34253387" timestamp="2015-09-25T21:35:32Z" user="lucadelu" uid="13591" lat="35.8295430" lon="129.2161797"/>
 <node id="529750697" visible="true" version="2" changeset="73231721" timestamp="2019-08-11T01:36:39Z" user="TristanOSM" uid="689386" lat="35.8295839" lon="129.2169411"/>
 <node id="529750698" visible="true" version="2" changeset="73231721" timestamp="2019-08-11T01:36:39Z" user="TristanOSM" uid="689386" lat="35.8295883" lon="129.2172422"/>
 <node id="529750699" visible="true" version="2" changeset="73231721" timestamp="2019-08-11T01:36:39Z" user="TristanOSM" uid="689386" lat="35.8295753" lon="129.2174958"/>
 <node id="529750700" visible="true" version="2" changeset="73231721" timestamp="2019-08-11T01:36:39Z" user="TristanOSM" uid="689386" lat="35.8295734" lon="129.2176203"/>
 <node id="529750701" visible="true" version="3" changeset="92046134" timestamp="2020-10-06T11:35:14Z" user="season3" uid="7863825" lat="35.8295553" lon="129.2178469"/>
 <node id="529750702" visible="true" version="4" changeset="172017710" timestamp="2025-09-16T14:14:17Z" user="hangukhistory" uid="17860844" lat="35.8295308" lon="129.2180352"/>
 <node id="529750703" visible="true" version="4" changeset="172017710" timestamp="2025-09-16T14:14:17Z" user="hangukhistory" uid="17860844" lat="35.8294500" lon="129.2182432"/>
 <node id="529750704" visible="true" version="4" changeset="172017710" timestamp="2025-09-16T14:14:17Z" user="hangukhistory" uid="17860844" lat="35.8294272" lon="129.2183841"/>
 <node id="529750705" visible="true" version="2" changeset="73231721" timestamp="2019-08-11T01:36:39Z" user="TristanOSM" uid="689386" lat="35.8292896" lon="129.2188651"/>
 <node id="529750707" visible="true" version="2" changeset="73231721" timestamp="2019-08-11T01:36:39Z" user="TristanOSM" uid="689386" lat="35.8289712" lon="129.2183111"/>
 <node id="529750708" visible="true" version="3" changeset="92046134" timestamp="2020-10-06T11:35:14Z" user="season3" uid="7863825" lat="35.8290344" lon="129.2174443"/>
 <node id="529750709" visible="true" version="3" changeset="92046134" timestamp="2020-10-06T11:35:14Z" user="season3" uid="7863825" lat="35.8290816" lon="129.2170206"/>
 <node id="529750710" visible="true" version="3" changeset="92046134" timestamp="2020-10-06T11:35:14Z" user="season3" uid="7863825" lat="35.8290977" lon="129.2167401"/>
 <node id="529750711" visible="true" version="1" changeset="2831781" timestamp="2009-10-13T00:52:15Z" user="generalred" uid="118851" lat="35.8247047" lon="129.2259497"/>
 <node id="529750712" visible="true" version="1" changeset="2831781" timestamp="2009-10-13T00:52:15Z" user="generalred" uid="118851" lat="35.8244859" lon="129.2259339"/>
 <node id="529750713" visible="true" version="1" changeset="2831781" timestamp="2009-10-13T00:52:15Z" user="generalred" uid="118851" lat="35.8243764" lon="129.2260132"/>
 <node id="529750714" visible="true" version="1" changeset="2831781" timestamp="2009-10-13T00:52:15Z" user="generalred" uid="118851" lat="35.8243185" lon="129.2261323"/>
 <node id="529750715" visible="true" version="1" changeset="2831781" timestamp="2009-10-13T00:52:15Z" user="generalred" uid="118851" lat="35.8241447" lon="129.2265849"/>
 <node id="529750716" visible="true" version="1" changeset="2831781" timestamp="2009-10-13T00:52:15Z" user="generalred" uid="118851" lat="35.8239838" lon="129.2265928"/>
 <node id="529750717" visible="true" version="1" changeset="2831781" timestamp="2009-10-13T00:52:15Z" user="generalred" uid="118851" lat="35.8240996" lon="129.2262435"/>
 <node id="529750718" visible="true" version="1" changeset="2831781" timestamp="2009-10-13T00:52:16Z" user="generalred" uid="118851" lat="35.8242091" lon="129.2260688"/>
 <node id="529750719" visible="true" version="1" changeset="2831781" timestamp="2009-10-13T00:52:16Z" user="generalred" uid="118851" lat="35.8242927" lon="129.2259259"/>
 <node id="529750720" visible="true" version="1" changeset="2831781" timestamp="2009-10-13T00:52:16Z" user="generalred" uid="118851" lat="35.8244730" lon="129.2258068"/>
 <node id="529750721" visible="true" version="1" changeset="2831781" timestamp="2009-10-13T00:52:16Z" user="generalred" uid="118851" lat="35.8247047" lon="129.2257751"/>
 <node id="529750722" visible="true" version="1" changeset="2831781" timestamp="2009-10-13T00:52:16Z" user="generalred" uid="118851" lat="35.8249622" lon="129.2258068"/>
 <node id="529750723" visible="true" version="1" changeset="2831781" timestamp="2009-10-13T00:52:16Z" user="generalred" uid="118851" lat="35.8263269" lon="129.2263070"/>
 <node id="529750724" visible="true" version="1" changeset="2831781" timestamp="2009-10-13T00:52:16Z" user="generalred" uid="118851" lat="35.8261016" lon="129.2262514"/>
 <node id="529750725" visible="true" version="2" changeset="172019808" timestamp="2025-09-16T14:55:26Z" user="hangukhistory" uid="17860844" lat="35.8259899" lon="129.2262519"/>
 <node id="529750726" visible="true" version="1" changeset="2831781" timestamp="2009-10-13T00:52:16Z" user="generalred" uid="118851" lat="35.8252776" lon="129.2262276"/>
 <node id="529750727" visible="true" version="1" changeset="2831781" timestamp="2009-10-13T00:52:16Z" user="generalred" uid="118851" lat="35.8250781" lon="129.2260371"/>
 <node id="529750728" visible="true" version="1" changeset="2831781" timestamp="2009-10-13T00:52:16Z" user="generalred" uid="118851" lat="35.8252583" lon="129.2259259"/>
 <node id="529750729" visible="true" version="1" changeset="2831781" timestamp="2009-10-13T00:52:16Z" user="generalred" uid="118851" lat="35.8258699" lon="129.2260291"/>
 <node id="529750730" visible="true" version="1" changeset="2831781" timestamp="2009-10-13T00:52:16Z" user="generalred" uid="118851" lat="35.8261274" lon="129.2260768"/>
 <node id="529750731" visible="true" version="2" changeset="172019808" timestamp="2025-09-16T14:55:26Z" user="hangukhistory" uid="17860844" lat="35.8263255" lon="129.2260408"/>
 <node id="529750732" visible="true" version="1" changeset="2831781" timestamp="2009-10-13T00:52:16Z" user="generalred" uid="118851" lat="35.8236168" lon="129.2321503"/>
 <node id="529750734" visible="true" version="1" changeset="2831781" timestamp="2009-10-13T00:52:16Z" user="generalred" uid="118851" lat="35.8231984" lon="129.2320630"/>
 <node id="529750735" visible="true" version="1" changeset="2831781" timestamp="2009-10-13T00:52:16Z" user="generalred" uid="118851" lat="35.8233786" lon="129.2319598"/>
 <node id="529750736" visible="true" version="1" changeset="2831781" timestamp="2009-10-13T00:52:16Z" user="generalred" uid="118851" lat="35.8235074" lon="129.2319280"/>
 <node id="529750737" visible="true" version="1" changeset="2831781" timestamp="2009-10-13T00:52:16Z" user="generalred" uid="118851" lat="35.8241447" lon="129.2270136"/>
 <node id="529750738" visible="true" version="1" changeset="2831781" timestamp="2009-10-13T00:52:16Z" user="generalred" uid="118851" lat="35.8241254" lon="129.2273947"/>
 <node id="529750739" visible="true" version="1" changeset="2831781" timestamp="2009-10-13T00:52:16Z" user="generalred" uid="118851" lat="35.8241382" lon="129.2279346"/>
 <node id="529750740" visible="true" version="1" changeset="2831781" timestamp="2009-10-13T00:52:16Z" user="generalred" uid="118851" lat="35.8243056" lon="129.2280775"/>
 <node id="529750741" visible="true" version="1" changeset="2831781" timestamp="2009-10-13T00:52:16Z" user="generalred" uid="118851" lat="35.8243764" lon="129.2282045"/>
 <node id="529750742" visible="true" version="1" changeset="2831781" timestamp="2009-10-13T00:52:16Z" user="generalred" uid="118851" lat="35.8244859" lon="129.2285221"/>
 <node id="529750743" visible="true" version="1" changeset="2831781" timestamp="2009-10-13T00:52:16Z" user="generalred" uid="118851" lat="35.8244923" lon="129.2287285"/>
 <node id="529750744" visible="true" version="1" changeset="2831781" timestamp="2009-10-13T00:52:17Z" user="generalred" uid="118851" lat="35.8245374" lon="129.2290619"/>
 <node id="529750745" visible="true" version="1" changeset="2831781" timestamp="2009-10-13T00:52:17Z" user="generalred" uid="118851" lat="35.8245631" lon="129.2293398"/>
 <node id="529750746" visible="true" version="1" changeset="2831781" timestamp="2009-10-13T00:52:17Z" user="generalred" uid="118851" lat="35.8243764" lon="129.2293001"/>
 <node id="529750747" visible="true" version="1" changeset="2831781" timestamp="2009-10-13T00:52:17Z" user="generalred" uid="118851" lat="35.8242670" lon="129.2289746"/>
 <node id="529750748" visible="true" version="2" changeset="15620472" timestamp="2013-04-05T14:04:20Z" user="user_615842" uid="615842" lat="35.8241308" lon="129.2285558"/>
 <node id="529750749" visible="true" version="2" changeset="15620472" timestamp="2013-04-05T14:04:20Z" user="user_615842" uid="615842" lat="35.8240906" lon="129.2282114"/>
 <node id="529750750" visible="true" version="2" changeset="15620472" timestamp="2013-04-05T14:04:20Z" user="user_615842" uid="615842" lat="35.8240349" lon="129.2278300"/>
 <node id="529750751" visible="true" version="2" changeset="15620472" timestamp="2013-04-05T14:04:20Z" user="user_615842" uid="615842" lat="35.8239930" lon="129.2273110"/>
 <node id="529750752" visible="true" version="2" changeset="15620472" timestamp="2013-04-05T14:04:20Z" user="user_615842" uid="615842" lat="35.8239451" lon="129.2268939"/>
 <node id="529750753" visible="true" version="1" changeset="2831781" timestamp="2009-10-13T00:52:17Z" user="generalred" uid="118851" lat="35.8242992" lon="129.2306895"/>
 <node id="529750754" visible="true" version="1" changeset="2831781" timestamp="2009-10-13T00:52:17Z" user="generalred" uid="118851" lat="35.8246017" lon="129.2294986"/>
 <node id="529750755" visible="true" version="1" changeset="2831781" timestamp="2009-10-13T00:52:17Z" user="generalred" uid="118851" lat="35.8246339" lon="129.2297923"/>
 <node id="529750756" visible="true" version="1" changeset="2831781" timestamp="2009-10-13T00:52:17Z" user="generalred" uid="118851" lat="35.8246725" lon="129.2299988"/>
 <node id="529750757" visible="true" version="1" changeset="2831781" timestamp="2009-10-13T00:52:17Z" user="generalred" uid="118851" lat="35.8246146" lon="129.2301973"/>
 <node id="529750758" visible="true" version="1" changeset="2831781" timestamp="2009-10-13T00:52:17Z" user="generalred" uid="118851" lat="35.8244730" lon="129.2304037"/>
 <node id="529750759" visible="true" version="1" changeset="2831781" timestamp="2009-10-13T00:52:17Z" user="generalred" uid="118851" lat="35.8244279" lon="129.2306498"/>
 <node id="529750760" visible="true" version="1" changeset="2831781" timestamp="2009-10-13T00:52:17Z" user="generalred" uid="118851" lat="35.8244601" lon="129.2301179"/>
 <node id="529750762" visible="true" version="1" changeset="2831781" timestamp="2009-10-13T00:52:17Z" user="generalred" uid="118851" lat="35.8245052" lon="129.2297765"/>
 <node id="529750763" visible="true" version="1" changeset="2831781" timestamp="2009-10-13T00:52:17Z" user="generalred" uid="118851" lat="35.8242477" lon="129.2311262"/>
 <node id="529750764" visible="true" version="1" changeset="2831781" timestamp="2009-10-13T00:52:17Z" user="generalred" uid="118851" lat="35.8240481" lon="129.2313485"/>
 <node id="529750765" visible="true" version="1" changeset="2831781" timestamp="2009-10-13T00:52:17Z" user="generalred" uid="118851" lat="35.8240546" lon="129.2316422"/>
 <node id="529750766" visible="true" version="1" changeset="2831781" timestamp="2009-10-13T00:52:17Z" user="generalred" uid="118851" lat="35.8238936" lon="129.2318327"/>
 <node id="529750767" visible="true" version="1" changeset="2831781" timestamp="2009-10-13T00:52:17Z" user="generalred" uid="118851" lat="35.8237005" lon="129.2319915"/>
 <node id="529750768" visible="true" version="1" changeset="2831781" timestamp="2009-10-13T00:52:17Z" user="generalred" uid="118851" lat="35.8237263" lon="129.2318327"/>
 <node id="529750769" visible="true" version="1" changeset="2831781" timestamp="2009-10-13T00:52:17Z" user="generalred" uid="118851" lat="35.8239001" lon="129.2316501"/>
 <node id="529750770" visible="true" version="1" changeset="2831781" timestamp="2009-10-13T00:52:17Z" user="generalred" uid="118851" lat="35.8239323" lon="129.2312532"/>
 <node id="529750771" visible="true" version="1" changeset="2831781" timestamp="2009-10-13T00:52:18Z" user="generalred" uid="118851" lat="35.8240610" lon="129.2309912"/>
 <node id="529750772" visible="true" version="1" changeset="2831781" timestamp="2009-10-13T00:52:18Z" user="generalred" uid="118851" lat="35.8243957" lon="129.2308721"/>
 <node id="529750773" visible="true" version="1" changeset="2831781" timestamp="2009-10-13T00:52:18Z" user="generalred" uid="118851" lat="35.8180547" lon="129.2367631"/>
 <node id="529750774" visible="true" version="1" changeset="2831781" timestamp="2009-10-13T00:52:18Z" user="generalred" uid="118851" lat="35.8177779" lon="129.2369933"/>
 <node id="529750775" visible="true" version="1" changeset="2831781" timestamp="2009-10-13T00:52:18Z" user="generalred" uid="118851" lat="35.8176234" lon="129.2373188"/>
 <node id="529750776" visible="true" version="1" changeset="2831781" timestamp="2009-10-13T00:52:18Z" user="generalred" uid="118851" lat="35.8174560" lon="129.2375808"/>
 <node id="529750777" visible="true" version="1" changeset="2831781" timestamp="2009-10-13T00:52:18Z" user="generalred" uid="118851" lat="35.8172436" lon="129.2375411"/>
 <node id="529750778" visible="true" version="1" changeset="2831781" timestamp="2009-10-13T00:52:18Z" user="generalred" uid="118851" lat="35.8174238" lon="129.2372553"/>
 <node id="529750779" visible="true" version="1" changeset="2831781" timestamp="2009-10-13T00:52:18Z" user="generalred" uid="118851" lat="35.8176620" lon="129.2368742"/>
 <node id="529750780" visible="true" version="1" changeset="2831781" timestamp="2009-10-13T00:52:18Z" user="generalred" uid="118851" lat="35.8179453" lon="129.2366043"/>
 <node id="529750781" visible="true" version="1" changeset="2831781" timestamp="2009-10-13T00:52:18Z" user="generalred" uid="118851" lat="35.8181127" lon="129.2363581"/>
 <node id="529750782" visible="true" version="1" changeset="2831781" timestamp="2009-10-13T00:52:18Z" user="generalred" uid="118851" lat="35.8207200" lon="129.2348417"/>
 <node id="529750783" visible="true" version="1" changeset="2831781" timestamp="2009-10-13T00:52:18Z" user="generalred" uid="118851" lat="35.8202565" lon="129.2349767"/>
 <node id="529750784" visible="true" version="1" changeset="2831781" timestamp="2009-10-13T00:52:18Z" user="generalred" uid="118851" lat="35.8199732" lon="129.2350720"/>
 <node id="529750786" visible="true" version="1" changeset="2831781" timestamp="2009-10-13T00:52:19Z" user="generalred" uid="118851" lat="35.8196513" lon="129.2352070"/>
 <node id="529750787" visible="true" version="1" changeset="2831781" timestamp="2009-10-13T00:52:19Z" user="generalred" uid="118851" lat="35.8193230" lon="129.2353181"/>
 <node id="529750788" visible="true" version="1" changeset="2831781" timestamp="2009-10-13T00:52:19Z" user="generalred" uid="118851" lat="35.8190784" lon="129.2356436"/>
 <node id="529750789" visible="true" version="1" changeset="2831781" timestamp="2009-10-13T00:52:19Z" user="generalred" uid="118851" lat="35.8186857" lon="129.2360644"/>
 <node id="529750790" visible="true" version="1" changeset="2831781" timestamp="2009-10-13T00:52:19Z" user="generalred" uid="118851" lat="35.8184796" lon="129.2363264"/>
 <node id="529750791" visible="true" version="1" changeset="2831781" timestamp="2009-10-13T00:52:19Z" user="generalred" uid="118851" lat="35.8182221" lon="129.2365011"/>
 <node id="529750792" visible="true" version="1" changeset="2831781" timestamp="2009-10-13T00:52:19Z" user="generalred" uid="118851" lat="35.8183509" lon="129.2360882"/>
 <node id="529750793" visible="true" version="1" changeset="2831781" timestamp="2009-10-13T00:52:19Z" user="generalred" uid="118851" lat="35.8184539" lon="129.2359135"/>
 <node id="529750794" visible="true" version="1" changeset="2831781" timestamp="2009-10-13T00:52:19Z" user="generalred" uid="118851" lat="35.8185762" lon="129.2356992"/>
 <node id="529750795" visible="true" version="1" changeset="2831781" timestamp="2009-10-13T00:52:19Z" user="generalred" uid="118851" lat="35.8187500" lon="129.2355086"/>
 <node id="529750796" visible="true" version="1" changeset="2831781" timestamp="2009-10-13T00:52:19Z" user="generalred" uid="118851" lat="35.8191363" lon="129.2352387"/>
 <node id="529750797" visible="true" version="1" changeset="2831781" timestamp="2009-10-13T00:52:19Z" user="generalred" uid="118851" lat="35.8196835" lon="129.2348894"/>
 <node id="529750798" visible="true" version="1" changeset="2831781" timestamp="2009-10-13T00:52:19Z" user="generalred" uid="118851" lat="35.8203916" lon="129.2343971"/>
 <node id="529750799" visible="true" version="1" changeset="2831781" timestamp="2009-10-13T00:52:19Z" user="generalred" uid="118851" lat="35.8167350" lon="129.2381207"/>
 <node id="529750800" visible="true" version="1" changeset="2831781" timestamp="2009-10-13T00:52:19Z" user="generalred" uid="118851" lat="35.8165354" lon="129.2383985"/>
 <node id="529750801" visible="true" version="1" changeset="2831781" timestamp="2009-10-13T00:52:19Z" user="generalred" uid="118851" lat="35.8163294" lon="129.2385097"/>
 <node id="529750802" visible="true" version="1" changeset="2831781" timestamp="2009-10-13T00:52:19Z" user="generalred" uid="118851" lat="35.8161427" lon="129.2386923"/>
 <node id="529750803" visible="true" version="1" changeset="2831781" timestamp="2009-10-13T00:52:19Z" user="generalred" uid="118851" lat="35.8159946" lon="129.2389146"/>
 <node id="529750804" visible="true" version="1" changeset="2831781" timestamp="2009-10-13T00:52:19Z" user="generalred" uid="118851" lat="35.8158144" lon="129.2391528"/>
 <node id="529750805" visible="true" version="1" changeset="2831781" timestamp="2009-10-13T00:52:19Z" user="generalred" uid="118851" lat="35.8155890" lon="129.2394704"/>
 <node id="529750806" visible="true" version="1" changeset="2831781" timestamp="2009-10-13T00:52:19Z" user="generalred" uid="118851" lat="35.8156148" lon="129.2390734"/>
 <node id="529750807" visible="true" version="1" changeset="2831781" timestamp="2009-10-13T00:52:19Z" user="generalred" uid="118851" lat="35.8158852" lon="129.2387002"/>
 <node id="529750808" visible="true" version="1" changeset="2831781" timestamp="2009-10-13T00:52:19Z" user="generalred" uid="118851" lat="35.8162779" lon="129.2382874"/>
 <node id="529750809" visible="true" version="1" changeset="2831781" timestamp="2009-10-13T00:52:19Z" user="generalred" uid="118851" lat="35.8165418" lon="129.2379857"/>
 <node id="529750810" visible="true" version="1" changeset="2831781" timestamp="2009-10-13T00:52:19Z" user="generalred" uid="118851" lat="35.8173080" lon="129.2378031"/>
 <node id="529750811" visible="true" version="1" changeset="2831781" timestamp="2009-10-13T00:52:20Z" user="generalred" uid="118851" lat="35.8171663" lon="129.2378984"/>
 <node id="529750812" visible="true" version="1" changeset="2831781" timestamp="2009-10-13T00:52:20Z" user="generalred" uid="118851" lat="35.8168187" lon="129.2377634"/>
 <node id="529750813" visible="true" version="1" changeset="2831781" timestamp="2009-10-13T00:52:20Z" user="generalred" uid="118851" lat="35.8168831" lon="129.2378349"/>
 <node id="529750815" visible="true" version="1" changeset="2831781" timestamp="2009-10-13T00:52:20Z" user="generalred" uid="118851" lat="35.8171213" lon="129.2377475"/>
 <node id="529750816" visible="true" version="1" changeset="2831781" timestamp="2009-10-13T00:52:20Z" user="generalred" uid="118851" lat="35.8221040" lon="129.2336667"/>
 <node id="529750817" visible="true" version="1" changeset="2831781" timestamp="2009-10-13T00:52:20Z" user="generalred" uid="118851" lat="35.8216083" lon="129.2341590"/>
 <node id="529750818" visible="true" version="1" changeset="2831781" timestamp="2009-10-13T00:52:20Z" user="generalred" uid="118851" lat="35.8213959" lon="129.2342860"/>
 <node id="529750819" visible="true" version="1" changeset="2831781" timestamp="2009-10-13T00:52:20Z" user="generalred" uid="118851" lat="35.8210547" lon="129.2346274"/>
 <node id="529750820" visible="true" version="1" changeset="2831781" timestamp="2009-10-13T00:52:20Z" user="generalred" uid="118851" lat="35.8209453" lon="129.2340954"/>
 <node id="529750821" visible="true" version="1" changeset="2831781" timestamp="2009-10-13T00:52:20Z" user="generalred" uid="118851" lat="35.8211191" lon="129.2339764"/>
 <node id="529750822" visible="true" version="1" changeset="2831781" timestamp="2009-10-13T00:52:20Z" user="generalred" uid="118851" lat="35.8215762" lon="129.2335794"/>
 <node id="529750823" visible="true" version="1" changeset="2831781" timestamp="2009-10-13T00:52:20Z" user="generalred" uid="118851" lat="35.8218401" lon="129.2336350"/>
 <node id="529750824" visible="true" version="1" changeset="2831781" timestamp="2009-10-13T00:52:20Z" user="generalred" uid="118851" lat="35.8221427" lon="129.2333095"/>
 <node id="529750825" visible="true" version="1" changeset="2831781" timestamp="2009-10-13T00:52:20Z" user="generalred" uid="118851" lat="35.8234173" lon="129.2324282"/>
 <node id="529750826" visible="true" version="1" changeset="2831781" timestamp="2009-10-13T00:52:20Z" user="generalred" uid="118851" lat="35.8231211" lon="129.2326664"/>
 <node id="529750827" visible="true" version="1" changeset="2831781" timestamp="2009-10-13T00:52:20Z" user="generalred" uid="118851" lat="35.8229795" lon="129.2328807"/>
 <node id="529750828" visible="true" version="1" changeset="2831781" timestamp="2009-10-13T00:52:20Z" user="generalred" uid="118851" lat="35.8227156" lon="129.2331427"/>
 <node id="529750829" visible="true" version="1" changeset="2831781" timestamp="2009-10-13T00:52:20Z" user="generalred" uid="118851" lat="35.8224323" lon="129.2334127"/>
 <node id="529750830" visible="true" version="1" changeset="2831781" timestamp="2009-10-13T00:52:20Z" user="generalred" uid="118851" lat="35.8224903" lon="129.2329601"/>
 <node id="529750831" visible="true" version="1" changeset="2831781" timestamp="2009-10-13T00:52:20Z" user="generalred" uid="118851" lat="35.8227413" lon="129.2328569"/>
 <node id="529750832" visible="true" version="1" changeset="2831781" timestamp="2009-10-13T00:52:20Z" user="generalred" uid="118851" lat="35.8229216" lon="129.2325314"/>
 <node id="529750833" visible="true" version="1" changeset="2831781" timestamp="2009-10-13T00:52:20Z" user="generalred" uid="118851" lat="35.8229795" lon="129.2323012"/>
 <node id="529750834" visible="true" version="1" changeset="2831781" timestamp="2009-10-13T00:52:20Z" user="generalred" uid="118851" lat="35.8290112" lon="129.2213926"/>
 <node id="529750835" visible="true" version="1" changeset="2831781" timestamp="2009-10-13T00:52:20Z" user="generalred" uid="118851" lat="35.8288695" lon="129.2212894"/>
 <node id="529750836" visible="true" version="1" changeset="2831781" timestamp="2009-10-13T00:52:21Z" user="generalred" uid="118851" lat="35.8276143" lon="129.2263943"/>
 <node id="529750837" visible="true" version="1" changeset="2831781" timestamp="2009-10-13T00:52:21Z" user="generalred" uid="118851" lat="35.8269449" lon="129.2263705"/>
 <node id="529750838" visible="true" version="2" changeset="172019808" timestamp="2025-09-16T14:55:26Z" user="hangukhistory" uid="17860844" lat="35.8263765" lon="129.2259566"/>
 <node id="529750839" visible="true" version="2" changeset="172019808" timestamp="2025-09-16T14:55:26Z" user="hangukhistory" uid="17860844" lat="35.8270561" lon="129.2259733"/>
 <node id="529750840" visible="true" version="2" changeset="172019808" timestamp="2025-09-16T14:55:26Z" user="hangukhistory" uid="17860844" lat="35.8279972" lon="129.2260353"/>
 <node id="529750842" visible="true" version="1" changeset="2831781" timestamp="2009-10-13T00:52:21Z" user="generalred" uid="118851" lat="35.8290176" lon="129.2262117"/>
 <node id="529750843" visible="true" version="1" changeset="2831781" timestamp="2009-10-13T00:52:21Z" user="generalred" uid="118851" lat="35.8288245" lon="129.2263388"/>
 <node id="529750844" visible="true" version="1" changeset="2831781" timestamp="2009-10-13T00:52:21Z" user="generalred" uid="118851" lat="35.8285477" lon="129.2264737"/>
 <node id="529750845" visible="true" version="2" changeset="172019808" timestamp="2025-09-16T14:55:26Z" user="hangukhistory" uid="17860844" lat="35.8282814" lon="129.2261177"/>
 <node id="529750846" visible="true" version="2" changeset="172019808" timestamp="2025-09-16T14:55:26Z" user="hangukhistory" uid="17860844" lat="35.8283560" lon="129.2263343"/>
 <node id="529750847" visible="true" version="1" changeset="2831781" timestamp="2009-10-13T00:52:21Z" user="generalred" uid="118851" lat="35.8285413" lon="129.2263308"/>
 <node id="529750848" visible="true" version="2" changeset="172019808" timestamp="2025-09-16T14:55:26Z" user="hangukhistory" uid="17860844" lat="35.8289776" lon="129.2260885"/>
 <node id="529750849" visible="true" version="1" changeset="2831781" timestamp="2009-10-13T00:52:21Z" user="generalred" uid="118851" lat="35.8293008" lon="129.2213370"/>
 <node id="529750850" visible="true" version="1" changeset="2831781" timestamp="2009-10-13T00:52:21Z" user="generalred" uid="118851" lat="35.8295132" lon="129.2214561"/>
 <node id="529750851" visible="true" version="1" changeset="2831781" timestamp="2009-10-13T00:52:21Z" user="generalred" uid="118851" lat="35.8296162" lon="129.2213926"/>
 <node id="529750852" visible="true" version="1" changeset="2831781" timestamp="2009-10-13T00:52:21Z" user="generalred" uid="118851" lat="35.8297643" lon="129.2214402"/>
 <node id="529750853" visible="true" version="1" changeset="2831781" timestamp="2009-10-13T00:52:21Z" user="generalred" uid="118851" lat="35.8297063" lon="129.2217340"/>
 <node id="529750854" visible="true" version="1" changeset="2831781" timestamp="2009-10-13T00:52:21Z" user="generalred" uid="118851" lat="35.8294424" lon="129.2216069"/>
 <node id="529750855" visible="true" version="1" changeset="2831781" timestamp="2009-10-13T00:52:22Z" user="generalred" uid="118851" lat="35.8292171" lon="129.2215196"/>
 <node id="529750856" visible="true" version="1" changeset="2831781" timestamp="2009-10-13T00:52:22Z" user="generalred" uid="118851" lat="35.8300411" lon="129.2216149"/>
 <node id="529750857" visible="true" version="1" changeset="2831781" timestamp="2009-10-13T00:52:22Z" user="generalred" uid="118851" lat="35.8302599" lon="129.2217578"/>
 <node id="529750858" visible="true" version="1" changeset="2831781" timestamp="2009-10-13T00:52:22Z" user="generalred" uid="118851" lat="35.8304466" lon="129.2218927"/>
 <node id="529750859" visible="true" version="1" changeset="2831781" timestamp="2009-10-13T00:52:22Z" user="generalred" uid="118851" lat="35.8303951" lon="129.2221627"/>
 <node id="529750861" visible="true" version="1" changeset="2831781" timestamp="2009-10-13T00:52:22Z" user="generalred" uid="118851" lat="35.8302213" lon="129.2220277"/>
 <node id="529750862" visible="true" version="1" changeset="2831781" timestamp="2009-10-13T00:52:22Z" user="generalred" uid="118851" lat="35.8300217" lon="129.2218372"/>
 <node id="529750863" visible="true" version="1" changeset="2831781" timestamp="2009-10-13T00:52:22Z" user="generalred" uid="118851" lat="35.8305882" lon="129.2220515"/>
 <node id="529750864" visible="true" version="1" changeset="2831781" timestamp="2009-10-13T00:52:22Z" user="generalred" uid="118851" lat="35.8306654" lon="129.2222103"/>
 <node id="529750865" visible="true" version="1" changeset="2831781" timestamp="2009-10-13T00:52:22Z" user="generalred" uid="118851" lat="35.8308199" lon="129.2225755"/>
 <node id="529750866" visible="true" version="1" changeset="2831781" timestamp="2009-10-13T00:52:22Z" user="generalred" uid="118851" lat="35.8309229" lon="129.2228772"/>
 <node id="529750867" visible="true" version="1" changeset="2831781" timestamp="2009-10-13T00:52:22Z" user="generalred" uid="118851" lat="35.8310259" lon="129.2233059"/>
 <node id="529750868" visible="true" version="1" changeset="2831781" timestamp="2009-10-13T00:52:22Z" user="generalred" uid="118851" lat="35.8311096" lon="129.2237267"/>
 <node id="529750869" visible="true" version="1" changeset="2831781" timestamp="2009-10-13T00:52:22Z" user="generalred" uid="118851" lat="35.8307684" lon="129.2238935"/>
 <node id="529750870" visible="true" version="1" changeset="2831781" timestamp="2009-10-13T00:52:22Z" user="generalred" uid="118851" lat="35.8307427" lon="129.2235679"/>
 <node id="529750871" visible="true" version="1" changeset="2831781" timestamp="2009-10-13T00:52:22Z" user="generalred" uid="118851" lat="35.8307555" lon="129.2232504"/>
 <node id="529750872" visible="true" version="1" changeset="2831781" timestamp="2009-10-13T00:52:22Z" user="generalred" uid="118851" lat="35.8307362" lon="129.2230281"/>
 <node id="529750873" visible="true" version="1" changeset="2831781" timestamp="2009-10-13T00:52:22Z" user="generalred" uid="118851" lat="35.8306654" lon="129.2226946"/>
 <node id="529750874" visible="true" version="1" changeset="2831781" timestamp="2009-10-13T00:52:22Z" user="generalred" uid="118851" lat="35.8305560" lon="129.2223453"/>
 <node id="529750875" visible="true" version="1" changeset="2831781" timestamp="2009-10-13T00:52:22Z" user="generalred" uid="118851" lat="35.8297900" lon="129.2262038"/>
 <node id="529750876" visible="true" version="1" changeset="2831781" timestamp="2009-10-13T00:52:22Z" user="generalred" uid="118851" lat="35.8295068" lon="129.2261720"/>
 <node id="529750877" visible="true" version="1" changeset="2831781" timestamp="2009-10-13T00:52:22Z" user="generalred" uid="118851" lat="35.8292043" lon="129.2261879"/>
 <node id="529750878" visible="true" version="2" changeset="172019808" timestamp="2025-09-16T14:55:26Z" user="hangukhistory" uid="17860844" lat="35.8293444" lon="129.2259117"/>
 <node id="529750879" visible="true" version="2" changeset="172019808" timestamp="2025-09-16T14:55:26Z" user="hangukhistory" uid="17860844" lat="35.8298099" lon="129.2258665"/>
 <node id="529750880" visible="true" version="2" changeset="172019808" timestamp="2025-09-16T14:55:26Z" user="hangukhistory" uid="17860844" lat="35.8299647" lon="129.2259112"/>
 <node id="529750881" visible="true" version="1" changeset="2831781" timestamp="2009-10-13T00:52:23Z" user="generalred" uid="118851" lat="35.8304723" lon="129.2263229"/>
 <node id="529750882" visible="true" version="1" changeset="2831781" timestamp="2009-10-13T00:52:23Z" user="generalred" uid="118851" lat="35.8302599" lon="129.2263388"/>
 <node id="529750883" visible="true" version="1" changeset="2831781" timestamp="2009-10-13T00:52:23Z" user="generalred" uid="118851" lat="35.8300797" lon="129.2260450"/>
 <node id="529750884" visible="true" version="1" changeset="2831781" timestamp="2009-10-13T00:52:23Z" user="generalred" uid="118851" lat="35.8302535" lon="129.2261720"/>
 <node id="529750885" visible="true" version="1" changeset="2831781" timestamp="2009-10-13T00:52:23Z" user="generalred" uid="118851" lat="35.8304337" lon="129.2261006"/>
 <node id="529750886" visible="true" version="1" changeset="2831781" timestamp="2009-10-13T00:52:23Z" user="generalred" uid="118851" lat="35.8311096" lon="129.2240681"/>
 <node id="529750887" visible="true" version="1" changeset="2831781" timestamp="2009-10-13T00:52:23Z" user="generalred" uid="118851" lat="35.8311160" lon="129.2242110"/>
 <node id="529750888" visible="true" version="1" changeset="2831781" timestamp="2009-10-13T00:52:23Z" user="generalred" uid="118851" lat="35.8311739" lon="129.2243301"/>
 <node id="529750889" visible="true" version="1" changeset="2831781" timestamp="2009-10-13T00:52:23Z" user="generalred" uid="118851" lat="35.8311932" lon="129.2251955"/>
 <node id="529750891" visible="true" version="1" changeset="2831781" timestamp="2009-10-13T00:52:23Z" user="generalred" uid="118851" lat="35.8309551" lon="129.2251876"/>
 <node id="529750892" visible="true" version="1" changeset="2831781" timestamp="2009-10-13T00:52:23Z" user="generalred" uid="118851" lat="35.8309615" lon="129.2248144"/>
 <node id="529750893" visible="true" version="1" changeset="2831781" timestamp="2009-10-13T00:52:23Z" user="generalred" uid="118851" lat="35.8309615" lon="129.2245365"/>
 <node id="529750894" visible="true" version="1" changeset="2831781" timestamp="2009-10-13T00:52:23Z" user="generalred" uid="118851" lat="35.8309036" lon="129.2243698"/>
 <node id="529750895" visible="true" version="1" changeset="2831781" timestamp="2009-10-13T00:52:23Z" user="generalred" uid="118851" lat="35.8308392" lon="129.2242031"/>
 <node id="529750896" visible="true" version="1" changeset="2831781" timestamp="2009-10-13T00:52:23Z" user="generalred" uid="118851" lat="35.8312383" lon="129.2244413"/>
 <node id="529750897" visible="true" version="1" changeset="2831781" timestamp="2009-10-13T00:52:23Z" user="generalred" uid="118851" lat="35.8312383" lon="129.2247112"/>
 <node id="529750898" visible="true" version="1" changeset="2831781" timestamp="2009-10-13T00:52:23Z" user="generalred" uid="118851" lat="35.8312383" lon="129.2249097"/>
 <node id="529750899" visible="true" version="1" changeset="2831781" timestamp="2009-10-13T00:52:23Z" user="generalred" uid="118851" lat="35.8311160" lon="129.2253940"/>
 <node id="529750900" visible="true" version="1" changeset="2831781" timestamp="2009-10-13T00:52:23Z" user="generalred" uid="118851" lat="35.8309293" lon="129.2257512"/>
 <node id="529750901" visible="true" version="1" changeset="2831781" timestamp="2009-10-13T00:52:23Z" user="generalred" uid="118851" lat="35.8308457" lon="129.2260053"/>
 <node id="529750902" visible="true" version="1" changeset="2831781" timestamp="2009-10-13T00:52:23Z" user="generalred" uid="118851" lat="35.8307298" lon="129.2261006"/>
 <node id="529750903" visible="true" version="1" changeset="2831781" timestamp="2009-10-13T00:52:23Z" user="generalred" uid="118851" lat="35.8306847" lon="129.2258783"/>
 <node id="529750904" visible="true" version="1" changeset="2831781" timestamp="2009-10-13T00:52:23Z" user="generalred" uid="118851" lat="35.8308199" lon="129.2256083"/>
 <node id="529750905" visible="true" version="1" changeset="2831781" timestamp="2009-10-13T00:52:23Z" user="generalred" uid="118851" lat="35.8309422" lon="129.2253702"/>
 <node id="529750906" visible="true" version="1" changeset="2831781" timestamp="2009-10-13T00:52:24Z" user="generalred" uid="118851" lat="35.8396602" lon="129.2007679"/>
 <node id="529750907" visible="true" version="1" changeset="2831781" timestamp="2009-10-13T00:52:24Z" user="generalred" uid="118851" lat="35.8387552" lon="129.2012641"/>
 <node id="529750908" visible="true" version="1" changeset="2831781" timestamp="2009-10-13T00:52:24Z" user="generalred" uid="118851" lat="35.8375107" lon="129.2017913"/>
 <node id="529750909" visible="true" version="2" changeset="83985014" timestamp="2020-04-23T08:02:48Z" user="Min_T" uid="8386494" lat="35.8380025" lon="129.2008638"/>
 <node id="529750910" visible="true" version="2" changeset="83985014" timestamp="2020-04-23T08:02:48Z" user="Min_T" uid="8386494" lat="35.8385993" lon="129.2006234"/>
 <node id="529750912" visible="true" version="2" changeset="83985014" timestamp="2020-04-23T08:02:48Z" user="Min_T" uid="8386494" lat="35.8390244" lon="129.2001211"/>
 <node id="529750913" visible="true" version="2" changeset="83985014" timestamp="2020-04-23T08:02:48Z" user="Min_T" uid="8386494" lat="35.8393628" lon="129.1998114"/>
 <node id="529750916" visible="true" version="2" changeset="83985014" timestamp="2020-04-23T08:02:48Z" user="Min_T" uid="8386494" lat="35.8397516" lon="129.1994549"/>
 <node id="529750917" visible="true" version="1" changeset="2831781" timestamp="2009-10-13T00:52:24Z" user="generalred" uid="118851" lat="35.8428782" lon="129.1995894"/>
 <node id="529750918" visible="true" version="2" changeset="32732082" timestamp="2015-07-19T12:36:31Z" user="IRTC1015" uid="223224" lat="35.8424152" lon="129.1996605"/>
 <node id="529750919" visible="true" version="2" changeset="32732082" timestamp="2015-07-19T12:36:31Z" user="IRTC1015" uid="223224" lat="35.8411799" lon="129.2001648"/>
 <node id="529750924" visible="true" version="2" changeset="32732082" timestamp="2015-07-19T12:36:31Z" user="IRTC1015" uid="223224" lat="35.8403461" lon="129.1991313"/>
 <node id="529750925" visible="true" version="2" changeset="32732082" timestamp="2015-07-19T12:36:31Z" user="IRTC1015" uid="223224" lat="35.8447240" lon="129.1998086"/>
 <node id="529750926" visible="true" version="2" changeset="32732082" timestamp="2015-07-19T12:36:31Z" user="IRTC1015" uid="223224" lat="35.8436853" lon="129.1995725"/>
 <node id="529750930" visible="true" version="2" changeset="32732082" timestamp="2015-07-19T12:36:31Z" user="IRTC1015" uid="223224" lat="35.8505069" lon="129.2014973"/>
 <node id="529750931" visible="true" version="2" changeset="32732082" timestamp="2015-07-19T12:36:31Z" user="IRTC1015" uid="223224" lat="35.8494270" lon="129.2013345"/>
 <node id="529750932" visible="true" version="2" changeset="32732082" timestamp="2015-07-19T12:36:31Z" user="IRTC1015" uid="223224" lat="35.8484789" lon="129.2011159"/>
 <node id="529750933" visible="true" version="2" changeset="32732082" timestamp="2015-07-19T12:36:31Z" user="IRTC1015" uid="223224" lat="35.8500188" lon="129.1990627"/>
 <node id="529750934" visible="true" version="2" changeset="32732082" timestamp="2015-07-19T12:36:31Z" user="IRTC1015" uid="223224" lat="35.8503424" lon="129.1990627"/>
 <node id="529750936" visible="true" version="2" changeset="32732082" timestamp="2015-07-19T12:36:32Z" user="IRTC1015" uid="223224" lat="35.8523576" lon="129.2016193"/>
 <node id="529750938" visible="true" version="3" changeset="140948216" timestamp="2023-09-07T16:12:33Z" user="GOCHIDA" uid="9620250" lat="35.8514616" lon="129.1992629"/>
 <node id="529750940" visible="true" version="2" changeset="32732082" timestamp="2015-07-19T12:36:32Z" user="IRTC1015" uid="223224" lat="35.8518386" lon="129.1991695"/>
 <node id="529750941" visible="true" version="2" changeset="32732082" timestamp="2015-07-19T12:36:32Z" user="IRTC1015" uid="223224" lat="35.8523745" lon="129.1992585"/>
 <node id="529750943" visible="true" version="2" changeset="32732082" timestamp="2015-07-19T12:36:32Z" user="IRTC1015" uid="223224" lat="35.8528547" lon="129.1993576"/>
 <node id="529750944" visible="true" version="2" changeset="32732082" timestamp="2015-07-19T12:36:32Z" user="IRTC1015" uid="223224" lat="35.8534070" lon="129.1994466"/>
 <node id="529750946" visible="true" version="2" changeset="32732082" timestamp="2015-07-19T12:36:32Z" user="IRTC1015" uid="223224" lat="35.8565019" lon="129.2014204"/>
 <node id="529750947" visible="true" version="1" changeset="2831781" timestamp="2009-10-13T00:52:25Z" user="generalred" uid="118851" lat="35.8558116" lon="129.2014502"/>
 <node id="529750949" visible="true" version="2" changeset="32732082" timestamp="2015-07-19T12:36:32Z" user="IRTC1015" uid="223224" lat="35.8540500" lon="129.1995661"/>
 <node id="529750950" visible="true" version="2" changeset="32732082" timestamp="2015-07-19T12:36:32Z" user="IRTC1015" uid="223224" lat="35.8547774" lon="129.1993068"/>
 <node id="529750952" visible="true" version="2" changeset="32732082" timestamp="2015-07-19T12:36:32Z" user="IRTC1015" uid="223224" lat="35.8556460" lon="129.1990810"/>
 <node id="529750953" visible="true" version="2" changeset="32732082" timestamp="2015-07-19T12:36:32Z" user="IRTC1015" uid="223224" lat="35.8563863" lon="129.1989803"/>
 <node id="529750954" visible="true" version="2" changeset="32732082" timestamp="2015-07-19T12:36:32Z" user="IRTC1015" uid="223224" lat="35.8572086" lon="129.2016146"/>
 <node id="529750955" visible="true" version="2" changeset="32732082" timestamp="2015-07-19T12:36:32Z" user="IRTC1015" uid="223224" lat="35.8568633" lon="129.2014905"/>
 <node id="529750956" visible="true" version="2" changeset="32732082" timestamp="2015-07-19T12:36:32Z" user="IRTC1015" uid="223224" lat="35.8571543" lon="129.1991911"/>
 <node id="529750957" visible="true" version="2" changeset="32732082" timestamp="2015-07-19T12:36:32Z" user="IRTC1015" uid="223224" lat="35.8575500" lon="129.1990488"/>
 <node id="529750958" visible="true" version="2" changeset="32732082" timestamp="2015-07-19T12:36:32Z" user="IRTC1015" uid="223224" lat="35.8580384" lon="129.1988225"/>
 <node id="529750959" visible="true" version="2" changeset="32732082" timestamp="2015-07-19T12:36:32Z" user="IRTC1015" uid="223224" lat="35.8583537" lon="129.1987843"/>
 <node id="529750963" visible="true" version="2" changeset="32732082" timestamp="2015-07-19T12:36:32Z" user="IRTC1015" uid="223224" lat="35.8586360" lon="129.1989776"/>
 <node id="529750964" visible="true" version="2" changeset="32732082" timestamp="2015-07-19T12:36:32Z" user="IRTC1015" uid="223224" lat="35.8580407" lon="129.2021863"/>
 <node id="529750965" visible="true" version="2" changeset="32732082" timestamp="2015-07-19T12:36:32Z" user="IRTC1015" uid="223224" lat="35.8590301" lon="129.2030295"/>
 <node id="529751135" visible="true" version="2" changeset="32732082" timestamp="2015-07-19T12:36:32Z" user="IRTC1015" uid="223224" lat="35.8590749" lon="129.1990513"/>
 <node id="529751136" visible="true" version="2" changeset="32732082" timestamp="2015-07-19T12:36:32Z" user="IRTC1015" uid="223224" lat="35.8596540" lon="129.1993081"/>
 <node id="529751137" visible="true" version="2" changeset="32732082" timestamp="2015-07-19T12:36:32Z" user="IRTC1015" uid="223224" lat="35.8601650" lon="129.1998293"/>
 <node id="529751138" visible="true" version="2" changeset="32732082" timestamp="2015-07-19T12:36:32Z" user="IRTC1015" uid="223224" lat="35.8602846" lon="129.2001650"/>
 <node id="529751139" visible="true" version="2" changeset="32732082" timestamp="2015-07-19T12:36:32Z" user="IRTC1015" uid="223224" lat="35.8602454" lon="129.2006252"/>
 <node id="529751140" visible="true" version="2" changeset="32732082" timestamp="2015-07-19T12:36:32Z" user="IRTC1015" uid="223224" lat="35.8603134" lon="129.2009583"/>
 <node id="529751141" visible="true" version="2" changeset="32732082" timestamp="2015-07-19T12:36:32Z" user="IRTC1015" uid="223224" lat="35.8604947" lon="129.2012304"/>
 <node id="529751142" visible="true" version="1" changeset="2831781" timestamp="2009-10-13T00:52:34Z" user="generalred" uid="118851" lat="35.8607517" lon="129.2015523"/>
 <node id="529751143" visible="true" version="1" changeset="2831781" timestamp="2009-10-13T00:52:34Z" user="generalred" uid="118851" lat="35.8611442" lon="129.2017508"/>
 <node id="529751145" visible="true" version="2" changeset="32732082" timestamp="2015-07-19T12:36:32Z" user="IRTC1015" uid="223224" lat="35.8595445" lon="129.2038044"/>
 <node id="529751146" visible="true" version="2" changeset="32732082" timestamp="2015-07-19T12:36:32Z" user="IRTC1015" uid="223224" lat="35.8594191" lon="129.2034592"/>
 <node id="529751147" visible="true" version="2" changeset="32732082" timestamp="2015-07-19T12:36:32Z" user="IRTC1015" uid="223224" lat="35.8607765" lon="129.2039448"/>
 <node id="529751148" visible="true" version="2" changeset="32732082" timestamp="2015-07-19T12:36:32Z" user="IRTC1015" uid="223224" lat="35.8606074" lon="129.2039016"/>
 <node id="529751149" visible="true" version="2" changeset="32732082" timestamp="2015-07-19T12:36:32Z" user="IRTC1015" uid="223224" lat="35.8603962" lon="129.2039646"/>
 <node id="529751152" visible="true" version="2" changeset="32732082" timestamp="2015-07-19T12:36:32Z" user="IRTC1015" uid="223224" lat="35.8613069" lon="129.2041318"/>
 <node id="529751157" visible="true" version="1" changeset="2831781" timestamp="2009-10-13T00:52:34Z" user="generalred" uid="118851" lat="35.8621801" lon="129.2021160"/>
 <node id="529751158" visible="true" version="1" changeset="2831781" timestamp="2009-10-13T00:52:34Z" user="generalred" uid="118851" lat="35.8627077" lon="129.2023938"/>
 <node id="529751159" visible="true" version="1" changeset="2831781" timestamp="2009-10-13T00:52:34Z" user="generalred" uid="118851" lat="35.8635056" lon="129.2027273"/>
 <node id="529751160" visible="true" version="2" changeset="32732082" timestamp="2015-07-19T12:36:32Z" user="IRTC1015" uid="223224" lat="35.8628183" lon="129.2045848"/>
 <node id="529766222" visible="true" version="1" changeset="2831847" timestamp="2009-10-13T01:20:52Z" user="generalred" uid="118851" lat="35.8629474" lon="129.2046457"/>
 <node id="529766223" visible="true" version="1" changeset="2831847" timestamp="2009-10-13T01:20:52Z" user="generalred" uid="118851" lat="35.8648497" lon="129.2035325"/>
 <node id="529766224" visible="true" version="1" changeset="2831847" timestamp="2009-10-13T01:20:53Z" user="generalred" uid="118851" lat="35.8641159" lon="129.2031852"/>
 <node id="529766225" visible="true" version="2" changeset="140947764" timestamp="2023-09-07T16:03:12Z" user="GOCHIDA" uid="9620250" lat="35.8631134" lon="129.2047152"/>
 <node id="529766226" visible="true" version="2" changeset="140947764" timestamp="2023-09-07T16:03:12Z" user="GOCHIDA" uid="9620250" lat="35.8633610" lon="129.2047646"/>
 <node id="529766227" visible="true" version="2" changeset="140947764" timestamp="2023-09-07T16:03:12Z" user="GOCHIDA" uid="9620250" lat="35.8636660" lon="129.2048721"/>
 <node id="529766228" visible="true" version="2" changeset="88920863" timestamp="2020-08-04T09:49:39Z" user="Kalixalven" uid="10811187" lat="35.8639349" lon="129.2052054"/>
 <node id="529766229" visible="true" version="2" changeset="88920863" timestamp="2020-08-04T09:49:39Z" user="Kalixalven" uid="10811187" lat="35.8642044" lon="129.2053610"/>
 <node id="529766230" visible="true" version="2" changeset="88920863" timestamp="2020-08-04T09:49:39Z" user="Kalixalven" uid="10811187" lat="35.8645348" lon="129.2056024"/>
 <node id="529766231" visible="true" version="1" changeset="2831847" timestamp="2009-10-13T01:20:53Z" user="generalred" uid="118851" lat="35.8658249" lon="129.2042892"/>
 <node id="529766232" visible="true" version="1" changeset="2831847" timestamp="2009-10-13T01:20:53Z" user="generalred" uid="118851" lat="35.8651614" lon="129.2037682"/>
 <node id="529766233" visible="true" version="3" changeset="140947764" timestamp="2023-09-07T16:03:12Z" user="GOCHIDA" uid="9620250" lat="35.8652976" lon="129.2060753"/>
 <node id="529766234" visible="true" version="3" changeset="140947764" timestamp="2023-09-07T16:03:12Z" user="GOCHIDA" uid="9620250" lat="35.8656646" lon="129.2061706"/>
 <node id="529766235" visible="true" version="3" changeset="140947764" timestamp="2023-09-07T16:03:12Z" user="GOCHIDA" uid="9620250" lat="35.8658399" lon="129.2062900"/>
 <node id="529766236" visible="true" version="2" changeset="88920863" timestamp="2020-08-04T09:49:39Z" user="Kalixalven" uid="10811187" lat="35.8664737" lon="129.2066163"/>
 <node id="529766238" visible="true" version="2" changeset="88920863" timestamp="2020-08-04T09:49:39Z" user="Kalixalven" uid="10811187" lat="35.8671084" lon="129.2070132"/>
 <node id="529766239" visible="true" version="2" changeset="88920863" timestamp="2020-08-04T09:49:39Z" user="Kalixalven" uid="10811187" lat="35.8678561" lon="129.2074960"/>
 <node id="529766241" visible="true" version="1" changeset="2831847" timestamp="2009-10-13T01:20:53Z" user="generalred" uid="118851" lat="35.8671217" lon="129.2048227"/>
 <node id="529766243" visible="true" version="2" changeset="88920863" timestamp="2020-08-04T09:49:39Z" user="Kalixalven" uid="10811187" lat="35.8685604" lon="129.2080647"/>
 <node id="529766244" visible="true" version="2" changeset="140947764" timestamp="2023-09-07T16:03:12Z" user="GOCHIDA" uid="9620250" lat="35.8692725" lon="129.2085959"/>
 <node id="529766256" visible="true" version="1" changeset="2831847" timestamp="2009-10-13T01:20:54Z" user="generalred" uid="118851" lat="35.8701074" lon="129.2070060"/>
 <node id="529766257" visible="true" version="1" changeset="2831847" timestamp="2009-10-13T01:20:54Z" user="generalred" uid="118851" lat="35.8696450" lon="129.2066214"/>
 <node id="529766259" visible="true" version="1" changeset="2831847" timestamp="2009-10-13T01:20:54Z" user="generalred" uid="118851" lat="35.8691825" lon="129.2060508"/>
 <node id="529766261" visible="true" version="1" changeset="2831847" timestamp="2009-10-13T01:20:54Z" user="generalred" uid="118851" lat="35.8686095" lon="129.2056166"/>
 <node id="529766262" visible="true" version="1" changeset="2831847" timestamp="2009-10-13T01:20:54Z" user="generalred" uid="118851" lat="35.8678355" lon="129.2050087"/>
 <node id="529766264" visible="true" version="1" changeset="2831847" timestamp="2009-10-13T01:20:54Z" user="generalred" uid="118851" lat="35.8730024" lon="129.2101197"/>
 <node id="529766266" visible="true" version="1" changeset="2831847" timestamp="2009-10-13T01:20:54Z" user="generalred" uid="118851" lat="35.8723088" lon="129.2094870"/>
 <node id="529766268" visible="true" version="1" changeset="2831847" timestamp="2009-10-13T01:20:54Z" user="generalred" uid="118851" lat="35.8717560" lon="129.2087055"/>
 <node id="529766269" visible="true" version="1" changeset="2831847" timestamp="2009-10-13T01:20:54Z" user="generalred" uid="118851" lat="35.8708513" lon="129.2079736"/>
 <node id="529766271" visible="true" version="1" changeset="2831847" timestamp="2009-10-13T01:20:54Z" user="generalred" uid="118851" lat="35.8744901" lon="129.2100328"/>
 <node id="529766273" visible="true" version="1" changeset="2831847" timestamp="2009-10-13T01:20:54Z" user="generalred" uid="118851" lat="35.8735352" lon="129.2100825"/>
 <node id="529766278" visible="true" version="2" changeset="140947764" timestamp="2023-09-07T16:03:12Z" user="GOCHIDA" uid="9620250" lat="35.8719784" lon="129.2106953"/>
 <node id="529766279" visible="true" version="2" changeset="140947764" timestamp="2023-09-07T16:03:12Z" user="GOCHIDA" uid="9620250" lat="35.8724446" lon="129.2111290"/>
 <node id="529766281" visible="true" version="2" changeset="140947764" timestamp="2023-09-07T16:03:12Z" user="GOCHIDA" uid="9620250" lat="35.8728619" lon="129.2116531"/>
 <node id="529766283" visible="true" version="2" changeset="140947764" timestamp="2023-09-07T16:03:12Z" user="GOCHIDA" uid="9620250" lat="35.8733683" lon="129.2121987"/>
 <node id="529766284" visible="true" version="2" changeset="140947764" timestamp="2023-09-07T16:03:12Z" user="GOCHIDA" uid="9620250" lat="35.8738768" lon="129.2127203"/>
 <node id="529766286" visible="true" version="2" changeset="140947764" timestamp="2023-09-07T16:03:12Z" user="GOCHIDA" uid="9620250" lat="35.8745023" lon="129.2131205"/>
 <node id="529766288" visible="true" version="1" changeset="2831847" timestamp="2009-10-13T01:20:55Z" user="generalred" uid="118851" lat="35.8752038" lon="129.2103802"/>
 <node id="529766290" visible="true" version="2" changeset="140947764" timestamp="2023-09-07T16:03:12Z" user="GOCHIDA" uid="9620250" lat="35.8762799" lon="129.2142490"/>
 <node id="529766291" visible="true" version="2" changeset="140947764" timestamp="2023-09-07T16:03:12Z" user="GOCHIDA" uid="9620250" lat="35.8774402" lon="129.2149223"/>
 <node id="529766293" visible="true" version="2" changeset="140947764" timestamp="2023-09-07T16:03:12Z" user="GOCHIDA" uid="9620250" lat="35.8781008" lon="129.2152850"/>
 <node id="529766295" visible="true" version="1" changeset="2831847" timestamp="2009-10-13T01:20:55Z" user="generalred" uid="118851" lat="35.8774340" lon="129.2117634"/>
 <node id="529766296" visible="true" version="1" changeset="2831847" timestamp="2009-10-13T01:20:55Z" user="generalred" uid="118851" lat="35.8768686" lon="129.2112012"/>
 <node id="529766298" visible="true" version="1" changeset="2831847" timestamp="2009-10-13T01:20:55Z" user="generalred" uid="118851" lat="35.8758873" lon="129.2107523"/>
 <node id="529766300" visible="true" version="1" changeset="2831847" timestamp="2009-10-13T01:20:55Z" user="generalred" uid="118851" lat="35.8805751" lon="129.2134497"/>
 <node id="529766302" visible="true" version="1" changeset="2831847" timestamp="2009-10-13T01:20:55Z" user="generalred" uid="118851" lat="35.8800097" lon="129.2129457"/>
 <node id="529766303" visible="true" version="2" changeset="140947764" timestamp="2023-09-07T16:03:12Z" user="GOCHIDA" uid="9620250" lat="35.8788089" lon="129.2156935"/>
 <node id="529766305" visible="true" version="2" changeset="140947764" timestamp="2023-09-07T16:03:12Z" user="GOCHIDA" uid="9620250" lat="35.8792796" lon="129.2159940"/>
 <node id="529766307" visible="true" version="2" changeset="140947764" timestamp="2023-09-07T16:03:12Z" user="GOCHIDA" uid="9620250" lat="35.8799035" lon="129.2163293"/>
 <node id="529766308" visible="true" version="2" changeset="140947764" timestamp="2023-09-07T16:03:12Z" user="GOCHIDA" uid="9620250" lat="35.8807041" lon="129.2167854"/>
 <node id="529766310" visible="true" version="2" changeset="140947764" timestamp="2023-09-07T16:03:12Z" user="GOCHIDA" uid="9620250" lat="35.8811879" lon="129.2171064"/>
 <node id="529766312" visible="true" version="1" changeset="2831847" timestamp="2009-10-13T01:20:55Z" user="generalred" uid="118851" lat="35.8837317" lon="129.2148646"/>
 <node id="529766313" visible="true" version="1" changeset="2831847" timestamp="2009-10-13T01:20:55Z" user="generalred" uid="118851" lat="35.8823340" lon="129.2138761"/>
 <node id="529766315" visible="true" version="1" changeset="2831847" timestamp="2009-10-13T01:20:55Z" user="generalred" uid="118851" lat="35.8818568" lon="129.2175327"/>
 <node id="529766317" visible="true" version="1" changeset="2831847" timestamp="2009-10-13T01:20:55Z" user="generalred" uid="118851" lat="35.8825855" lon="129.2177498"/>
 <node id="529766318" visible="true" version="1" changeset="2831847" timestamp="2009-10-13T01:20:55Z" user="generalred" uid="118851" lat="35.8831885" lon="129.2180910"/>
 <node id="529766320" visible="true" version="1" changeset="2831847" timestamp="2009-10-13T01:20:55Z" user="generalred" uid="118851" lat="35.8838167" lon="129.2183391"/>
 <node id="529766322" visible="true" version="1" changeset="2831847" timestamp="2009-10-13T01:20:55Z" user="generalred" uid="118851" lat="35.8842062" lon="129.2186957"/>
 <node id="529766324" visible="true" version="1" changeset="2831847" timestamp="2009-10-13T01:20:55Z" user="generalred" uid="118851" lat="35.8847087" lon="129.2191299"/>
 <node id="529766325" visible="true" version="1" changeset="2831847" timestamp="2009-10-13T01:20:56Z" user="generalred" uid="118851" lat="35.8855881" lon="129.2196261"/>
 <node id="529766327" visible="true" version="1" changeset="2831847" timestamp="2009-10-13T01:20:56Z" user="generalred" uid="118851" lat="35.8863168" lon="129.2210062"/>
 <node id="529766328" visible="true" version="1" changeset="2831847" timestamp="2009-10-13T01:20:56Z" user="generalred" uid="118851" lat="35.8863072" lon="129.2172488"/>
 <node id="529766330" visible="true" version="1" changeset="2831847" timestamp="2009-10-13T01:20:56Z" user="generalred" uid="118851" lat="35.8879718" lon="129.2197298"/>
 <node id="529766332" visible="true" version="1" changeset="2831847" timestamp="2009-10-13T01:20:56Z" user="generalred" uid="118851" lat="35.8876891" lon="129.2186831"/>
 <node id="529766333" visible="true" version="1" changeset="2831847" timestamp="2009-10-13T01:20:56Z" user="generalred" uid="118851" lat="35.8873279" lon="129.2180628"/>
 <node id="529766335" visible="true" version="1" changeset="2831847" timestamp="2009-10-13T01:20:56Z" user="generalred" uid="118851" lat="35.8862665" lon="129.2221226"/>
 <node id="529766337" visible="true" version="1" changeset="2831847" timestamp="2009-10-13T01:20:56Z" user="generalred" uid="118851" lat="35.8866560" lon="129.2225568"/>
 <node id="529766338" visible="true" version="1" changeset="2831847" timestamp="2009-10-13T01:20:56Z" user="generalred" uid="118851" lat="35.8873344" lon="129.2234872"/>
 <node id="529766340" visible="true" version="1" changeset="2831847" timestamp="2009-10-13T01:20:56Z" user="generalred" uid="118851" lat="35.8875480" lon="129.2246502"/>
 <node id="529766342" visible="true" version="1" changeset="2831847" timestamp="2009-10-13T01:20:56Z" user="generalred" uid="118851" lat="35.8877741" lon="129.2259062"/>
 <node id="529766343" visible="true" version="1" changeset="2831847" timestamp="2009-10-13T01:20:56Z" user="generalred" uid="118851" lat="35.8892123" lon="129.2228311"/>
 <node id="529766345" visible="true" version="1" changeset="2831847" timestamp="2009-10-13T01:20:56Z" user="generalred" uid="118851" lat="35.8886784" lon="129.2218038"/>
 <node id="529766347" visible="true" version="1" changeset="2831847" timestamp="2009-10-13T01:20:56Z" user="generalred" uid="118851" lat="35.8905314" lon="129.2263782"/>
 <node id="529766348" visible="true" version="1" changeset="2831847" timestamp="2009-10-13T01:20:56Z" user="generalred" uid="118851" lat="35.8899190" lon="129.2251377"/>
 <node id="529766350" visible="true" version="1" changeset="2831847" timestamp="2009-10-13T01:20:56Z" user="generalred" uid="118851" lat="35.8902801" lon="129.2245174"/>
 <node id="529766352" visible="true" version="1" changeset="2831847" timestamp="2009-10-13T01:20:56Z" user="generalred" uid="118851" lat="35.8899661" lon="129.2238971"/>
 <node id="529766354" visible="true" version="2" changeset="140947764" timestamp="2023-09-07T16:03:12Z" user="GOCHIDA" uid="9620250" lat="35.8883024" lon="129.2269611"/>
 <node id="529766355" visible="true" version="2" changeset="140947764" timestamp="2023-09-07T16:03:12Z" user="GOCHIDA" uid="9620250" lat="35.8888379" lon="129.2280202"/>
 <node id="529766357" visible="true" version="2" changeset="140947764" timestamp="2023-09-07T16:03:12Z" user="GOCHIDA" uid="9620250" lat="35.8891637" lon="129.2289026"/>
 <node id="529766359" visible="true" version="2" changeset="140947764" timestamp="2023-09-07T16:03:12Z" user="GOCHIDA" uid="9620250" lat="35.8896117" lon="129.2294907"/>
 <node id="529766360" visible="true" version="1" changeset="2831847" timestamp="2009-10-13T01:20:56Z" user="generalred" uid="118851" lat="35.8920389" lon="129.2303905"/>
 <node id="529766362" visible="true" version="1" changeset="2831847" timestamp="2009-10-13T01:20:56Z" user="generalred" uid="118851" lat="35.8920860" lon="129.2295376"/>
 <node id="529766364" visible="true" version="1" changeset="2831847" timestamp="2009-10-13T01:20:56Z" user="generalred" uid="118851" lat="35.8914422" lon="129.2282002"/>
 <node id="529766365" visible="true" version="1" changeset="2831847" timestamp="2009-10-13T01:20:57Z" user="generalred" uid="118851" lat="35.8908297" lon="129.2272116"/>
 <node id="529766367" visible="true" version="1" changeset="2831847" timestamp="2009-10-13T01:20:57Z" user="generalred" uid="118851" lat="35.8929810" lon="129.2318830"/>
 <node id="529766369" visible="true" version="1" changeset="2831847" timestamp="2009-10-13T01:20:57Z" user="generalred" uid="118851" lat="35.8926042" lon="129.2307587"/>
 <node id="529766370" visible="true" version="1" changeset="2831847" timestamp="2009-10-13T01:20:57Z" user="generalred" uid="118851" lat="35.8934020" lon="129.2332097"/>
 <node id="529766372" visible="true" version="1" changeset="2831847" timestamp="2009-10-13T01:20:57Z" user="generalred" uid="118851" lat="35.8948341" lon="129.2343882"/>
 <node id="529766374" visible="true" version="1" changeset="2831847" timestamp="2009-10-13T01:20:57Z" user="generalred" uid="118851" lat="35.8955627" lon="129.2351170"/>
 <node id="529766376" visible="true" version="1" changeset="2831847" timestamp="2009-10-13T01:20:57Z" user="generalred" uid="118851" lat="35.8964168" lon="129.2361870"/>
 <node id="529766377" visible="true" version="1" changeset="2831847" timestamp="2009-10-13T01:20:57Z" user="generalred" uid="118851" lat="35.8970072" lon="129.2364816"/>
 <node id="529766379" visible="true" version="1" changeset="2831847" timestamp="2009-10-13T01:20:57Z" user="generalred" uid="118851" lat="35.8977735" lon="129.2365281"/>
 <node id="529766381" visible="true" version="1" changeset="2831847" timestamp="2009-10-13T01:20:57Z" user="generalred" uid="118851" lat="35.8975346" lon="129.2338019"/>
 <node id="529766382" visible="true" version="1" changeset="2831847" timestamp="2009-10-13T01:20:57Z" user="generalred" uid="118851" lat="35.8963413" lon="129.2338406"/>
 <node id="529766384" visible="true" version="1" changeset="2831847" timestamp="2009-10-13T01:20:57Z" user="generalred" uid="118851" lat="35.8955405" lon="129.2338794"/>
 <node id="529766386" visible="true" version="1" changeset="2831847" timestamp="2009-10-13T01:20:57Z" user="generalred" uid="118851" lat="35.8942843" lon="129.2329490"/>
 <node id="529766394" visible="true" version="1" changeset="2831847" timestamp="2009-10-13T01:20:57Z" user="generalred" uid="118851" lat="35.8996857" lon="129.2346935"/>
 <node id="529766396" visible="true" version="1" changeset="2831847" timestamp="2009-10-13T01:20:58Z" user="generalred" uid="118851" lat="35.8991989" lon="129.2343058"/>
 <node id="529766398" visible="true" version="1" changeset="2831847" timestamp="2009-10-13T01:20:58Z" user="generalred" uid="118851" lat="35.8985238" lon="129.2339182"/>
 <node id="529766399" visible="true" version="1" changeset="2831847" timestamp="2009-10-13T01:20:58Z" user="generalred" uid="118851" lat="35.9032027" lon="129.2357014"/>
 <node id="529766401" visible="true" version="1" changeset="2831847" timestamp="2009-10-13T01:20:58Z" user="generalred" uid="118851" lat="35.9017425" lon="129.2352556"/>
 <node id="529766403" visible="true" version="1" changeset="2831847" timestamp="2009-10-13T01:20:58Z" user="generalred" uid="118851" lat="35.9006277" lon="129.2349455"/>
 <node id="529766405" visible="true" version="1" changeset="2831847" timestamp="2009-10-13T01:20:58Z" user="generalred" uid="118851" lat="35.8982131" lon="129.2377841"/>
 <node id="529766406" visible="true" version="1" changeset="2831847" timestamp="2009-10-13T01:20:58Z" user="generalred" uid="118851" lat="35.8991677" lon="129.2378462"/>
 <node id="529766408" visible="true" version="1" changeset="2831847" timestamp="2009-10-13T01:20:58Z" user="generalred" uid="118851" lat="35.8996953" lon="129.2378927"/>
 <node id="529766410" visible="true" version="1" changeset="2831847" timestamp="2009-10-13T01:20:58Z" user="generalred" uid="118851" lat="35.9000470" lon="129.2376911"/>
 <node id="529766411" visible="true" version="1" changeset="2831847" timestamp="2009-10-13T01:20:58Z" user="generalred" uid="118851" lat="35.9004364" lon="129.2382183"/>
 <node id="529766413" visible="true" version="1" changeset="2831847" timestamp="2009-10-13T01:20:58Z" user="generalred" uid="118851" lat="35.9007378" lon="129.2384664"/>
 <node id="529766415" visible="true" version="1" changeset="2831847" timestamp="2009-10-13T01:20:58Z" user="generalred" uid="118851" lat="35.9017929" lon="129.2386525"/>
 <node id="529766417" visible="true" version="1" changeset="2831847" timestamp="2009-10-13T01:20:58Z" user="generalred" uid="118851" lat="35.9028103" lon="129.2386835"/>
 <node id="529766418" visible="true" version="1" changeset="2831847" timestamp="2009-10-13T01:20:58Z" user="generalred" uid="118851" lat="35.9054635" lon="129.2365543"/>
 <node id="529766421" visible="true" version="1" changeset="2831847" timestamp="2009-10-13T01:20:58Z" user="generalred" uid="118851" lat="35.9044744" lon="129.2360697"/>
 <node id="529766422" visible="true" version="1" changeset="2831847" timestamp="2009-10-13T01:20:58Z" user="generalred" uid="118851" lat="35.9078499" lon="129.2369419"/>
 <node id="529766424" visible="true" version="1" changeset="2831847" timestamp="2009-10-13T01:20:58Z" user="generalred" uid="118851" lat="35.9072847" lon="129.2370389"/>
 <node id="529766426" visible="true" version="1" changeset="2831847" timestamp="2009-10-13T01:20:58Z" user="generalred" uid="118851" lat="35.9061700" lon="129.2368256"/>
 <node id="529766428" visible="true" version="1" changeset="2831847" timestamp="2009-10-13T01:20:58Z" user="generalred" uid="118851" lat="35.9033253" lon="129.2386215"/>
 <node id="529766429" visible="true" version="1" changeset="2831847" timestamp="2009-10-13T01:20:58Z" user="generalred" uid="118851" lat="35.9046316" lon="129.2388231"/>
 <node id="529766431" visible="true" version="1" changeset="2831847" timestamp="2009-10-13T01:20:59Z" user="generalred" uid="118851" lat="35.9052973" lon="129.2389316"/>
 <node id="529766433" visible="true" version="1" changeset="2831847" timestamp="2009-10-13T01:20:59Z" user="generalred" uid="118851" lat="35.9057494" lon="129.2391797"/>
 <node id="529766434" visible="true" version="1" changeset="2831847" timestamp="2009-10-13T01:20:59Z" user="generalred" uid="118851" lat="35.9074199" lon="129.2394278"/>
 <node id="529766436" visible="true" version="1" changeset="2831847" timestamp="2009-10-13T01:20:59Z" user="generalred" uid="118851" lat="35.9082455" lon="129.2396323"/>
 <node id="529766438" visible="true" version="1" changeset="2831847" timestamp="2009-10-13T01:20:59Z" user="generalred" uid="118851" lat="35.9104183" lon="129.2399734"/>
 <node id="529766440" visible="true" version="1" changeset="2831847" timestamp="2009-10-13T01:20:59Z" user="generalred" uid="118851" lat="35.9130431" lon="129.2403146"/>
 <node id="529766441" visible="true" version="1" changeset="2831847" timestamp="2009-10-13T01:20:59Z" user="generalred" uid="118851" lat="35.9135957" lon="129.2404541"/>
 <node id="529766443" visible="true" version="1" changeset="2831847" timestamp="2009-10-13T01:20:59Z" user="generalred" uid="118851" lat="35.9139222" lon="129.2405162"/>
 <node id="529766445" visible="true" version="1" changeset="2831847" timestamp="2009-10-13T01:20:59Z" user="generalred" uid="118851" lat="35.9136114" lon="129.2375040"/>
 <node id="529766446" visible="true" version="1" changeset="2831847" timestamp="2009-10-13T01:20:59Z" user="generalred" uid="118851" lat="35.9126538" lon="129.2375428"/>
 <node id="529766448" visible="true" version="1" changeset="2831847" timestamp="2009-10-13T01:20:59Z" user="generalred" uid="118851" lat="35.9113194" lon="129.2372521"/>
 <node id="529766450" visible="true" version="1" changeset="2831847" timestamp="2009-10-13T01:20:59Z" user="generalred" uid="118851" lat="35.9089488" lon="129.2370582"/>
 <node id="529766451" visible="true" version="1" changeset="2831847" timestamp="2009-10-13T01:20:59Z" user="generalred" uid="118851" lat="35.9174888" lon="129.2400975"/>
 <node id="529766453" visible="true" version="1" changeset="2831847" timestamp="2009-10-13T01:20:59Z" user="generalred" uid="118851" lat="35.9176520" lon="129.2402060"/>
 <node id="529766455" visible="true" version="1" changeset="2831847" timestamp="2009-10-13T01:20:59Z" user="generalred" uid="118851" lat="35.9178781" lon="129.2402060"/>
 <node id="529766457" visible="true" version="1" changeset="2831847" timestamp="2009-10-13T01:20:59Z" user="generalred" uid="118851" lat="35.9187822" lon="129.2400355"/>
 <node id="529766458" visible="true" version="1" changeset="2831847" timestamp="2009-10-13T01:20:59Z" user="generalred" uid="118851" lat="35.9195859" lon="129.2394927"/>
 <node id="529766460" visible="true" version="1" changeset="2831847" timestamp="2009-10-13T01:20:59Z" user="generalred" uid="118851" lat="35.9194509" lon="129.2377366"/>
 <node id="529766462" visible="true" version="1" changeset="2831847" timestamp="2009-10-13T01:20:59Z" user="generalred" uid="118851" lat="35.9189957" lon="129.2381049"/>
 <node id="529766463" visible="true" version="1" changeset="2831847" timestamp="2009-10-13T01:20:59Z" user="generalred" uid="118851" lat="35.9180539" lon="129.2375234"/>
 <node id="529766465" visible="true" version="1" changeset="2831847" timestamp="2009-10-13T01:20:59Z" user="generalred" uid="118851" lat="35.9169707" lon="129.2375040"/>
 <node id="529766467" visible="true" version="1" changeset="2831847" timestamp="2009-10-13T01:20:59Z" user="generalred" uid="118851" lat="35.9157149" lon="129.2377366"/>
 <node id="529766468" visible="true" version="1" changeset="2831847" timestamp="2009-10-13T01:20:59Z" user="generalred" uid="118851" lat="35.9147887" lon="129.2375622"/>
 <node id="529766470" visible="true" version="1" changeset="2831847" timestamp="2009-10-13T01:20:59Z" user="generalred" uid="118851" lat="35.9212687" lon="129.2401130"/>
 <node id="529766472" visible="true" version="1" changeset="2831847" timestamp="2009-10-13T01:20:59Z" user="generalred" uid="118851" lat="35.9237299" lon="129.2407022"/>
 <node id="529766473" visible="true" version="1" changeset="2831847" timestamp="2009-10-13T01:21:00Z" user="generalred" uid="118851" lat="35.9249605" lon="129.2409504"/>
 <node id="529766475" visible="true" version="1" changeset="2831847" timestamp="2009-10-13T01:21:00Z" user="generalred" uid="118851" lat="35.9235007" lon="129.2381437"/>
 <node id="529766477" visible="true" version="1" changeset="2831847" timestamp="2009-10-13T01:21:00Z" user="generalred" uid="118851" lat="35.9224805" lon="129.2377754"/>
 <node id="529766479" visible="true" version="1" changeset="2831847" timestamp="2009-10-13T01:21:00Z" user="generalred" uid="118851" lat="35.9215543" lon="129.2378723"/>
 <node id="529766480" visible="true" version="1" changeset="2831847" timestamp="2009-10-13T01:21:00Z" user="generalred" uid="118851" lat="35.9206596" lon="129.2382600"/>
 <node id="529766482" visible="true" version="1" changeset="2831847" timestamp="2009-10-13T01:21:00Z" user="generalred" uid="118851" lat="35.9198277" lon="129.2383181"/>
 <node id="529766484" visible="true" version="1" changeset="2831847" timestamp="2009-10-13T01:21:00Z" user="generalred" uid="118851" lat="35.9264171" lon="129.2414155"/>
 <node id="529766486" visible="true" version="1" changeset="2831847" timestamp="2009-10-13T01:21:00Z" user="generalred" uid="118851" lat="35.9275220" lon="129.2418342"/>
 <node id="529766487" visible="true" version="1" changeset="2831847" timestamp="2009-10-13T01:21:00Z" user="generalred" uid="118851" lat="35.9281248" lon="129.2420823"/>
 <node id="529766489" visible="true" version="1" changeset="2831847" timestamp="2009-10-13T01:21:00Z" user="generalred" uid="118851" lat="35.9283257" lon="129.2423149"/>
 <node id="529766491" visible="true" version="1" changeset="2831847" timestamp="2009-10-13T01:21:00Z" user="generalred" uid="118851" lat="35.9286521" lon="129.2425010"/>
 <node id="529766492" visible="true" version="1" changeset="2831847" timestamp="2009-10-13T01:21:00Z" user="generalred" uid="118851" lat="35.9298450" lon="129.2426871"/>
 <node id="529766494" visible="true" version="1" changeset="2831847" timestamp="2009-10-13T01:21:00Z" user="generalred" uid="118851" lat="35.9302028" lon="129.2394424"/>
 <node id="529766496" visible="true" version="1" changeset="2831847" timestamp="2009-10-13T01:21:00Z" user="generalred" uid="118851" lat="35.9289943" lon="129.2395393"/>
 <node id="529766498" visible="true" version="1" changeset="2831847" timestamp="2009-10-13T01:21:00Z" user="generalred" uid="118851" lat="35.9278328" lon="129.2399075"/>
 <node id="529766499" visible="true" version="1" changeset="2831847" timestamp="2009-10-13T01:21:00Z" user="generalred" uid="118851" lat="35.9275660" lon="129.2393648"/>
 <node id="529766501" visible="true" version="1" changeset="2831847" timestamp="2009-10-13T01:21:00Z" user="generalred" uid="118851" lat="35.9263731" lon="129.2393454"/>
 <node id="529766503" visible="true" version="1" changeset="2831847" timestamp="2009-10-13T01:21:00Z" user="generalred" uid="118851" lat="35.9254314" lon="129.2388996"/>
 <node id="529766504" visible="true" version="1" changeset="2831847" timestamp="2009-10-13T01:21:00Z" user="generalred" uid="118851" lat="35.9308118" lon="129.2426406"/>
 <node id="529766506" visible="true" version="1" changeset="2831847" timestamp="2009-10-13T01:21:00Z" user="generalred" uid="118851" lat="35.9313768" lon="129.2422994"/>
 <node id="529766508" visible="true" version="1" changeset="2831847" timestamp="2009-10-13T01:21:00Z" user="generalred" uid="118851" lat="35.9318414" lon="129.2424390"/>
 <node id="529766510" visible="true" version="1" changeset="2831847" timestamp="2009-10-13T01:21:00Z" user="generalred" uid="118851" lat="35.9322934" lon="129.2425320"/>
 <node id="529766511" visible="true" version="1" changeset="2831847" timestamp="2009-10-13T01:21:00Z" user="generalred" uid="118851" lat="35.9327579" lon="129.2425785"/>
 <node id="529766513" visible="true" version="1" changeset="2831847" timestamp="2009-10-13T01:21:01Z" user="generalred" uid="118851" lat="35.9331472" lon="129.2425010"/>
 <node id="529766515" visible="true" version="1" changeset="2831847" timestamp="2009-10-13T01:21:01Z" user="generalred" uid="118851" lat="35.9341139" lon="129.2419738"/>
 <node id="529766516" visible="true" version="1" changeset="2831847" timestamp="2009-10-13T01:21:01Z" user="generalred" uid="118851" lat="35.9350681" lon="129.2418032"/>
 <node id="529766518" visible="true" version="1" changeset="2831847" timestamp="2009-10-13T01:21:01Z" user="generalred" uid="118851" lat="35.9358340" lon="129.2417102"/>
 <node id="529766520" visible="true" version="1" changeset="2831847" timestamp="2009-10-13T01:21:01Z" user="generalred" uid="118851" lat="35.9354919" lon="129.2396362"/>
 <node id="529766521" visible="true" version="1" changeset="2831847" timestamp="2009-10-13T01:21:01Z" user="generalred" uid="118851" lat="35.9346758" lon="129.2399657"/>
 <node id="529766523" visible="true" version="1" changeset="2831847" timestamp="2009-10-13T01:21:01Z" user="generalred" uid="118851" lat="35.9335144" lon="129.2400432"/>
 <node id="529766525" visible="true" version="1" changeset="2831847" timestamp="2009-10-13T01:21:01Z" user="generalred" uid="118851" lat="35.9326512" lon="129.2395780"/>
 <node id="529766527" visible="true" version="1" changeset="2831847" timestamp="2009-10-13T01:21:01Z" user="generalred" uid="118851" lat="35.9314427" lon="129.2395005"/>
 <node id="529766528" visible="true" version="1" changeset="2831847" timestamp="2009-10-13T01:21:01Z" user="generalred" uid="118851" lat="35.9365371" lon="129.2417567"/>
 <node id="529766530" visible="true" version="1" changeset="2831847" timestamp="2009-10-13T01:21:01Z" user="generalred" uid="118851" lat="35.9377173" lon="129.2414000"/>
 <node id="529766538" visible="true" version="1" changeset="2831847" timestamp="2009-10-13T01:21:01Z" user="generalred" uid="118851" lat="35.9385992" lon="129.2399851"/>
 <node id="529766539" visible="true" version="1" changeset="2831847" timestamp="2009-10-13T01:21:01Z" user="generalred" uid="118851" lat="35.9377832" lon="129.2398106"/>
 <node id="529766541" visible="true" version="1" changeset="2831847" timestamp="2009-10-13T01:21:01Z" user="generalred" uid="118851" lat="35.9390732" lon="129.2412140"/>
 <node id="529766543" visible="true" version="1" changeset="2831847" timestamp="2009-10-13T01:21:02Z" user="generalred" uid="118851" lat="35.9401654" lon="129.2411519"/>
 <node id="529766545" visible="true" version="1" changeset="2831847" timestamp="2009-10-13T01:21:02Z" user="generalred" uid="118851" lat="35.9409940" lon="129.2411054"/>
 <node id="529766546" visible="true" version="1" changeset="2831847" timestamp="2009-10-13T01:21:02Z" user="generalred" uid="118851" lat="35.9413706" lon="129.2409348"/>
 <node id="529766548" visible="true" version="1" changeset="2831847" timestamp="2009-10-13T01:21:02Z" user="generalred" uid="118851" lat="35.9414554" lon="129.2393067"/>
 <node id="529766550" visible="true" version="1" changeset="2831847" timestamp="2009-10-13T01:21:02Z" user="generalred" uid="118851" lat="35.9407021" lon="129.2394036"/>
 <node id="529766551" visible="true" version="1" changeset="2831847" timestamp="2009-10-13T01:21:02Z" user="generalred" uid="118851" lat="35.9399018" lon="129.2398882"/>
 <node id="529766553" visible="true" version="1" changeset="2831847" timestamp="2009-10-13T01:21:02Z" user="generalred" uid="118851" lat="35.9466182" lon="129.2369419"/>
 <node id="529766555" visible="true" version="1" changeset="2831847" timestamp="2009-10-13T01:21:02Z" user="generalred" uid="118851" lat="35.9459277" lon="129.2369032"/>
 <node id="529766556" visible="true" version="1" changeset="2831847" timestamp="2009-10-13T01:21:02Z" user="generalred" uid="118851" lat="35.9421616" lon="129.2407488"/>
 <node id="529766558" visible="true" version="1" changeset="2831847" timestamp="2009-10-13T01:21:02Z" user="generalred" uid="118851" lat="35.9427767" lon="129.2407333"/>
 <node id="529766560" visible="true" version="1" changeset="2831847" timestamp="2009-10-13T01:21:02Z" user="generalred" uid="118851" lat="35.9434170" lon="129.2403456"/>
 <node id="529766561" visible="true" version="1" changeset="2831847" timestamp="2009-10-13T01:21:02Z" user="generalred" uid="118851" lat="35.9435425" lon="129.2405627"/>
 <node id="529766563" visible="true" version="1" changeset="2831847" timestamp="2009-10-13T01:21:02Z" user="generalred" uid="118851" lat="35.9441325" lon="129.2404852"/>
 <node id="529766565" visible="true" version="1" changeset="2831847" timestamp="2009-10-13T01:21:02Z" user="generalred" uid="118851" lat="35.9443460" lon="129.2402371"/>
 <node id="529766566" visible="true" version="1" changeset="2831847" timestamp="2009-10-13T01:21:02Z" user="generalred" uid="118851" lat="35.9444370" lon="129.2383375"/>
 <node id="529766568" visible="true" version="1" changeset="2831847" timestamp="2009-10-13T01:21:02Z" user="generalred" uid="118851" lat="35.9425696" lon="129.2390159"/>
 <node id="529766570" visible="true" version="1" changeset="2831847" timestamp="2009-10-13T01:21:02Z" user="generalred" uid="118851" lat="35.9452247" lon="129.2397564"/>
 <node id="529766571" visible="true" version="1" changeset="2831847" timestamp="2009-10-13T01:21:02Z" user="generalred" uid="118851" lat="35.9464299" lon="129.2391206"/>
 <node id="529766573" visible="true" version="1" changeset="2831847" timestamp="2009-10-13T01:21:02Z" user="generalred" uid="118851" lat="35.9472207" lon="129.2387174"/>
 <node id="529766575" visible="true" version="1" changeset="2831847" timestamp="2009-10-13T01:21:02Z" user="generalred" uid="118851" lat="35.9448293" lon="129.2376979"/>
 <node id="529766576" visible="true" version="1" changeset="2831847" timestamp="2009-10-13T01:21:02Z" user="generalred" uid="118851" lat="35.9480241" lon="129.2383143"/>
 <node id="529766578" visible="true" version="1" changeset="2831847" timestamp="2009-10-13T01:21:02Z" user="generalred" uid="118851" lat="35.9494426" lon="129.2375855"/>
 <node id="529766580" visible="true" version="1" changeset="2831847" timestamp="2009-10-13T01:21:02Z" user="generalred" uid="118851" lat="35.9497439" lon="129.2372598"/>
 <node id="529766582" visible="true" version="1" changeset="2831847" timestamp="2009-10-13T01:21:02Z" user="generalred" uid="118851" lat="35.9496560" lon="129.2365930"/>
 <node id="529766584" visible="true" version="1" changeset="2831847" timestamp="2009-10-13T01:21:03Z" user="generalred" uid="118851" lat="35.9513758" lon="129.2357867"/>
 <node id="529766585" visible="true" version="1" changeset="2831847" timestamp="2009-10-13T01:21:03Z" user="generalred" uid="118851" lat="35.9512000" lon="129.2343058"/>
 <node id="529766587" visible="true" version="1" changeset="2831847" timestamp="2009-10-13T01:21:03Z" user="generalred" uid="118851" lat="35.9476224" lon="129.2360309"/>
 <node id="529766589" visible="true" version="1" changeset="2831847" timestamp="2009-10-13T01:21:03Z" user="generalred" uid="118851" lat="35.9477637" lon="129.2364961"/>
 <node id="529766590" visible="true" version="1" changeset="2831847" timestamp="2009-10-13T01:21:03Z" user="generalred" uid="118851" lat="35.9532963" lon="129.2355386"/>
 <node id="529766592" visible="true" version="1" changeset="2831847" timestamp="2009-10-13T01:21:03Z" user="generalred" uid="118851" lat="35.9546645" lon="129.2355076"/>
 <node id="529766594" visible="true" version="1" changeset="2831847" timestamp="2009-10-13T01:21:03Z" user="generalred" uid="118851" lat="35.9555055" lon="129.2352905"/>
 <node id="529766596" visible="true" version="1" changeset="2831847" timestamp="2009-10-13T01:21:03Z" user="generalred" uid="118851" lat="35.9566980" lon="129.2350734"/>
 <node id="529766597" visible="true" version="1" changeset="2831847" timestamp="2009-10-13T01:21:03Z" user="generalred" uid="118851" lat="35.9577649" lon="129.2349028"/>
 <node id="529766599" visible="true" version="1" changeset="2831847" timestamp="2009-10-13T01:21:03Z" user="generalred" uid="118851" lat="35.9562681" lon="129.2338019"/>
 <node id="529766601" visible="true" version="1" changeset="2831847" timestamp="2009-10-13T01:21:03Z" user="generalred" uid="118851" lat="35.9549030" lon="129.2336856"/>
 <node id="529766602" visible="true" version="1" changeset="2831847" timestamp="2009-10-13T01:21:03Z" user="generalred" uid="118851" lat="35.9539302" lon="129.2333173"/>
 <node id="529766604" visible="true" version="1" changeset="2831847" timestamp="2009-10-13T01:21:03Z" user="generalred" uid="118851" lat="35.9531300" lon="129.2334336"/>
 <node id="529766606" visible="true" version="1" changeset="2831847" timestamp="2009-10-13T01:21:03Z" user="generalred" uid="118851" lat="35.9588568" lon="129.2347943"/>
 <node id="529766607" visible="true" version="1" changeset="2831847" timestamp="2009-10-13T01:21:03Z" user="generalred" uid="118851" lat="35.9594970" lon="129.2349959"/>
 <node id="529766609" visible="true" version="1" changeset="2831847" timestamp="2009-10-13T01:21:03Z" user="generalred" uid="118851" lat="35.9603881" lon="129.2351820"/>
 <node id="529766611" visible="true" version="1" changeset="2831847" timestamp="2009-10-13T01:21:03Z" user="generalred" uid="118851" lat="35.9609404" lon="129.2354301"/>
 <node id="529766613" visible="true" version="1" changeset="2831847" timestamp="2009-10-13T01:21:03Z" user="generalred" uid="118851" lat="35.9602846" lon="129.2339569"/>
 <node id="529766614" visible="true" version="1" changeset="2831847" timestamp="2009-10-13T01:21:03Z" user="generalred" uid="118851" lat="35.9586843" lon="129.2339569"/>
 <node id="529766616" visible="true" version="1" changeset="2831847" timestamp="2009-10-13T01:21:03Z" user="generalred" uid="118851" lat="35.9614048" lon="129.2363604"/>
 <node id="529766618" visible="true" version="1" changeset="2831847" timestamp="2009-10-13T01:21:03Z" user="generalred" uid="118851" lat="35.9620825" lon="129.2361899"/>
 <node id="529766620" visible="true" version="1" changeset="2831847" timestamp="2009-10-13T01:21:03Z" user="generalred" uid="118851" lat="35.9625846" lon="129.2362519"/>
 <node id="529766621" visible="true" version="1" changeset="2831847" timestamp="2009-10-13T01:21:03Z" user="generalred" uid="118851" lat="35.9631995" lon="129.2364225"/>
 <node id="529766623" visible="true" version="1" changeset="2831847" timestamp="2009-10-13T01:21:04Z" user="generalred" uid="118851" lat="35.9630929" lon="129.2350618"/>
 <node id="529766625" visible="true" version="1" changeset="2831847" timestamp="2009-10-13T01:21:04Z" user="generalred" uid="118851" lat="35.9625595" lon="129.2346547"/>
 <node id="529766627" visible="true" version="1" changeset="2831847" timestamp="2009-10-13T01:21:04Z" user="generalred" uid="118851" lat="35.9613985" lon="129.2341702"/>
 <node id="529766628" visible="true" version="1" changeset="2831847" timestamp="2009-10-13T01:21:04Z" user="generalred" uid="118851" lat="35.9638773" lon="129.2367481"/>
 <node id="529766630" visible="true" version="1" changeset="2831847" timestamp="2009-10-13T01:21:04Z" user="generalred" uid="118851" lat="35.9647809" lon="129.2371203"/>
 <node id="529766632" visible="true" version="1" changeset="2831847" timestamp="2009-10-13T01:21:04Z" user="generalred" uid="118851" lat="35.9653332" lon="129.2370892"/>
 <node id="529766634" visible="true" version="1" changeset="2831847" timestamp="2009-10-13T01:21:04Z" user="generalred" uid="118851" lat="35.9657222" lon="129.2368411"/>
 <node id="529766635" visible="true" version="1" changeset="2831847" timestamp="2009-10-13T01:21:04Z" user="generalred" uid="118851" lat="35.9665254" lon="129.2368411"/>
 <node id="529766636" visible="true" version="1" changeset="2831847" timestamp="2009-10-13T01:21:04Z" user="generalred" uid="118851" lat="35.9673287" lon="129.2371668"/>
 <node id="529766637" visible="true" version="1" changeset="2831847" timestamp="2009-10-13T01:21:04Z" user="generalred" uid="118851" lat="35.9679562" lon="129.2373529"/>
 <node id="529766638" visible="true" version="1" changeset="2831847" timestamp="2009-10-13T01:21:04Z" user="generalred" uid="118851" lat="35.9685586" lon="129.2373994"/>
 <node id="529766639" visible="true" version="1" changeset="2831847" timestamp="2009-10-13T01:21:04Z" user="generalred" uid="118851" lat="35.9691641" lon="129.2359146"/>
 <node id="529766640" visible="true" version="1" changeset="2831847" timestamp="2009-10-13T01:21:04Z" user="generalred" uid="118851" lat="35.9652892" lon="129.2359922"/>
 <node id="529766641" visible="true" version="1" changeset="2831847" timestamp="2009-10-13T01:21:04Z" user="generalred" uid="118851" lat="35.9638616" lon="129.2356820"/>
 <node id="529766642" visible="true" version="1" changeset="2831847" timestamp="2009-10-13T01:21:04Z" user="generalred" uid="118851" lat="35.9694998" lon="129.2373218"/>
 <node id="529766643" visible="true" version="1" changeset="2831847" timestamp="2009-10-13T01:21:04Z" user="generalred" uid="118851" lat="35.9703030" lon="129.2370892"/>
 <node id="529766644" visible="true" version="1" changeset="2831847" timestamp="2009-10-13T01:21:04Z" user="generalred" uid="118851" lat="35.9706920" lon="129.2369032"/>
 <node id="529766645" visible="true" version="1" changeset="2831847" timestamp="2009-10-13T01:21:04Z" user="generalred" uid="118851" lat="35.9711564" lon="129.2366085"/>
 <node id="529766646" visible="true" version="1" changeset="2831847" timestamp="2009-10-13T01:21:04Z" user="generalred" uid="118851" lat="35.9723329" lon="129.2366512"/>
 <node id="529766647" visible="true" version="1" changeset="2831847" timestamp="2009-10-13T01:21:04Z" user="generalred" uid="118851" lat="35.9730231" lon="129.2369226"/>
 <node id="529766648" visible="true" version="1" changeset="2831847" timestamp="2009-10-13T01:21:04Z" user="generalred" uid="118851" lat="35.9739643" lon="129.2374265"/>
 <node id="529766649" visible="true" version="1" changeset="2831847" timestamp="2009-10-13T01:21:04Z" user="generalred" uid="118851" lat="35.9744506" lon="129.2377173"/>
 <node id="529766650" visible="true" version="1" changeset="2831847" timestamp="2009-10-13T01:21:04Z" user="generalred" uid="118851" lat="35.9743094" lon="129.2370582"/>
 <node id="529766651" visible="true" version="1" changeset="2831847" timestamp="2009-10-13T01:21:04Z" user="generalred" uid="118851" lat="35.9727251" lon="129.2362829"/>
 <node id="529766652" visible="true" version="1" changeset="2831847" timestamp="2009-10-13T01:21:05Z" user="generalred" uid="118851" lat="35.9710309" lon="129.2359340"/>
 <node id="529766653" visible="true" version="1" changeset="2831847" timestamp="2009-10-13T01:21:05Z" user="generalred" uid="118851" lat="35.9750153" lon="129.2384150"/>
 <node id="529766654" visible="true" version="1" changeset="2831847" timestamp="2009-10-13T01:21:05Z" user="generalred" uid="118851" lat="35.9755643" lon="129.2391128"/>
 <node id="529766655" visible="true" version="1" changeset="2831847" timestamp="2009-10-13T01:21:05Z" user="generalred" uid="118851" lat="35.9762545" lon="129.2398300"/>
 <node id="529766656" visible="true" version="1" changeset="2831847" timestamp="2009-10-13T01:21:05Z" user="generalred" uid="118851" lat="35.9768505" lon="129.2405084"/>
 <node id="529766664" visible="true" version="1" changeset="2831847" timestamp="2009-10-13T01:21:05Z" user="generalred" uid="118851" lat="35.9773211" lon="129.2409930"/>
 <node id="529766665" visible="true" version="1" changeset="2831847" timestamp="2009-10-13T01:21:05Z" user="generalred" uid="118851" lat="35.9773838" lon="129.2415163"/>
 <node id="529766667" visible="true" version="1" changeset="2831847" timestamp="2009-10-13T01:21:05Z" user="generalred" uid="118851" lat="35.9776034" lon="129.2422141"/>
 <node id="529766669" visible="true" version="1" changeset="2831847" timestamp="2009-10-13T01:21:05Z" user="generalred" uid="118851" lat="35.9778387" lon="129.2430282"/>
 <node id="529766670" visible="true" version="2" changeset="87319894" timestamp="2020-06-30T03:27:19Z" user="evilen" uid="11408111" lat="35.9799244" lon="129.2419720"/>
 <node id="529766672" visible="true" version="2" changeset="87319894" timestamp="2020-06-30T03:27:19Z" user="evilen" uid="11408111" lat="35.9804422" lon="129.2398661"/>
 <node id="529766674" visible="true" version="2" changeset="87319894" timestamp="2020-06-30T03:27:19Z" user="evilen" uid="11408111" lat="35.9800176" lon="129.2388120"/>
 <node id="529766675" visible="true" version="2" changeset="87319894" timestamp="2020-06-30T03:27:19Z" user="evilen" uid="11408111" lat="35.9797508" lon="129.2397632"/>
 <node id="529766677" visible="true" version="2" changeset="87319894" timestamp="2020-06-30T03:27:19Z" user="evilen" uid="11408111" lat="35.9788422" lon="129.2404555"/>
 <node id="529766679" visible="true" version="2" changeset="87319894" timestamp="2020-06-30T03:27:19Z" user="evilen" uid="11408111" lat="35.9783729" lon="129.2405747"/>
 <node id="529766680" visible="true" version="2" changeset="87319894" timestamp="2020-06-30T03:27:19Z" user="evilen" uid="11408111" lat="35.9778905" lon="129.2404263"/>
 <node id="529766682" visible="true" version="2" changeset="87319894" timestamp="2020-06-30T03:27:19Z" user="evilen" uid="11408111" lat="35.9809075" lon="129.2380277"/>
 <node id="529766683" visible="true" version="3" changeset="87319894" timestamp="2020-06-30T03:27:19Z" user="evilen" uid="11408111" lat="35.9821925" lon="129.2325103"/>
 <node id="529766685" visible="true" version="3" changeset="87319894" timestamp="2020-06-30T03:27:19Z" user="evilen" uid="11408111" lat="35.9811903" lon="129.2333935"/>
 <node id="529766687" visible="true" version="1" changeset="2831847" timestamp="2009-10-13T01:21:06Z" user="generalred" uid="118851" lat="35.9783093" lon="129.2434159"/>
 <node id="529766688" visible="true" version="1" changeset="2831847" timestamp="2009-10-13T01:21:06Z" user="generalred" uid="118851" lat="35.9788112" lon="129.2441330"/>
 <node id="529766690" visible="true" version="1" changeset="2831847" timestamp="2009-10-13T01:21:06Z" user="generalred" uid="118851" lat="35.9790622" lon="129.2447533"/>
 <node id="529766691" visible="true" version="1" changeset="2831847" timestamp="2009-10-13T01:21:06Z" user="generalred" uid="118851" lat="35.9792661" lon="129.2455868"/>
 <node id="529766693" visible="true" version="1" changeset="2831847" timestamp="2009-10-13T01:21:06Z" user="generalred" uid="118851" lat="35.9795798" lon="129.2461295"/>
 <node id="529766695" visible="true" version="1" changeset="2831847" timestamp="2009-10-13T01:21:06Z" user="generalred" uid="118851" lat="35.9797680" lon="129.2461683"/>
 <node id="529766696" visible="true" version="1" changeset="2831847" timestamp="2009-10-13T01:21:06Z" user="generalred" uid="118851" lat="35.9802229" lon="129.2470017"/>
 <node id="529766698" visible="true" version="2" changeset="87319894" timestamp="2020-06-30T03:27:19Z" user="evilen" uid="11408111" lat="35.9799922" lon="129.2433814"/>
 <node id="529766699" visible="true" version="1" changeset="2831847" timestamp="2009-10-13T01:21:06Z" user="generalred" uid="118851" lat="35.9807876" lon="129.2478934"/>
 <node id="529766701" visible="true" version="1" changeset="2831847" timestamp="2009-10-13T01:21:06Z" user="generalred" uid="118851" lat="35.9814150" lon="129.2485330"/>
 <node id="529766702" visible="true" version="2" changeset="87319894" timestamp="2020-06-30T03:27:19Z" user="evilen" uid="11408111" lat="35.9835544" lon="129.2474117"/>
 <node id="529766704" visible="true" version="2" changeset="87319894" timestamp="2020-06-30T03:27:19Z" user="evilen" uid="11408111" lat="35.9823736" lon="129.2468494"/>
 <node id="529766706" visible="true" version="2" changeset="87319894" timestamp="2020-06-30T03:27:19Z" user="evilen" uid="11408111" lat="35.9819633" lon="129.2466303"/>
 <node id="529766707" visible="true" version="2" changeset="87319894" timestamp="2020-06-30T03:27:19Z" user="evilen" uid="11408111" lat="35.9812761" lon="129.2459425"/>
 <node id="529766709" visible="true" version="2" changeset="87319894" timestamp="2020-06-30T03:27:19Z" user="evilen" uid="11408111" lat="35.9805154" lon="129.2448780"/>
 <node id="529766710" visible="true" version="2" changeset="87319894" timestamp="2020-06-30T03:27:19Z" user="evilen" uid="11408111" lat="35.9803201" lon="129.2445448"/>
 <node id="529766712" visible="true" version="2" changeset="87319894" timestamp="2020-06-30T03:27:19Z" user="evilen" uid="11408111" lat="35.9840661" lon="129.2479573"/>
 <node id="529766714" visible="true" version="1" changeset="2831847" timestamp="2009-10-13T01:21:06Z" user="generalred" uid="118851" lat="35.9820424" lon="129.2488625"/>
 <node id="529766715" visible="true" version="1" changeset="2831847" timestamp="2009-10-13T01:21:07Z" user="generalred" uid="118851" lat="35.9828266" lon="129.2491533"/>
 <node id="529766717" visible="true" version="1" changeset="2831847" timestamp="2009-10-13T01:21:07Z" user="generalred" uid="118851" lat="35.9837834" lon="129.2497735"/>
 <node id="529766719" visible="true" version="2" changeset="87319894" timestamp="2020-06-30T03:27:19Z" user="evilen" uid="11408111" lat="35.9853719" lon="129.2487099"/>
 <node id="529766720" visible="true" version="1" changeset="2831847" timestamp="2009-10-13T01:21:07Z" user="generalred" uid="118851" lat="35.9845205" lon="129.2500449"/>
 <node id="529766722" visible="true" version="1" changeset="2831847" timestamp="2009-10-13T01:21:07Z" user="generalred" uid="118851" lat="35.9854459" lon="129.2508784"/>
 <node id="529766724" visible="true" version="2" changeset="87319894" timestamp="2020-06-30T03:27:19Z" user="evilen" uid="11408111" lat="35.9861553" lon="129.2495757"/>
 <node id="529766725" visible="true" version="2" changeset="55784312" timestamp="2018-01-26T20:03:50Z" user="lorenzo23622" uid="476483" lat="35.9862757" lon="129.2512735"/>
 <node id="529766727" visible="true" version="3" changeset="87319894" timestamp="2020-06-30T03:27:19Z" user="evilen" uid="11408111" lat="35.9872429" lon="129.2527387"/>
 <node id="529766729" visible="true" version="2" changeset="5188017" timestamp="2010-07-11T08:46:41Z" user="alimamo" uid="7213" lat="35.9883562" lon="129.2535337"/>
 <node id="529766730" visible="true" version="2" changeset="5188017" timestamp="2010-07-11T08:47:43Z" user="alimamo" uid="7213" lat="35.9879460" lon="129.2524421"/>
 <node id="529766732" visible="true" version="1" changeset="2831847" timestamp="2009-10-13T01:21:07Z" user="generalred" uid="118851" lat="35.9874377" lon="129.2503938"/>
 <node id="529766734" visible="true" version="1" changeset="2831847" timestamp="2009-10-13T01:21:07Z" user="generalred" uid="118851" lat="35.9868261" lon="129.2498704"/>
 <node id="529766735" visible="true" version="1" changeset="2831847" timestamp="2009-10-13T01:21:07Z" user="generalred" uid="118851" lat="35.9845989" lon="129.2590968"/>
 <node id="529766737" visible="true" version="1" changeset="2831847" timestamp="2009-10-13T01:21:07Z" user="generalred" uid="118851" lat="35.9818071" lon="129.2629540"/>
 <node id="529766739" visible="true" version="1" changeset="2831847" timestamp="2009-10-13T01:21:07Z" user="generalred" uid="118851" lat="35.9821208" lon="129.2651249"/>
 <node id="529766740" visible="true" version="1" changeset="2831847" timestamp="2009-10-13T01:21:07Z" user="generalred" uid="118851" lat="35.9826541" lon="129.2638844"/>
 <node id="529766742" visible="true" version="1" changeset="2831847" timestamp="2009-10-13T01:21:07Z" user="generalred" uid="118851" lat="35.9833912" lon="129.2609575"/>
 <node id="529766744" visible="true" version="1" changeset="2831847" timestamp="2009-10-13T01:21:07Z" user="generalred" uid="118851" lat="35.9832658" lon="129.2630509"/>
 <node id="529766745" visible="true" version="1" changeset="2831847" timestamp="2009-10-13T01:21:07Z" user="generalred" uid="118851" lat="35.9840657" lon="129.2622950"/>
 <node id="529766747" visible="true" version="1" changeset="2831847" timestamp="2009-10-13T01:21:07Z" user="generalred" uid="118851" lat="35.9844735" lon="129.2619848"/>
 <node id="529766749" visible="true" version="1" changeset="2831847" timestamp="2009-10-13T01:21:07Z" user="generalred" uid="118851" lat="35.9853988" lon="129.2603760"/>
 <node id="529766750" visible="true" version="2" changeset="55784312" timestamp="2018-01-26T20:03:50Z" user="lorenzo23622" uid="476483" lat="35.9875012" lon="129.2546446"/>
 <node id="529766752" visible="true" version="2" changeset="55784312" timestamp="2018-01-26T20:03:50Z" user="lorenzo23622" uid="476483" lat="35.9872618" lon="129.2553709"/>
 <node id="529766754" visible="true" version="1" changeset="2831847" timestamp="2009-10-13T01:21:08Z" user="generalred" uid="118851" lat="35.9867947" lon="129.2560342"/>
 <node id="529766755" visible="true" version="1" changeset="2831847" timestamp="2009-10-13T01:21:08Z" user="generalred" uid="118851" lat="35.9857596" lon="129.2576430"/>
 <node id="529766757" visible="true" version="1" changeset="2831847" timestamp="2009-10-13T01:21:08Z" user="generalred" uid="118851" lat="35.9860889" lon="129.2590774"/>
 <node id="529766759" visible="true" version="1" changeset="2831847" timestamp="2009-10-13T01:21:08Z" user="generalred" uid="118851" lat="35.9868731" lon="129.2577787"/>
 <node id="529766760" visible="true" version="1" changeset="2831847" timestamp="2009-10-13T01:21:08Z" user="generalred" uid="118851" lat="35.9878769" lon="129.2563250"/>
 <node id="529766762" visible="true" version="1" changeset="2831847" timestamp="2009-10-13T01:21:08Z" user="generalred" uid="118851" lat="35.9882533" lon="129.2553558"/>
 <node id="529766763" visible="true" version="1" changeset="2831847" timestamp="2009-10-13T01:21:08Z" user="generalred" uid="118851" lat="35.9883631" lon="129.2551039"/>
 <node id="529766765" visible="true" version="2" changeset="5188017" timestamp="2010-07-11T08:48:01Z" user="alimamo" uid="7213" lat="35.9887296" lon="129.2547293"/>
 <node id="529766767" visible="true" version="2" changeset="5188017" timestamp="2010-07-11T08:47:16Z" user="alimamo" uid="7213" lat="35.9883929" lon="129.2545811"/>
 <node id="529766768" visible="true" version="1" changeset="2831847" timestamp="2009-10-13T01:21:08Z" user="generalred" uid="118851" lat="35.9797053" lon="129.2665980"/>
 <node id="529766770" visible="true" version="1" changeset="2831847" timestamp="2009-10-13T01:21:08Z" user="generalred" uid="118851" lat="35.9789995" lon="129.2681874"/>
 <node id="529766772" visible="true" version="1" changeset="2831847" timestamp="2009-10-13T01:21:08Z" user="generalred" uid="118851" lat="35.9789053" lon="129.2690403"/>
 <node id="529766773" visible="true" version="1" changeset="2831847" timestamp="2009-10-13T01:21:08Z" user="generalred" uid="118851" lat="35.9789053" lon="129.2697962"/>
 <node id="529766775" visible="true" version="1" changeset="2831847" timestamp="2009-10-13T01:21:08Z" user="generalred" uid="118851" lat="35.9795641" lon="129.2712887"/>
 <node id="529766777" visible="true" version="1" changeset="2831847" timestamp="2009-10-13T01:21:08Z" user="generalred" uid="118851" lat="35.9799719" lon="129.2721222"/>
 <node id="529766778" visible="true" version="1" changeset="2831847" timestamp="2009-10-13T01:21:08Z" user="generalred" uid="118851" lat="35.9796739" lon="129.2730913"/>
 <node id="529766780" visible="true" version="1" changeset="2831847" timestamp="2009-10-13T01:21:08Z" user="generalred" uid="118851" lat="35.9787171" lon="129.2746226"/>
 <node id="529766781" visible="true" version="1" changeset="2831847" timestamp="2009-10-13T01:21:08Z" user="generalred" uid="118851" lat="35.9784034" lon="129.2758437"/>
 <node id="529766783" visible="true" version="1" changeset="2831847" timestamp="2009-10-13T01:21:08Z" user="generalred" uid="118851" lat="35.9792975" lon="129.2745257"/>
 <node id="529766785" visible="true" version="1" changeset="2831847" timestamp="2009-10-13T01:21:08Z" user="generalred" uid="118851" lat="35.9800347" lon="129.2739829"/>
 <node id="529766786" visible="true" version="1" changeset="2831847" timestamp="2009-10-13T01:21:08Z" user="generalred" uid="118851" lat="35.9775721" lon="129.2761345"/>
 <node id="529766788" visible="true" version="1" changeset="2831847" timestamp="2009-10-13T01:21:08Z" user="generalred" uid="118851" lat="35.9774780" lon="129.2767547"/>
 <node id="529766789" visible="true" version="1" changeset="2831847" timestamp="2009-10-13T01:21:08Z" user="generalred" uid="118851" lat="35.9805366" lon="129.2652606"/>
 <node id="529766791" visible="true" version="1" changeset="2831847" timestamp="2009-10-13T01:21:08Z" user="generalred" uid="118851" lat="35.9808817" lon="129.2699125"/>
 <node id="529766798" visible="true" version="1" changeset="2831847" timestamp="2009-10-13T01:21:09Z" user="generalred" uid="118851" lat="35.9809287" lon="129.2691566"/>
 <node id="529766800" visible="true" version="1" changeset="2831847" timestamp="2009-10-13T01:21:09Z" user="generalred" uid="118851" lat="35.9808033" lon="129.2684588"/>
 <node id="529766802" visible="true" version="1" changeset="2831847" timestamp="2009-10-13T01:21:09Z" user="generalred" uid="118851" lat="35.9810856" lon="129.2676641"/>
 <node id="529766804" visible="true" version="1" changeset="2831847" timestamp="2009-10-13T01:21:09Z" user="generalred" uid="118851" lat="35.9812424" lon="129.2670826"/>
 <node id="529766805" visible="true" version="1" changeset="2831847" timestamp="2009-10-13T01:21:09Z" user="generalred" uid="118851" lat="35.9806150" lon="129.2740023"/>
 <node id="529766807" visible="true" version="1" changeset="2831847" timestamp="2009-10-13T01:21:09Z" user="generalred" uid="118851" lat="35.9812111" lon="129.2742931"/>
 <node id="529766808" visible="true" version="1" changeset="2831847" timestamp="2009-10-13T01:21:09Z" user="generalred" uid="118851" lat="35.9816189" lon="129.2751072"/>
 <node id="529766810" visible="true" version="1" changeset="2831847" timestamp="2009-10-13T01:21:09Z" user="generalred" uid="118851" lat="35.9822149" lon="129.2717151"/>
 <node id="529766812" visible="true" version="1" changeset="2831847" timestamp="2009-10-13T01:21:09Z" user="generalred" uid="118851" lat="35.9811954" lon="129.2710367"/>
 <node id="529766813" visible="true" version="1" changeset="2831847" timestamp="2009-10-13T01:21:09Z" user="generalred" uid="118851" lat="35.9839088" lon="129.2752235"/>
 <node id="529766815" visible="true" version="1" changeset="2831847" timestamp="2009-10-13T01:21:09Z" user="generalred" uid="118851" lat="35.9837049" lon="129.2741186"/>
 <node id="529766817" visible="true" version="1" changeset="2831847" timestamp="2009-10-13T01:21:09Z" user="generalred" uid="118851" lat="35.9833128" lon="129.2731689"/>
 <node id="529766818" visible="true" version="1" changeset="2831847" timestamp="2009-10-13T01:21:09Z" user="generalred" uid="118851" lat="35.9831560" lon="129.2789644"/>
 <node id="529766820" visible="true" version="1" changeset="2831847" timestamp="2009-10-13T01:21:09Z" user="generalred" uid="118851" lat="35.9843166" lon="129.2809415"/>
 <node id="529766822" visible="true" version="1" changeset="2831847" timestamp="2009-10-13T01:21:10Z" user="generalred" uid="118851" lat="35.9845519" lon="129.2822401"/>
 <node id="529766823" visible="true" version="1" changeset="2831847" timestamp="2009-10-13T01:21:10Z" user="generalred" uid="118851" lat="35.9852891" lon="129.2839265"/>
 <node id="529766825" visible="true" version="1" changeset="2831847" timestamp="2009-10-13T01:21:10Z" user="generalred" uid="118851" lat="35.9863712" lon="129.2813873"/>
 <node id="529766827" visible="true" version="1" changeset="2831847" timestamp="2009-10-13T01:21:10Z" user="generalred" uid="118851" lat="35.9861203" lon="129.2808639"/>
 <node id="529766828" visible="true" version="1" changeset="2831847" timestamp="2009-10-13T01:21:10Z" user="generalred" uid="118851" lat="35.9859635" lon="129.2803212"/>
 <node id="529766830" visible="true" version="1" changeset="2831847" timestamp="2009-10-13T01:21:10Z" user="generalred" uid="118851" lat="35.9860262" lon="129.2797785"/>
 <node id="529766831" visible="true" version="1" changeset="2831847" timestamp="2009-10-13T01:21:10Z" user="generalred" uid="118851" lat="35.9860105" lon="129.2858454"/>
 <node id="529766833" visible="true" version="1" changeset="2831847" timestamp="2009-10-13T01:21:10Z" user="generalred" uid="118851" lat="35.9864340" lon="129.2861749"/>
 <node id="529766835" visible="true" version="1" changeset="2831847" timestamp="2009-10-13T01:21:10Z" user="generalred" uid="118851" lat="35.9870300" lon="129.2866401"/>
 <node id="529766836" visible="true" version="1" changeset="2831847" timestamp="2009-10-13T01:21:10Z" user="generalred" uid="118851" lat="35.9883631" lon="129.2849538"/>
 <node id="529766838" visible="true" version="1" changeset="2831847" timestamp="2009-10-13T01:21:10Z" user="generalred" uid="118851" lat="35.9878455" lon="129.2842947"/>
 <node id="529766840" visible="true" version="1" changeset="2831847" timestamp="2009-10-13T01:21:10Z" user="generalred" uid="118851" lat="35.9877671" lon="129.2833450"/>
 <node id="529766841" visible="true" version="1" changeset="2831847" timestamp="2009-10-13T01:21:10Z" user="generalred" uid="118851" lat="35.9871554" lon="129.2820851"/>
 <node id="529766843" visible="true" version="1" changeset="2831847" timestamp="2009-10-13T01:21:10Z" user="generalred" uid="118851" lat="35.9868261" lon="129.2817168"/>
 <node id="529766845" visible="true" version="1" changeset="2831847" timestamp="2009-10-13T01:21:10Z" user="generalred" uid="118851" lat="35.9885670" lon="129.2866788"/>
 <node id="529766846" visible="true" version="1" changeset="2831847" timestamp="2009-10-13T01:21:10Z" user="generalred" uid="118851" lat="35.9891159" lon="129.2867176"/>
 <node id="529766848" visible="true" version="1" changeset="2831847" timestamp="2009-10-13T01:21:10Z" user="generalred" uid="118851" lat="35.9910136" lon="129.2850701"/>
 <node id="529766850" visible="true" version="1" changeset="2831847" timestamp="2009-10-13T01:21:10Z" user="generalred" uid="118851" lat="35.9900098" lon="129.2849925"/>
 <node id="529766851" visible="true" version="1" changeset="2831847" timestamp="2009-10-13T01:21:10Z" user="generalred" uid="118851" lat="35.9895237" lon="129.2846242"/>
 <node id="529766853" visible="true" version="1" changeset="2831847" timestamp="2009-10-13T01:21:10Z" user="generalred" uid="118851" lat="35.9892100" lon="129.2849344"/>
 <node id="529766855" visible="true" version="1" changeset="2831847" timestamp="2009-10-13T01:21:10Z" user="generalred" uid="118851" lat="35.9933660" lon="129.2863687"/>
 <node id="529766857" visible="true" version="1" changeset="2831847" timestamp="2009-10-13T01:21:10Z" user="generalred" uid="118851" lat="35.9923309" lon="129.2856322"/>
 <node id="529766858" visible="true" version="1" changeset="2831847" timestamp="2009-10-13T01:21:10Z" user="generalred" uid="118851" lat="35.9940090" lon="129.2869696"/>
 <node id="529766860" visible="true" version="1" changeset="2831847" timestamp="2009-10-13T01:21:10Z" user="generalred" uid="118851" lat="35.9908254" lon="129.2877255"/>
 <node id="529766862" visible="true" version="1" changeset="2831847" timestamp="2009-10-13T01:21:11Z" user="generalred" uid="118851" lat="35.9916095" lon="129.2883458"/>
 <node id="529766863" visible="true" version="1" changeset="2831847" timestamp="2009-10-13T01:21:11Z" user="generalred" uid="118851" lat="35.9919545" lon="129.2887916"/>
 <node id="529772570" visible="true" version="1" changeset="2831907" timestamp="2009-10-13T01:41:03Z" user="generalred" uid="118851" lat="35.8605068" lon="129.2026588"/>
 <node id="529772571" visible="true" version="1" changeset="2831907" timestamp="2009-10-13T01:41:03Z" user="generalred" uid="118851" lat="35.8614910" lon="129.2028519"/>
 <node id="529772572" visible="true" version="1" changeset="2831907" timestamp="2009-10-13T01:41:03Z" user="generalred" uid="118851" lat="35.8626605" lon="129.2033194"/>
 <node id="529772573" visible="true" version="1" changeset="2831907" timestamp="2009-10-13T01:41:03Z" user="generalred" uid="118851" lat="35.8634841" lon="129.2040612"/>
 <node id="529772575" visible="true" version="1" changeset="2831907" timestamp="2009-10-13T01:41:03Z" user="generalred" uid="118851" lat="35.8652300" lon="129.2054941"/>
 <node id="529772576" visible="true" version="1" changeset="2831907" timestamp="2009-10-13T01:41:03Z" user="generalred" uid="118851" lat="35.8663542" lon="129.2064037"/>
 <node id="529772577" visible="true" version="1" changeset="2831907" timestamp="2009-10-13T01:41:03Z" user="generalred" uid="118851" lat="35.8686724" lon="129.2076689"/>
 <node id="529772578" visible="true" version="1" changeset="2831907" timestamp="2009-10-13T01:41:03Z" user="generalred" uid="118851" lat="35.8743704" lon="129.2117860"/>
 <node id="529772579" visible="true" version="1" changeset="2831907" timestamp="2009-10-13T01:41:03Z" user="generalred" uid="118851" lat="35.8800440" lon="129.2149115"/>
 <node id="529772580" visible="true" version="1" changeset="2831907" timestamp="2009-10-13T01:41:03Z" user="generalred" uid="118851" lat="35.8838131" lon="129.2169467"/>
 <node id="529772581" visible="true" version="1" changeset="2831907" timestamp="2009-10-13T01:41:03Z" user="generalred" uid="118851" lat="35.8854817" lon="129.2182066"/>
 <node id="529772582" visible="true" version="1" changeset="2831907" timestamp="2009-10-13T01:41:03Z" user="generalred" uid="118851" lat="35.8874839" lon="129.2211141"/>
 <node id="529772583" visible="true" version="1" changeset="2831907" timestamp="2009-10-13T01:41:03Z" user="generalred" uid="118851" lat="35.8889954" lon="129.2258387"/>
 <node id="529772584" visible="true" version="1" changeset="2831907" timestamp="2009-10-13T01:41:03Z" user="generalred" uid="118851" lat="35.8908798" lon="129.2299576"/>
 <node id="529772585" visible="true" version="1" changeset="2831907" timestamp="2009-10-13T01:41:03Z" user="generalred" uid="118851" lat="35.8921164" lon="129.2315567"/>
 <node id="529772586" visible="true" version="1" changeset="2831907" timestamp="2009-10-13T01:41:03Z" user="generalred" uid="118851" lat="35.8958260" lon="129.2345368"/>
 <node id="529772587" visible="true" version="1" changeset="2831907" timestamp="2009-10-13T01:41:04Z" user="generalred" uid="118851" lat="35.9000458" lon="129.2368143"/>
 <node id="529772588" visible="true" version="1" changeset="2831907" timestamp="2009-10-13T01:41:04Z" user="generalred" uid="118851" lat="35.9044223" lon="129.2378804"/>
 <node id="529772589" visible="true" version="1" changeset="2831907" timestamp="2009-10-13T01:41:04Z" user="generalred" uid="118851" lat="35.9129196" lon="129.2388495"/>
 <node id="529772590" visible="true" version="1" changeset="2831907" timestamp="2009-10-13T01:41:04Z" user="generalred" uid="118851" lat="35.9220831" lon="129.2388495"/>
 <node id="529772591" visible="true" version="1" changeset="2831907" timestamp="2009-10-13T01:41:04Z" user="generalred" uid="118851" lat="35.9284989" lon="129.2410059"/>
 <node id="529772592" visible="true" version="1" changeset="2831907" timestamp="2009-10-13T01:41:04Z" user="generalred" uid="118851" lat="35.9336193" lon="129.2408121"/>
 <node id="529772593" visible="true" version="1" changeset="2831907" timestamp="2009-10-13T01:41:04Z" user="generalred" uid="118851" lat="35.9389160" lon="129.2407152"/>
 <node id="529772594" visible="true" version="1" changeset="2831907" timestamp="2009-10-13T01:41:04Z" user="generalred" uid="118851" lat="35.9421331" lon="129.2401337"/>
 <node id="529772595" visible="true" version="1" changeset="2831907" timestamp="2009-10-13T01:41:04Z" user="generalred" uid="118851" lat="35.9442908" lon="129.2392372"/>
 <node id="529772596" visible="true" version="1" changeset="2831907" timestamp="2009-10-13T01:41:04Z" user="generalred" uid="118851" lat="35.9458012" lon="129.2380742"/>
 <node id="529772597" visible="true" version="1" changeset="2831907" timestamp="2009-10-13T01:41:04Z" user="generalred" uid="118851" lat="35.9496456" lon="129.2357483"/>
 <node id="529772598" visible="true" version="1" changeset="2831907" timestamp="2009-10-13T01:41:04Z" user="generalred" uid="118851" lat="35.9527250" lon="129.2347306"/>
 <node id="529772599" visible="true" version="1" changeset="2831907" timestamp="2009-10-13T01:41:04Z" user="generalred" uid="118851" lat="35.9568044" lon="129.2345126"/>
 <node id="529772600" visible="true" version="1" changeset="2831907" timestamp="2009-10-13T01:41:04Z" user="generalred" uid="118851" lat="35.9600011" lon="129.2344399"/>
 <node id="529772601" visible="true" version="1" changeset="2831907" timestamp="2009-10-13T01:41:04Z" user="generalred" uid="118851" lat="35.9621976" lon="129.2353364"/>
 <node id="529772602" visible="true" version="1" changeset="2831907" timestamp="2009-10-13T01:41:04Z" user="generalred" uid="118851" lat="35.9630409" lon="129.2357240"/>
 <node id="529772603" visible="true" version="1" changeset="2831907" timestamp="2009-10-13T01:41:04Z" user="generalred" uid="118851" lat="35.9644724" lon="129.2363055"/>
 <node id="529772604" visible="true" version="1" changeset="2831907" timestamp="2009-10-13T01:41:04Z" user="generalred" uid="118851" lat="35.9680807" lon="129.2364751"/>
 <node id="529772605" visible="true" version="1" changeset="2831907" timestamp="2009-10-13T01:41:04Z" user="generalred" uid="118851" lat="35.9700808" lon="129.2364267"/>
 <node id="529772606" visible="true" version="1" changeset="2831907" timestamp="2009-10-13T01:41:04Z" user="generalred" uid="118851" lat="35.9714614" lon="129.2363155"/>
 <node id="529772607" visible="true" version="1" changeset="2831907" timestamp="2009-10-13T01:41:04Z" user="generalred" uid="118851" lat="35.9724573" lon="129.2364584"/>
 <node id="529772608" visible="true" version="1" changeset="2831907" timestamp="2009-10-13T01:41:04Z" user="generalred" uid="118851" lat="35.9740251" lon="129.2371650"/>
 <node id="529772609" visible="true" version="1" changeset="2831907" timestamp="2009-10-13T01:41:04Z" user="generalred" uid="118851" lat="35.9745777" lon="129.2375540"/>
 <node id="529772610" visible="true" version="1" changeset="2831907" timestamp="2009-10-13T01:41:04Z" user="generalred" uid="118851" lat="35.9749246" lon="129.2379828"/>
 <node id="529772611" visible="true" version="1" changeset="2831907" timestamp="2009-10-13T01:41:04Z" user="generalred" uid="118851" lat="35.9783427" lon="129.2416587"/>
 <node id="529772612" visible="true" version="1" changeset="2831907" timestamp="2009-10-13T01:41:05Z" user="generalred" uid="118851" lat="35.9798816" lon="129.2452003"/>
 <node id="529772613" visible="true" version="1" changeset="2831907" timestamp="2009-10-13T01:41:05Z" user="generalred" uid="118851" lat="35.9816216" lon="129.2476837"/>
 <node id="529772614" visible="true" version="1" changeset="2831907" timestamp="2009-10-13T01:41:05Z" user="generalred" uid="118851" lat="35.9835332" lon="129.2490466"/>
 <node id="529772615" visible="true" version="1" changeset="2831907" timestamp="2009-10-13T01:41:05Z" user="generalred" uid="118851" lat="35.9858858" lon="129.2501975"/>
 <node id="529772616" visible="true" version="2" changeset="5188017" timestamp="2010-07-11T08:47:56Z" user="alimamo" uid="7213" lat="35.9874018" lon="129.2517061"/>
 <node id="529772617" visible="true" version="1" changeset="2831907" timestamp="2009-10-13T01:41:05Z" user="generalred" uid="118851" lat="35.9823569" lon="129.2632204"/>
 <node id="529772618" visible="true" version="1" changeset="2831907" timestamp="2009-10-13T01:41:05Z" user="generalred" uid="118851" lat="35.9839743" lon="129.2609187"/>
 <node id="529772619" visible="true" version="2" changeset="5188017" timestamp="2010-07-11T08:47:00Z" user="alimamo" uid="7213" lat="35.9879463" lon="129.2543906"/>
 <node id="529772620" visible="true" version="1" changeset="2831907" timestamp="2009-10-13T01:41:05Z" user="generalred" uid="118851" lat="35.9873072" lon="129.2558609"/>
 <node id="529772621" visible="true" version="1" changeset="2831907" timestamp="2009-10-13T01:41:05Z" user="generalred" uid="118851" lat="35.9861309" lon="129.2579507"/>
 <node id="529772622" visible="true" version="1" changeset="2831907" timestamp="2009-10-13T01:41:05Z" user="generalred" uid="118851" lat="35.9800286" lon="129.2691565"/>
 <node id="529772623" visible="true" version="1" changeset="2831907" timestamp="2009-10-13T01:41:05Z" user="generalred" uid="118851" lat="35.9801022" lon="129.2711251"/>
 <node id="529772624" visible="true" version="1" changeset="2831907" timestamp="2009-10-13T01:41:05Z" user="generalred" uid="118851" lat="35.9803227" lon="129.2668851"/>
 <node id="529772625" visible="true" version="1" changeset="2831907" timestamp="2009-10-13T01:41:05Z" user="generalred" uid="118851" lat="35.9814991" lon="129.2730331"/>
 <node id="529772626" visible="true" version="1" changeset="2831907" timestamp="2009-10-13T01:41:05Z" user="generalred" uid="118851" lat="35.9854937" lon="129.2822098"/>
 <node id="529772627" visible="true" version="1" changeset="2831907" timestamp="2009-10-13T01:41:05Z" user="generalred" uid="118851" lat="35.9866945" lon="129.2847235"/>
 <node id="529772628" visible="true" version="1" changeset="2831907" timestamp="2009-10-13T01:41:06Z" user="generalred" uid="118851" lat="35.9877728" lon="129.2854201"/>
 <node id="529772629" visible="true" version="1" changeset="2831907" timestamp="2009-10-13T01:41:06Z" user="generalred" uid="118851" lat="35.9900518" lon="129.2861772"/>
 <node id="529772630" visible="true" version="1" changeset="2831907" timestamp="2009-10-13T01:41:06Z" user="generalred" uid="118851" lat="35.9918652" lon="129.2872978"/>
 <node id="529772631" visible="true" version="1" changeset="2831907" timestamp="2009-10-13T01:41:06Z" user="generalred" uid="118851" lat="35.9937520" lon="129.2886910"/>
 <node id="529772632" visible="true" version="1" changeset="2831907" timestamp="2009-10-13T01:41:06Z" user="generalred" uid="118851" lat="35.9944871" lon="129.2904476"/>
 <node id="529772633" visible="true" version="1" changeset="2831907" timestamp="2009-10-13T01:41:06Z" user="generalred" uid="118851" lat="35.9944871" lon="129.2919013"/>
 <node id="529772634" visible="true" version="1" changeset="2831907" timestamp="2009-10-13T01:41:06Z" user="generalred" uid="118851" lat="35.9945361" lon="129.2954448"/>
 <node id="529772635" visible="true" version="1" changeset="2831907" timestamp="2009-10-13T01:41:06Z" user="generalred" uid="118851" lat="35.9955407" lon="129.3026831"/>
 <node id="529772636" visible="true" version="1" changeset="2831907" timestamp="2009-10-13T01:41:06Z" user="generalred" uid="118851" lat="35.9964228" lon="129.3065597"/>
 <node id="529772637" visible="true" version="1" changeset="2831907" timestamp="2009-10-13T01:41:06Z" user="generalred" uid="118851" lat="35.9988486" lon="129.3135255"/>
 <node id="529772638" visible="true" version="1" changeset="2831907" timestamp="2009-10-13T01:41:06Z" user="generalred" uid="118851" lat="36.0024504" lon="129.3235502"/>
 <node id="529772639" visible="true" version="1" changeset="2831907" timestamp="2009-10-13T01:41:06Z" user="generalred" uid="118851" lat="36.0034304" lon="129.3288502"/>
 <node id="529772640" visible="true" version="1" changeset="2831907" timestamp="2009-10-13T01:41:06Z" user="generalred" uid="118851" lat="36.0035529" lon="129.3326966"/>
 <node id="529772641" visible="true" version="1" changeset="2831907" timestamp="2009-10-13T01:41:06Z" user="generalred" uid="118851" lat="36.0022788" lon="129.3467493"/>
 <node id="529772642" visible="true" version="1" changeset="2831907" timestamp="2009-10-13T01:41:06Z" user="generalred" uid="118851" lat="36.0018133" lon="129.3565922"/>
 <node id="529772643" visible="true" version="1" changeset="2831907" timestamp="2009-10-13T01:41:06Z" user="generalred" uid="118851" lat="36.0042144" lon="129.3630432"/>
 <node id="529772644" visible="true" version="1" changeset="2831907" timestamp="2009-10-13T01:41:06Z" user="generalred" uid="118851" lat="36.0088204" lon="129.3708267"/>
 <node id="529772645" visible="true" version="2" changeset="45964384" timestamp="2017-02-10T06:02:02Z" user="HahmEunJung" uid="4989627" lat="36.0135477" lon="129.3757048"/>
 <node id="529772646" visible="true" version="2" changeset="45964384" timestamp="2017-02-10T06:02:02Z" user="HahmEunJung" uid="4989627" lat="36.0174225" lon="129.3768485"/>
 <node id="529772647" visible="true" version="2" changeset="45964384" timestamp="2017-02-10T06:02:02Z" user="HahmEunJung" uid="4989627" lat="36.0288363" lon="129.3830881"/>
 <node id="529772649" visible="true" version="3" changeset="57840675" timestamp="2018-04-05T16:19:28Z" user="lorenzo23622" uid="476483" lat="36.0294346" lon="129.3839148"/>
 <node id="530307875" visible="true" version="4" changeset="55981487" timestamp="2018-02-01T23:55:44Z" user="A s u R a" uid="6106804" lat="35.8553371" lon="129.2141476"/>
 <node id="530446069" visible="true" version="2" changeset="135288131" timestamp="2023-04-24T07:24:32Z" user="oruk09" uid="5200439" lat="35.8582030" lon="129.2196336"/>
 <node id="530446082" visible="true" version="3" changeset="158763937" timestamp="2024-11-05T04:30:48Z" user="moaipark" uid="17448023" lat="35.8587641" lon="129.2198458"/>
 <node id="530495102" visible="true" version="4" changeset="111246517" timestamp="2021-09-15T13:51:16Z" user="lensur" uid="9918175" lat="35.8660459" lon="129.2098575"/>
 <node id="530495105" visible="true" version="4" changeset="158799229" timestamp="2024-11-05T23:58:18Z" user="moaipark" uid="17448023" lat="35.8666454" lon="129.2085553"/>
 <node id="530495109" visible="true" version="2" changeset="158799229" timestamp="2024-11-05T23:58:18Z" user="moaipark" uid="17448023" lat="35.8671003" lon="129.2088903"/>
 <node id="530495110" visible="true" version="5" changeset="158799229" timestamp="2024-11-05T23:58:18Z" user="moaipark" uid="17448023" lat="35.8664928" lon="129.2088867"/>
 <node id="530495112" visible="true" version="4" changeset="158799229" timestamp="2024-11-05T23:58:18Z" user="moaipark" uid="17448023" lat="35.8671287" lon="129.2093264"/>
 <node id="530495114" visible="true" version="3" changeset="158799229" timestamp="2024-11-05T23:58:18Z" user="moaipark" uid="17448023" lat="35.8673386" lon="129.2094008"/>
 <node id="530495115" visible="true" version="5" changeset="158799229" timestamp="2024-11-05T23:58:18Z" user="moaipark" uid="17448023" lat="35.8699256" lon="129.2098046"/>
 <node id="530495119" visible="true" version="2" changeset="7921564" timestamp="2011-04-21T01:50:34Z" user="generalred" uid="118851" lat="35.8683365" lon="129.2100842"/>
 <node id="530495136" visible="true" version="3" changeset="56101632" timestamp="2018-02-06T00:34:43Z" user="A s u R a" uid="6106804" lat="35.8645038" lon="129.2102487"/>
 <node id="530495138" visible="true" version="3" changeset="56101632" timestamp="2018-02-06T00:34:43Z" user="A s u R a" uid="6106804" lat="35.8644394" lon="129.2104115"/>
 <node id="530495206" visible="true" version="4" changeset="100247696" timestamp="2021-03-02T05:50:43Z" user="octel" uid="238290" lat="35.8657976" lon="129.2103687"/>
 <node id="530495211" visible="true" version="3" changeset="100247696" timestamp="2021-03-02T05:50:43Z" user="octel" uid="238290" lat="35.8665353" lon="129.2103155"/>
 <node id="530495216" visible="true" version="3" changeset="100247696" timestamp="2021-03-02T05:50:43Z" user="octel" uid="238290" lat="35.8651895" lon="129.2103309"/>
 <node id="530495217" visible="true" version="3" changeset="100247696" timestamp="2021-03-02T05:50:43Z" user="octel" uid="238290" lat="35.8675532" lon="129.2110684"/>
 <node id="530495220" visible="true" version="3" changeset="100247696" timestamp="2021-03-02T05:50:43Z" user="octel" uid="238290" lat="35.8666181" lon="129.2102842"/>
 <node id="530495226" visible="true" version="3" changeset="100247696" timestamp="2021-03-02T05:50:43Z" user="octel" uid="238290" lat="35.8670654" lon="129.2106531"/>
 <node id="530495231" visible="true" version="2" changeset="94689804" timestamp="2020-11-24T08:33:23Z" user="LuxuryCoop" uid="7245212" lat="35.8667842" lon="129.2101879"/>
 <node id="530495256" visible="true" version="5" changeset="100247696" timestamp="2021-03-02T05:50:43Z" user="octel" uid="238290" lat="35.8680673" lon="129.2114961"/>
 <node id="530495257" visible="true" version="3" changeset="100247696" timestamp="2021-03-02T05:50:43Z" user="octel" uid="238290" lat="35.8685455" lon="129.2121265"/>
 <node id="530495267" visible="true" version="2" changeset="7921564" timestamp="2011-04-21T01:51:26Z" user="generalred" uid="118851" lat="35.8685003" lon="129.2101978"/>
 <node id="530495269" visible="true" version="6" changeset="158799229" timestamp="2024-11-05T23:58:18Z" user="moaipark" uid="17448023" lat="35.8687166" lon="129.2103671"/>
 <node id="530495272" visible="true" version="3" changeset="100247696" timestamp="2021-03-02T05:50:43Z" user="octel" uid="238290" lat="35.8688744" lon="129.2126810"/>
 <node id="530495273" visible="true" version="3" changeset="158799229" timestamp="2024-11-05T23:58:18Z" user="moaipark" uid="17448023" lat="35.8678713" lon="129.2111303"/>
 <node id="530495276" visible="true" version="2" changeset="94689804" timestamp="2020-11-24T08:33:23Z" user="LuxuryCoop" uid="7245212" lat="35.8682467" lon="129.2105869"/>
 <node id="530495292" visible="true" version="4" changeset="158799789" timestamp="2024-11-06T00:38:50Z" user="moaipark" uid="17448023" lat="35.8695161" lon="129.2137555"/>
 <node id="811058967" visible="true" version="3" changeset="161491413" timestamp="2025-01-18T13:25:05Z" user="DanielAgos" uid="20972402" lat="35.8658539" lon="129.2066756"/>
 <node id="1882541614" visible="true" version="1" changeset="12856354" timestamp="2012-08-25T14:58:49Z" user="user_615842" uid="615842" lat="35.8661127" lon="129.2035374"/>
 <node id="1882541665" visible="true" version="3" changeset="158803396" timestamp="2024-11-06T05:15:33Z" user="moaipark" uid="17448023" lat="35.8693962" lon="129.2054505"/>
 <node id="1882541692" visible="true" version="1" changeset="12856354" timestamp="2012-08-25T14:58:50Z" user="user_615842" uid="615842" lat="35.8650303" lon="129.2030438"/>
 <node id="1882541793" visible="true" version="1" changeset="12856354" timestamp="2012-08-25T14:58:52Z" user="user_615842" uid="615842" lat="35.8669555" lon="129.2039066"/>
 <node id="1882541819" visible="true" version="2" changeset="158803396" timestamp="2024-11-06T05:15:33Z" user="moaipark" uid="17448023" lat="35.8680557" lon="129.2044450"/>
 <node id="1882541833" visible="true" version="1" changeset="12856354" timestamp="2012-08-25T14:58:53Z" user="user_615842" uid="615842" lat="35.8673952" lon="129.2040899"/>
 <node id="1882541842" visible="true" version="3" changeset="135035434" timestamp="2023-04-17T23:19:00Z" user="Weathering" uid="12509199" lat="35.8638710" lon="129.2002823"/>
 <node id="1882541897" visible="true" version="2" changeset="135035434" timestamp="2023-04-17T23:19:00Z" user="Weathering" uid="12509199" lat="35.8640259" lon="129.2010597"/>
 <node id="2120268692" visible="true" version="1" changeset="14715294" timestamp="2013-01-20T01:52:58Z" user="user_615842" uid="615842" lat="35.8681284" lon="129.2023847"/>
 <node id="2260026945" visible="true" version="2" changeset="158763937" timestamp="2024-11-05T04:30:48Z" user="moaipark" uid="17448023" lat="35.8600063" lon="129.2200797"/>
 <node id="3230226819" visible="true" version="2" changeset="100247696" timestamp="2021-03-02T05:50:44Z" user="octel" uid="238290" lat="35.8692239" lon="129.2132923"/>
 <node id="3447716529" visible="true" version="1" changeset="30107587" timestamp="2015-04-10T01:21:01Z" user="Albertus Liberius" uid="705333" lat="35.8728666" lon="129.2106994"/>
 <node id="3657648705" visible="true" version="1" changeset="32732082" timestamp="2015-07-19T12:36:17Z" user="IRTC1015" uid="223224" lat="35.8432678" lon="129.1995574"/>
 <node id="3657648717" visible="true" version="1" changeset="32732082" timestamp="2015-07-19T12:36:17Z" user="IRTC1015" uid="223224" lat="35.8443203" lon="129.1996690"/>
 <node id="3657648928" visible="true" version="1" changeset="32732082" timestamp="2015-07-19T12:36:18Z" user="IRTC1015" uid="223224" lat="35.8470778" lon="129.1983126"/>
 <node id="3657648945" visible="true" version="2" changeset="140948216" timestamp="2023-09-07T16:12:33Z" user="GOCHIDA" uid="9620250" lat="35.8506796" lon="129.1992500"/>
 <node id="3657648952" visible="true" version="2" changeset="140948216" timestamp="2023-09-07T16:12:33Z" user="GOCHIDA" uid="9620250" lat="35.8510366" lon="129.1991729"/>
 <node id="3657648980" visible="true" version="1" changeset="32732082" timestamp="2015-07-19T12:36:19Z" user="IRTC1015" uid="223224" lat="35.8576283" lon="129.2018483"/>
 <node id="3657648997" visible="true" version="1" changeset="32732082" timestamp="2015-07-19T12:36:19Z" user="IRTC1015" uid="223224" lat="35.8592822" lon="129.2032669"/>
 <node id="3657649012" visible="true" version="1" changeset="32732082" timestamp="2015-07-19T12:36:19Z" user="IRTC1015" uid="223224" lat="35.8613555" lon="129.2046920"/>
 <node id="3657649016" visible="true" version="1" changeset="32732082" timestamp="2015-07-19T12:36:19Z" user="IRTC1015" uid="223224" lat="35.8615677" lon="129.2047609"/>
 <node id="3657649020" visible="true" version="1" changeset="32732082" timestamp="2015-07-19T12:36:19Z" user="IRTC1015" uid="223224" lat="35.8622219" lon="129.2049806"/>
 <node id="3657649021" visible="true" version="1" changeset="32732082" timestamp="2015-07-19T12:36:19Z" user="IRTC1015" uid="223224" lat="35.8637133" lon="129.2056578"/>
 <node id="3664272243" visible="true" version="1" changeset="32845425" timestamp="2015-07-24T09:53:07Z" user="pratikyadav" uid="2905914" lat="35.8251073" lon="129.2087655"/>
 <node id="3756928860" visible="true" version="1" changeset="34220251" timestamp="2015-09-24T08:00:58Z" user="lucadelu" uid="13591" lat="35.8215160" lon="129.2337660"/>
 <node id="3866895172" visible="true" version="1" changeset="35644362" timestamp="2015-11-29T11:40:26Z" user="Helmchen42" uid="1817244" lat="35.9276357" lon="129.2407158"/>
 <node id="3866895346" visible="true" version="1" changeset="35644362" timestamp="2015-11-29T11:40:29Z" user="Helmchen42" uid="1817244" lat="35.9788487" lon="129.2428231"/>
 <node id="3866895376" visible="true" version="1" changeset="35644362" timestamp="2015-11-29T11:40:29Z" user="Helmchen42" uid="1817244" lat="35.9806105" lon="129.2718194"/>
 <node id="3972492323" visible="true" version="1" changeset="36848283" timestamp="2016-01-28T00:28:19Z" user="georhoko" uid="1708958" lat="35.8642313" lon="129.2026835"/>
 <node id="3972492329" visible="true" version="1" changeset="36848283" timestamp="2016-01-28T00:28:19Z" user="georhoko" uid="1708958" lat="35.8647384" lon="129.2029122"/>
 <node id="3972492336" visible="true" version="1" changeset="36848283" timestamp="2016-01-28T00:28:19Z" user="georhoko" uid="1708958" lat="35.8654895" lon="129.2032532"/>
 <node id="3972492345" visible="true" version="1" changeset="36848283" timestamp="2016-01-28T00:28:19Z" user="georhoko" uid="1708958" lat="35.8663785" lon="129.2036538"/>
 <node id="4735579149" visible="true" version="3" changeset="158799229" timestamp="2024-11-05T23:58:18Z" user="moaipark" uid="17448023" lat="35.8667351" lon="129.2082679"/>
 <node id="4735579150" visible="true" version="3" changeset="158763937" timestamp="2024-11-05T04:30:48Z" user="moaipark" uid="17448023" lat="35.8661472" lon="129.2095261"/>
 <node id="4735579151" visible="true" version="2" changeset="158763937" timestamp="2024-11-05T04:30:48Z" user="moaipark" uid="17448023" lat="35.8651496" lon="129.2088507"/>
 <node id="4735579152" visible="true" version="2" changeset="158763937" timestamp="2024-11-05T04:30:48Z" user="moaipark" uid="17448023" lat="35.8656451" lon="129.2075470"/>
 <node id="4767601785" visible="true" version="1" changeset="47329537" timestamp="2017-03-31T15:27:55Z" user="Albertus Liberius" uid="705333" lat="35.9140650" lon="129.2388495"/>
 <node id="5192792460" visible="true" version="1" changeset="53279938" timestamp="2017-10-27T04:23:16Z" user="Ja2Sy" uid="5294332" lat="35.8632887" lon="129.2056990"/>
 <node id="5192792461" visible="true" version="1" changeset="53279938" timestamp="2017-10-27T04:23:16Z" user="Ja2Sy" uid="5294332" lat="35.8630200" lon="129.2055355"/>
 <node id="5192792462" visible="true" version="1" changeset="53279938" timestamp="2017-10-27T04:23:16Z" user="Ja2Sy" uid="5294332" lat="35.8623425" lon="129.2053020"/>
 <node id="5192792463" visible="true" version="1" changeset="53279938" timestamp="2017-10-27T04:23:16Z" user="Ja2Sy" uid="5294332" lat="35.8620473" lon="129.2052133"/>
 <node id="5192792464" visible="true" version="1" changeset="53279938" timestamp="2017-10-27T04:23:16Z" user="Ja2Sy" uid="5294332" lat="35.8619716" lon="129.2055495"/>
 <node id="5192792465" visible="true" version="1" changeset="53279938" timestamp="2017-10-27T04:23:16Z" user="Ja2Sy" uid="5294332" lat="35.8629026" lon="129.2058858"/>
 <node id="5192792466" visible="true" version="1" changeset="53279938" timestamp="2017-10-27T04:23:16Z" user="Ja2Sy" uid="5294332" lat="35.8629935" lon="129.2059278"/>
 <node id="5192792467" visible="true" version="1" changeset="53279938" timestamp="2017-10-27T04:23:16Z" user="Ja2Sy" uid="5294332" lat="35.8628383" lon="129.2064742"/>
 <node id="5192792468" visible="true" version="1" changeset="53279938" timestamp="2017-10-27T04:23:16Z" user="Ja2Sy" uid="5294332" lat="35.8629556" lon="129.2065442"/>
 <node id="5192792469" visible="true" version="1" changeset="53279938" timestamp="2017-10-27T04:23:16Z" user="Ja2Sy" uid="5294332" lat="35.8635181" lon="129.2055344"/>
 <node id="5192792470" visible="true" version="1" changeset="53279938" timestamp="2017-10-27T04:23:16Z" user="Ja2Sy" uid="5294332" lat="35.8625890" lon="129.2076814"/>
 <node id="5192792471" visible="true" version="3" changeset="56101632" timestamp="2018-02-06T00:34:43Z" user="A s u R a" uid="6106804" lat="35.8611408" lon="129.2100368"/>
 <node id="5192792477" visible="true" version="2" changeset="53280554" timestamp="2017-10-27T05:27:35Z" user="Ja2Sy" uid="5294332" lat="35.8620547" lon="129.2087004"/>
 <node id="5192792478" visible="true" version="1" changeset="53279938" timestamp="2017-10-27T04:23:16Z" user="Ja2Sy" uid="5294332" lat="35.8621809" lon="129.2087004"/>
 <node id="5192792479" visible="true" version="1" changeset="53279938" timestamp="2017-10-27T04:23:16Z" user="Ja2Sy" uid="5294332" lat="35.8623185" lon="129.2086225"/>
 <node id="5192792480" visible="true" version="1" changeset="53279938" timestamp="2017-10-27T04:23:16Z" user="Ja2Sy" uid="5294332" lat="35.8623644" lon="129.2085446"/>
 <node id="5192792481" visible="true" version="1" changeset="53279938" timestamp="2017-10-27T04:23:16Z" user="Ja2Sy" uid="5294332" lat="35.8623931" lon="129.2084102"/>
 <node id="5192792482" visible="true" version="1" changeset="53279938" timestamp="2017-10-27T04:23:16Z" user="Ja2Sy" uid="5294332" lat="35.8625222" lon="129.2082898"/>
 <node id="5192792483" visible="true" version="1" changeset="53279938" timestamp="2017-10-27T04:23:16Z" user="Ja2Sy" uid="5294332" lat="35.8626312" lon="129.2081270"/>
 <node id="5192792484" visible="true" version="1" changeset="53279938" timestamp="2017-10-27T04:23:16Z" user="Ja2Sy" uid="5294332" lat="35.8626713" lon="129.2079607"/>
 <node id="5192792485" visible="true" version="1" changeset="53279938" timestamp="2017-10-27T04:23:16Z" user="Ja2Sy" uid="5294332" lat="35.8627717" lon="129.2078439"/>
 <node id="5192792486" visible="true" version="1" changeset="53279938" timestamp="2017-10-27T04:23:16Z" user="Ja2Sy" uid="5294332" lat="35.8629151" lon="129.2077412"/>
 <node id="5192792487" visible="true" version="2" changeset="56101632" timestamp="2018-02-06T00:34:43Z" user="A s u R a" uid="6106804" lat="35.8629625" lon="129.2076013"/>
 <node id="5192792488" visible="true" version="1" changeset="53279938" timestamp="2017-10-27T04:23:16Z" user="Ja2Sy" uid="5294332" lat="35.8629553" lon="129.2073909"/>
 <node id="5192792489" visible="true" version="1" changeset="53279938" timestamp="2017-10-27T04:23:16Z" user="Ja2Sy" uid="5294332" lat="35.8629868" lon="129.2072422"/>
 <node id="5192792490" visible="true" version="1" changeset="53279938" timestamp="2017-10-27T04:23:17Z" user="Ja2Sy" uid="5294332" lat="35.8631303" lon="129.2070971"/>
 <node id="5192792491" visible="true" version="1" changeset="53279938" timestamp="2017-10-27T04:23:17Z" user="Ja2Sy" uid="5294332" lat="35.8632393" lon="129.2069839"/>
 <node id="5192792492" visible="true" version="1" changeset="53279938" timestamp="2017-10-27T04:23:17Z" user="Ja2Sy" uid="5294332" lat="35.8632708" lon="129.2067998"/>
 <node id="5192792493" visible="true" version="1" changeset="53279938" timestamp="2017-10-27T04:23:17Z" user="Ja2Sy" uid="5294332" lat="35.8634142" lon="129.2071431"/>
 <node id="5192792494" visible="true" version="1" changeset="53279938" timestamp="2017-10-27T04:23:17Z" user="Ja2Sy" uid="5294332" lat="35.8634945" lon="129.2071714"/>
 <node id="5192792495" visible="true" version="1" changeset="53279938" timestamp="2017-10-27T04:23:17Z" user="Ja2Sy" uid="5294332" lat="35.8636609" lon="129.2072741"/>
 <node id="5192792496" visible="true" version="1" changeset="53279938" timestamp="2017-10-27T04:23:17Z" user="Ja2Sy" uid="5294332" lat="35.8637297" lon="129.2073873"/>
 <node id="5192792497" visible="true" version="1" changeset="53279938" timestamp="2017-10-27T04:23:17Z" user="Ja2Sy" uid="5294332" lat="35.8637154" lon="129.2075183"/>
 <node id="5192792498" visible="true" version="1" changeset="53279938" timestamp="2017-10-27T04:23:17Z" user="Ja2Sy" uid="5294332" lat="35.8636265" lon="129.2075784"/>
 <node id="5192792499" visible="true" version="1" changeset="53279938" timestamp="2017-10-27T04:23:17Z" user="Ja2Sy" uid="5294332" lat="35.8634888" lon="129.2076598"/>
 <node id="5192792500" visible="true" version="1" changeset="53279938" timestamp="2017-10-27T04:23:17Z" user="Ja2Sy" uid="5294332" lat="35.8634429" lon="129.2077412"/>
 <node id="5192792501" visible="true" version="1" changeset="53279938" timestamp="2017-10-27T04:23:17Z" user="Ja2Sy" uid="5294332" lat="35.8634200" lon="129.2078439"/>
 <node id="5192792502" visible="true" version="1" changeset="53279938" timestamp="2017-10-27T04:23:17Z" user="Ja2Sy" uid="5294332" lat="35.8634027" lon="129.2079111"/>
 <node id="5192792503" visible="true" version="1" changeset="53279938" timestamp="2017-10-27T04:23:17Z" user="Ja2Sy" uid="5294332" lat="35.8633339" lon="129.2079642"/>
 <node id="5192792504" visible="true" version="1" changeset="53279938" timestamp="2017-10-27T04:23:17Z" user="Ja2Sy" uid="5294332" lat="35.8632507" lon="129.2080208"/>
 <node id="5192792505" visible="true" version="1" changeset="53279938" timestamp="2017-10-27T04:23:17Z" user="Ja2Sy" uid="5294332" lat="35.8631962" lon="129.2080492"/>
 <node id="5192792506" visible="true" version="1" changeset="53279938" timestamp="2017-10-27T04:23:17Z" user="Ja2Sy" uid="5294332" lat="35.8631561" lon="129.2082226"/>
 <node id="5192792507" visible="true" version="1" changeset="53279938" timestamp="2017-10-27T04:23:17Z" user="Ja2Sy" uid="5294332" lat="35.8629983" lon="129.2082934"/>
 <node id="5192792508" visible="true" version="1" changeset="53279938" timestamp="2017-10-27T04:23:17Z" user="Ja2Sy" uid="5294332" lat="35.8628520" lon="129.2082863"/>
 <node id="5192792509" visible="true" version="1" changeset="53279938" timestamp="2017-10-27T04:23:17Z" user="Ja2Sy" uid="5294332" lat="35.8627746" lon="129.2081518"/>
 <node id="5192792510" visible="true" version="1" changeset="53279938" timestamp="2017-10-27T04:23:17Z" user="Ja2Sy" uid="5294332" lat="35.8634544" lon="129.2075961"/>
 <node id="5192792511" visible="true" version="1" changeset="53279938" timestamp="2017-10-27T04:23:17Z" user="Ja2Sy" uid="5294332" lat="35.8633884" lon="129.2075855"/>
 <node id="5192792512" visible="true" version="1" changeset="53279938" timestamp="2017-10-27T04:23:17Z" user="Ja2Sy" uid="5294332" lat="35.8633282" lon="129.2076315"/>
 <node id="5192792513" visible="true" version="1" changeset="53279938" timestamp="2017-10-27T04:23:17Z" user="Ja2Sy" uid="5294332" lat="35.8632306" lon="129.2076705"/>
 <node id="5192792516" visible="true" version="1" changeset="53279938" timestamp="2017-10-27T04:23:17Z" user="Ja2Sy" uid="5294332" lat="35.8625996" lon="129.2077837"/>
 <node id="5192792526" visible="true" version="1" changeset="53279938" timestamp="2017-10-27T04:23:17Z" user="Ja2Sy" uid="5294332" lat="35.8637470" lon="129.2073141"/>
 <node id="5192792527" visible="true" version="2" changeset="139711939" timestamp="2023-08-10T15:11:11Z" user="찬스입니다" uid="19088642" lat="35.8638281" lon="129.2071604"/>
 <node id="5192792528" visible="true" version="1" changeset="53279938" timestamp="2017-10-27T04:23:17Z" user="Ja2Sy" uid="5294332" lat="35.8634798" lon="129.2071076"/>
 <node id="5192792529" visible="true" version="1" changeset="53279938" timestamp="2017-10-27T04:23:17Z" user="Ja2Sy" uid="5294332" lat="35.8635185" lon="129.2070291"/>
 <node id="5270031919" visible="true" version="2" changeset="56101632" timestamp="2018-02-06T00:34:43Z" user="A s u R a" uid="6106804" lat="35.8635337" lon="129.2056986"/>
 <node id="5283568557" visible="true" version="2" changeset="55981487" timestamp="2018-02-01T23:55:44Z" user="A s u R a" uid="6106804" lat="35.8565249" lon="129.2169289"/>
 <node id="5283568558" visible="true" version="2" changeset="55981487" timestamp="2018-02-01T23:55:44Z" user="A s u R a" uid="6106804" lat="35.8562467" lon="129.2156018"/>
 <node id="5283568559" visible="true" version="2" changeset="55981487" timestamp="2018-02-01T23:55:44Z" user="A s u R a" uid="6106804" lat="35.8565425" lon="129.2166997"/>
 <node id="5283568560" visible="true" version="1" changeset="54618130" timestamp="2017-12-14T08:51:40Z" user="애기샤" uid="5332574" lat="35.8578883" lon="129.2171548"/>
 <node id="5283568561" visible="true" version="2" changeset="135288131" timestamp="2023-04-24T07:24:32Z" user="oruk09" uid="5200439" lat="35.8578145" lon="129.2179018"/>
 <node id="5283568564" visible="true" version="2" changeset="158763937" timestamp="2024-11-05T04:30:48Z" user="moaipark" uid="17448023" lat="35.8598746" lon="129.2201877"/>
 <node id="5283568565" visible="true" version="2" changeset="158763937" timestamp="2024-11-05T04:30:48Z" user="moaipark" uid="17448023" lat="35.8599408" lon="129.2201497"/>
 <node id="5283568566" visible="true" version="2" changeset="158763937" timestamp="2024-11-05T04:30:48Z" user="moaipark" uid="17448023" lat="35.8607237" lon="129.2191807"/>
 <node id="5283568567" visible="true" version="2" changeset="158763937" timestamp="2024-11-05T04:30:48Z" user="moaipark" uid="17448023" lat="35.8603079" lon="129.2197082"/>
 <node id="5283568568" visible="true" version="2" changeset="158763937" timestamp="2024-11-05T04:30:48Z" user="moaipark" uid="17448023" lat="35.8601218" lon="129.2199529"/>
 <node id="5379550130" visible="true" version="1" changeset="55981487" timestamp="2018-02-01T23:55:42Z" user="A s u R a" uid="6106804" lat="35.8564026" lon="129.2162509"/>
 <node id="5379550132" visible="true" version="1" changeset="55981487" timestamp="2018-02-01T23:55:42Z" user="A s u R a" uid="6106804" lat="35.8562344" lon="129.2142226"/>
 <node id="5391243054" visible="true" version="1" changeset="56101410" timestamp="2018-02-06T00:17:37Z" user="A s u R a" uid="6106804" lat="35.8657063" lon="129.2069976">
  <tag k="highway" v="traffic_signals"/>
 </node>
 <node id="5391243055" visible="true" version="1" changeset="56101410" timestamp="2018-02-06T00:17:37Z" user="A s u R a" uid="6106804" lat="35.8655870" lon="129.2070349"/>
 <node id="5391304069" visible="true" version="1" changeset="56101632" timestamp="2018-02-06T00:34:42Z" user="A s u R a" uid="6106804" lat="35.8635007" lon="129.2124968"/>
 <node id="5391304070" visible="true" version="1" changeset="56101632" timestamp="2018-02-06T00:34:42Z" user="A s u R a" uid="6106804" lat="35.8639555" lon="129.2116280"/>
 <node id="5391304071" visible="true" version="1" changeset="56101632" timestamp="2018-02-06T00:34:42Z" user="A s u R a" uid="6106804" lat="35.8638612" lon="129.2115289"/>
 <node id="5391304072" visible="true" version="1" changeset="56101632" timestamp="2018-02-06T00:34:42Z" user="A s u R a" uid="6106804" lat="35.8624687" lon="129.2153483"/>
 <node id="5391304073" visible="true" version="1" changeset="56101632" timestamp="2018-02-06T00:34:42Z" user="A s u R a" uid="6106804" lat="35.8619685" lon="129.2166146"/>
 <node id="5391304075" visible="true" version="1" changeset="56101632" timestamp="2018-02-06T00:34:42Z" user="A s u R a" uid="6106804" lat="35.8627267" lon="129.2076323"/>
 <node id="5391304076" visible="true" version="1" changeset="56101632" timestamp="2018-02-06T00:34:42Z" user="A s u R a" uid="6106804" lat="35.8629650" lon="129.2070195"/>
 <node id="5391304077" visible="true" version="1" changeset="56101632" timestamp="2018-02-06T00:34:42Z" user="A s u R a" uid="6106804" lat="35.8639690" lon="129.2101872"/>
 <node id="5391304078" visible="true" version="1" changeset="56101632" timestamp="2018-02-06T00:34:42Z" user="A s u R a" uid="6106804" lat="35.8639001" lon="129.2102085"/>
 <node id="5391304079" visible="true" version="1" changeset="56101632" timestamp="2018-02-06T00:34:42Z" user="A s u R a" uid="6106804" lat="35.8632662" lon="129.2101448"/>
 <node id="5391304080" visible="true" version="1" changeset="56101632" timestamp="2018-02-06T00:34:42Z" user="A s u R a" uid="6106804" lat="35.8628790" lon="129.2100952"/>
 <node id="5391304081" visible="true" version="1" changeset="56101632" timestamp="2018-02-06T00:34:42Z" user="A s u R a" uid="6106804" lat="35.8627351" lon="129.2100917"/>
 <node id="5391304082" visible="true" version="1" changeset="56101632" timestamp="2018-02-06T00:34:42Z" user="A s u R a" uid="6106804" lat="35.8623321" lon="129.2101492"/>
 <node id="5391304083" visible="true" version="1" changeset="56101632" timestamp="2018-02-06T00:34:42Z" user="A s u R a" uid="6106804" lat="35.8617776" lon="129.2100917"/>
 <node id="5470453205" visible="true" version="2" changeset="103708164" timestamp="2021-04-27T12:50:01Z" user="Min_T" uid="8386494" lat="35.8873053" lon="129.2221254"/>
 <node id="5470453206" visible="true" version="1" changeset="57075063" timestamp="2018-03-11T08:16:26Z" user="root361" uid="2106424" lat="35.8835218" lon="129.2155695"/>
 <node id="5470453207" visible="true" version="1" changeset="57075063" timestamp="2018-03-11T08:16:26Z" user="root361" uid="2106424" lat="35.8812964" lon="129.2141962"/>
 <node id="5470453208" visible="true" version="1" changeset="57075063" timestamp="2018-03-11T08:16:26Z" user="root361" uid="2106424" lat="35.8785147" lon="129.2129946"/>
 <node id="5470453209" visible="true" version="1" changeset="57075063" timestamp="2018-03-11T08:16:26Z" user="root361" uid="2106424" lat="35.8763935" lon="129.2125010"/>
 <node id="5470453210" visible="true" version="1" changeset="57075063" timestamp="2018-03-11T08:16:26Z" user="root361" uid="2106424" lat="35.8732812" lon="129.2109775"/>
 <node id="5470453211" visible="true" version="1" changeset="57075063" timestamp="2018-03-11T08:16:26Z" user="root361" uid="2106424" lat="35.8707948" lon="129.2093038"/>
 <node id="5470453212" visible="true" version="1" changeset="57075063" timestamp="2018-03-11T08:16:26Z" user="root361" uid="2106424" lat="35.8666042" lon="129.2068362"/>
 <node id="5470453213" visible="true" version="1" changeset="57075063" timestamp="2018-03-11T08:16:26Z" user="root361" uid="2106424" lat="35.8624698" lon="129.2034191"/>
 <node id="6489708469" visible="true" version="1" changeset="70498371" timestamp="2019-05-22T03:31:17Z" user="Albertus Liberius" uid="705333" lat="35.9945012" lon="129.2929208"/>
 <node id="6699604138" visible="true" version="2" changeset="172017710" timestamp="2025-09-16T14:14:17Z" user="hangukhistory" uid="17860844" lat="35.8293966" lon="129.2185506"/>
 <node id="6699604139" visible="true" version="1" changeset="73231721" timestamp="2019-08-11T01:36:39Z" user="TristanOSM" uid="689386" lat="35.8295917" lon="129.2165698"/>
 <node id="6699604140" visible="true" version="2" changeset="92046134" timestamp="2020-10-06T11:35:14Z" user="season3" uid="7863825" lat="35.8289887" lon="129.2177543"/>
 <node id="6699604141" visible="true" version="2" changeset="92046134" timestamp="2020-10-06T11:35:14Z" user="season3" uid="7863825" lat="35.8292243" lon="129.2194989"/>
 <node id="7663503169" visible="true" version="2" changeset="87283380" timestamp="2020-06-29T09:04:50Z" user="evilen" uid="11408111" lat="35.9820461" lon="129.1582018"/>
 <node id="7663564226" visible="true" version="2" changeset="87319894" timestamp="2020-06-30T03:27:19Z" user="evilen" uid="11408111" lat="35.9813870" lon="129.2357426"/>
 <node id="7663564227" visible="true" version="2" changeset="87319894" timestamp="2020-06-30T03:27:19Z" user="evilen" uid="11408111" lat="35.9819881" lon="129.2330017"/>
 <node id="7663564228" visible="true" version="2" changeset="87319894" timestamp="2020-06-30T03:27:19Z" user="evilen" uid="11408111" lat="35.9816301" lon="129.2320401"/>
 <node id="7663564229" visible="true" version="2" changeset="87319894" timestamp="2020-06-30T03:27:19Z" user="evilen" uid="11408111" lat="35.9830306" lon="129.2315702"/>
 <node id="7663564230" visible="true" version="2" changeset="87319894" timestamp="2020-06-30T03:27:19Z" user="evilen" uid="11408111" lat="35.9832256" lon="129.2304677"/>
 <node id="7663564231" visible="true" version="2" changeset="87319894" timestamp="2020-06-30T03:27:19Z" user="evilen" uid="11408111" lat="35.9837991" lon="129.2307644"/>
 <node id="7663564232" visible="true" version="2" changeset="87319894" timestamp="2020-06-30T03:27:19Z" user="evilen" uid="11408111" lat="35.9847638" lon="129.2296278"/>
 <node id="7663564233" visible="true" version="2" changeset="87319894" timestamp="2020-06-30T03:27:19Z" user="evilen" uid="11408111" lat="35.9845649" lon="129.2278321"/>
 <node id="7663564234" visible="true" version="2" changeset="87319894" timestamp="2020-06-30T03:27:19Z" user="evilen" uid="11408111" lat="35.9855162" lon="129.2284403"/>
 <node id="7663564235" visible="true" version="2" changeset="87319894" timestamp="2020-06-30T03:27:19Z" user="evilen" uid="11408111" lat="35.9853167" lon="129.2265289"/>
 <node id="7663564236" visible="true" version="3" changeset="87341218" timestamp="2020-06-30T09:51:01Z" user="evilen" uid="11408111" lat="35.9866402" lon="129.2256349"/>
 <node id="7663564237" visible="true" version="1" changeset="87283380" timestamp="2020-06-29T09:04:50Z" user="evilen" uid="11408111" lat="35.9868466" lon="129.2245432"/>
 <node id="7663564238" visible="true" version="2" changeset="87319894" timestamp="2020-06-30T03:27:19Z" user="evilen" uid="11408111" lat="35.9859483" lon="129.2252216"/>
 <node id="7663564239" visible="true" version="3" changeset="87429522" timestamp="2020-07-02T05:17:03Z" user="evilen" uid="11408111" lat="35.9865570" lon="129.2213314"/>
 <node id="7663564240" visible="true" version="2" changeset="87319894" timestamp="2020-06-30T03:27:19Z" user="evilen" uid="11408111" lat="35.9873783" lon="129.2211187"/>
 <node id="7663564241" visible="true" version="6" changeset="87432028" timestamp="2020-07-02T06:04:07Z" user="evilen" uid="11408111" lat="35.9866360" lon="129.2187102"/>
 <node id="7663564242" visible="true" version="3" changeset="87429522" timestamp="2020-07-02T05:17:03Z" user="evilen" uid="11408111" lat="35.9874657" lon="129.2185157"/>
 <node id="7663564243" visible="true" version="3" changeset="87429522" timestamp="2020-07-02T05:17:03Z" user="evilen" uid="11408111" lat="35.9865700" lon="129.2176805"/>
 <node id="7663564244" visible="true" version="2" changeset="87328765" timestamp="2020-06-30T06:40:39Z" user="evilen" uid="11408111" lat="35.9877091" lon="129.2154669"/>
 <node id="7663564245" visible="true" version="2" changeset="87319894" timestamp="2020-06-30T03:27:19Z" user="evilen" uid="11408111" lat="35.9871526" lon="129.2149829"/>
 <node id="7663564246" visible="true" version="3" changeset="87341603" timestamp="2020-06-30T09:56:40Z" user="evilen" uid="11408111" lat="35.9882008" lon="129.2133701"/>
 <node id="7663564247" visible="true" version="2" changeset="87319894" timestamp="2020-06-30T03:27:19Z" user="evilen" uid="11408111" lat="35.9877017" lon="129.2128725"/>
 <node id="7663564248" visible="true" version="3" changeset="87328765" timestamp="2020-06-30T06:40:39Z" user="evilen" uid="11408111" lat="35.9889164" lon="129.2120650"/>
 <node id="7663564249" visible="true" version="1" changeset="87283380" timestamp="2020-06-29T09:04:50Z" user="evilen" uid="11408111" lat="35.9891841" lon="129.2102540"/>
 <node id="7663564250" visible="true" version="4" changeset="87341603" timestamp="2020-06-30T09:56:40Z" user="evilen" uid="11408111" lat="35.9901454" lon="129.2098566"/>
 <node id="7663564251" visible="true" version="2" changeset="87319894" timestamp="2020-06-30T03:27:19Z" user="evilen" uid="11408111" lat="35.9906014" lon="129.2073261"/>
 <node id="7663564252" visible="true" version="4" changeset="87429522" timestamp="2020-07-02T05:17:03Z" user="evilen" uid="11408111" lat="35.9920848" lon="129.2062242"/>
 <node id="7663564253" visible="true" version="2" changeset="87319894" timestamp="2020-06-30T03:27:19Z" user="evilen" uid="11408111" lat="35.9928499" lon="129.2028304"/>
 <node id="7663564254" visible="true" version="3" changeset="87328765" timestamp="2020-06-30T06:40:39Z" user="evilen" uid="11408111" lat="35.9934843" lon="129.2038688"/>
 <node id="7663564255" visible="true" version="3" changeset="87424605" timestamp="2020-07-02T02:50:01Z" user="evilen" uid="11408111" lat="35.9944712" lon="129.1999753"/>
 <node id="7663564256" visible="true" version="3" changeset="87429522" timestamp="2020-07-02T05:17:03Z" user="evilen" uid="11408111" lat="35.9937371" lon="129.2033145"/>
 <node id="7663564257" visible="true" version="2" changeset="87319894" timestamp="2020-06-30T03:27:19Z" user="evilen" uid="11408111" lat="35.9943172" lon="129.2018611"/>
 <node id="7663564258" visible="true" version="2" changeset="87319894" timestamp="2020-06-30T03:27:19Z" user="evilen" uid="11408111" lat="35.9946602" lon="129.2008078"/>
 <node id="7663564259" visible="true" version="3" changeset="87424605" timestamp="2020-07-02T02:50:01Z" user="evilen" uid="11408111" lat="35.9951502" lon="129.1986833"/>
 <node id="7663564260" visible="true" version="2" changeset="87319894" timestamp="2020-06-30T03:27:19Z" user="evilen" uid="11408111" lat="35.9952806" lon="129.1992438"/>
 <node id="7663564261" visible="true" version="2" changeset="87319894" timestamp="2020-06-30T03:27:19Z" user="evilen" uid="11408111" lat="35.9961030" lon="129.1963526"/>
 <node id="7663564262" visible="true" version="1" changeset="87283380" timestamp="2020-06-29T09:04:50Z" user="evilen" uid="11408111" lat="35.9965412" lon="129.1966654"/>
 <node id="7663564263" visible="true" version="1" changeset="87283380" timestamp="2020-06-29T09:04:50Z" user="evilen" uid="11408111" lat="35.9970733" lon="129.1953379"/>
 <node id="7663564264" visible="true" version="2" changeset="87319894" timestamp="2020-06-30T03:27:19Z" user="evilen" uid="11408111" lat="35.9966829" lon="129.1950689"/>
 <node id="7663564265" visible="true" version="2" changeset="87319894" timestamp="2020-06-30T03:27:19Z" user="evilen" uid="11408111" lat="35.9969282" lon="129.1939424"/>
 <node id="7663564266" visible="true" version="1" changeset="87283380" timestamp="2020-06-29T09:04:50Z" user="evilen" uid="11408111" lat="35.9971687" lon="129.1934597"/>
 <node id="7663564267" visible="true" version="2" changeset="87319894" timestamp="2020-06-30T03:27:19Z" user="evilen" uid="11408111" lat="35.9964197" lon="129.1922450"/>
 <node id="7663564268" visible="true" version="1" changeset="87283380" timestamp="2020-06-29T09:04:50Z" user="evilen" uid="11408111" lat="35.9969238" lon="129.1917924"/>
 <node id="7663564269" visible="true" version="1" changeset="87283380" timestamp="2020-06-29T09:04:50Z" user="evilen" uid="11408111" lat="35.9972902" lon="129.1941708"/>
 <node id="7663564270" visible="true" version="2" changeset="87319894" timestamp="2020-06-30T03:27:19Z" user="evilen" uid="11408111" lat="35.9964449" lon="129.1910678"/>
 <node id="7663564271" visible="true" version="1" changeset="87283380" timestamp="2020-06-29T09:04:50Z" user="evilen" uid="11408111" lat="35.9965794" lon="129.1895544"/>
 <node id="7663564272" visible="true" version="2" changeset="87319894" timestamp="2020-06-30T03:27:19Z" user="evilen" uid="11408111" lat="35.9960748" lon="129.1893764"/>
 <node id="7663564273" visible="true" version="1" changeset="87283380" timestamp="2020-06-29T09:04:50Z" user="evilen" uid="11408111" lat="35.9961244" lon="129.1880239"/>
 <node id="7663564274" visible="true" version="2" changeset="87319894" timestamp="2020-06-30T03:27:19Z" user="evilen" uid="11408111" lat="35.9952814" lon="129.1878787"/>
 <node id="7663564275" visible="true" version="1" changeset="87283380" timestamp="2020-06-29T09:04:50Z" user="evilen" uid="11408111" lat="35.9945263" lon="129.1863646"/>
 <node id="7663564276" visible="true" version="2" changeset="87319894" timestamp="2020-06-30T03:27:19Z" user="evilen" uid="11408111" lat="35.9948006" lon="129.1874891"/>
 <node id="7663564277" visible="true" version="1" changeset="87283380" timestamp="2020-06-29T09:04:50Z" user="evilen" uid="11408111" lat="35.9951886" lon="129.1871084"/>
 <node id="7663564287" visible="true" version="2" changeset="87319894" timestamp="2020-06-30T03:27:19Z" user="evilen" uid="11408111" lat="35.9938478" lon="129.1865008"/>
 <node id="7663564288" visible="true" version="1" changeset="87283380" timestamp="2020-06-29T09:04:50Z" user="evilen" uid="11408111" lat="35.9932712" lon="129.1854200"/>
 <node id="7663564289" visible="true" version="2" changeset="87319894" timestamp="2020-06-30T03:27:19Z" user="evilen" uid="11408111" lat="35.9928023" lon="129.1853189"/>
 <node id="7663564290" visible="true" version="1" changeset="87283380" timestamp="2020-06-29T09:04:50Z" user="evilen" uid="11408111" lat="35.9921986" lon="129.1839947"/>
 <node id="7663564291" visible="true" version="2" changeset="87319894" timestamp="2020-06-30T03:27:19Z" user="evilen" uid="11408111" lat="35.9920888" lon="129.1845751"/>
 <node id="7663564292" visible="true" version="1" changeset="87283380" timestamp="2020-06-29T09:04:50Z" user="evilen" uid="11408111" lat="35.9925573" lon="129.1845728"/>
 <node id="7663564293" visible="true" version="1" changeset="87283380" timestamp="2020-06-29T09:04:50Z" user="evilen" uid="11408111" lat="35.9916813" lon="129.1818652"/>
 <node id="7663564294" visible="true" version="2" changeset="87319894" timestamp="2020-06-30T03:27:19Z" user="evilen" uid="11408111" lat="35.9913829" lon="129.1820918"/>
 <node id="7663564295" visible="true" version="2" changeset="87319894" timestamp="2020-06-30T03:27:19Z" user="evilen" uid="11408111" lat="35.9909381" lon="129.1807856"/>
 <node id="7663564296" visible="true" version="1" changeset="87283380" timestamp="2020-06-29T09:04:50Z" user="evilen" uid="11408111" lat="35.9915522" lon="129.1812593"/>
 <node id="7663564297" visible="true" version="2" changeset="87319894" timestamp="2020-06-30T03:27:19Z" user="evilen" uid="11408111" lat="35.9904113" lon="129.1800100"/>
 <node id="7663564298" visible="true" version="4" changeset="87438707" timestamp="2020-07-02T08:00:24Z" user="evilen" uid="11408111" lat="35.9907287" lon="129.1795894"/>
 <node id="7663564299" visible="true" version="2" changeset="87319894" timestamp="2020-06-30T03:27:19Z" user="evilen" uid="11408111" lat="35.9900532" lon="129.1794508"/>
 <node id="7663564300" visible="true" version="4" changeset="87438707" timestamp="2020-07-02T08:00:24Z" user="evilen" uid="11408111" lat="35.9895632" lon="129.1774730"/>
 <node id="7663564301" visible="true" version="2" changeset="87319894" timestamp="2020-06-30T03:27:19Z" user="evilen" uid="11408111" lat="35.9893722" lon="129.1776844"/>
 <node id="7663564302" visible="true" version="3" changeset="87438707" timestamp="2020-07-02T08:00:24Z" user="evilen" uid="11408111" lat="35.9894096" lon="129.1762586"/>
 <node id="7663564303" visible="true" version="2" changeset="87318743" timestamp="2020-06-30T02:14:35Z" user="evilen" uid="11408111" lat="35.9888305" lon="129.1757810"/>
 <node id="7663564304" visible="true" version="2" changeset="87438707" timestamp="2020-07-02T08:00:24Z" user="evilen" uid="11408111" lat="35.9892978" lon="129.1768238"/>
 <node id="7663564305" visible="true" version="3" changeset="87438707" timestamp="2020-07-02T08:00:24Z" user="evilen" uid="11408111" lat="35.9891555" lon="129.1757609"/>
 <node id="7663564306" visible="true" version="3" changeset="87438707" timestamp="2020-07-02T08:00:24Z" user="evilen" uid="11408111" lat="35.9888519" lon="129.1749882"/>
 <node id="7663564307" visible="true" version="1" changeset="87283380" timestamp="2020-06-29T09:04:50Z" user="evilen" uid="11408111" lat="35.9876495" lon="129.1712771"/>
 <node id="7663564308" visible="true" version="3" changeset="87438707" timestamp="2020-07-02T08:00:24Z" user="evilen" uid="11408111" lat="35.9880147" lon="129.1725468"/>
 <node id="7663564309" visible="true" version="3" changeset="87438707" timestamp="2020-07-02T08:00:24Z" user="evilen" uid="11408111" lat="35.9884531" lon="129.1741468"/>
 <node id="7663564310" visible="true" version="2" changeset="87318743" timestamp="2020-06-30T02:14:35Z" user="evilen" uid="11408111" lat="35.9883620" lon="129.1747603"/>
 <node id="7663564311" visible="true" version="2" changeset="87318743" timestamp="2020-06-30T02:14:35Z" user="evilen" uid="11408111" lat="35.9880540" lon="129.1743453"/>
 <node id="7663564312" visible="true" version="2" changeset="87318743" timestamp="2020-06-30T02:14:35Z" user="evilen" uid="11408111" lat="35.9877297" lon="129.1729123"/>
 <node id="7663564313" visible="true" version="3" changeset="87438707" timestamp="2020-07-02T08:00:24Z" user="evilen" uid="11408111" lat="35.9882068" lon="129.1691225"/>
 <node id="7663564314" visible="true" version="3" changeset="87438707" timestamp="2020-07-02T08:00:24Z" user="evilen" uid="11408111" lat="35.9880764" lon="129.1698626"/>
 <node id="7663564315" visible="true" version="1" changeset="87283380" timestamp="2020-06-29T09:04:50Z" user="evilen" uid="11408111" lat="35.9877581" lon="129.1698012"/>
 <node id="7663564316" visible="true" version="2" changeset="87318743" timestamp="2020-06-30T02:14:35Z" user="evilen" uid="11408111" lat="35.9876998" lon="129.1676752"/>
 <node id="7663564317" visible="true" version="3" changeset="87438707" timestamp="2020-07-02T08:00:24Z" user="evilen" uid="11408111" lat="35.9882069" lon="129.1677800"/>
 <node id="7663564318" visible="true" version="3" changeset="87438707" timestamp="2020-07-02T08:00:24Z" user="evilen" uid="11408111" lat="35.9872293" lon="129.1659138"/>
 <node id="7663564319" visible="true" version="2" changeset="87318743" timestamp="2020-06-30T02:14:35Z" user="evilen" uid="11408111" lat="35.9878674" lon="129.1685633"/>
 <node id="7663564320" visible="true" version="1" changeset="87283380" timestamp="2020-06-29T09:04:50Z" user="evilen" uid="11408111" lat="35.9866598" lon="129.1655653"/>
 <node id="7663564321" visible="true" version="3" changeset="87438707" timestamp="2020-07-02T08:00:24Z" user="evilen" uid="11408111" lat="35.9858335" lon="129.1639269"/>
 <node id="7663564322" visible="true" version="2" changeset="87318743" timestamp="2020-06-30T02:14:35Z" user="evilen" uid="11408111" lat="35.9853311" lon="129.1639014"/>
 <node id="7663564323" visible="true" version="2" changeset="87318743" timestamp="2020-06-30T02:14:35Z" user="evilen" uid="11408111" lat="35.9858338" lon="129.1642739"/>
 <node id="7663564324" visible="true" version="3" changeset="87438707" timestamp="2020-07-02T08:00:24Z" user="evilen" uid="11408111" lat="35.9856387" lon="129.1637901"/>
 <node id="7663564325" visible="true" version="1" changeset="87283380" timestamp="2020-06-29T09:04:50Z" user="evilen" uid="11408111" lat="35.9834954" lon="129.1612626"/>
 <node id="7663564334" visible="true" version="1" changeset="87283380" timestamp="2020-06-29T09:04:50Z" user="evilen" uid="11408111" lat="35.9830384" lon="129.1608662"/>
 <node id="7663564335" visible="true" version="2" changeset="87318743" timestamp="2020-06-30T02:14:35Z" user="evilen" uid="11408111" lat="35.9842764" lon="129.1623202"/>
 <node id="7663564336" visible="true" version="2" changeset="87318743" timestamp="2020-06-30T02:14:35Z" user="evilen" uid="11408111" lat="35.9844982" lon="129.1631227"/>
 <node id="7663564337" visible="true" version="2" changeset="87318743" timestamp="2020-06-30T02:14:35Z" user="evilen" uid="11408111" lat="35.9843478" lon="129.1628553"/>
 <node id="7663564338" visible="true" version="2" changeset="87318743" timestamp="2020-06-30T02:14:35Z" user="evilen" uid="11408111" lat="35.9825996" lon="129.1599602"/>
 <node id="7663564339" visible="true" version="1" changeset="87283380" timestamp="2020-06-29T09:04:50Z" user="evilen" uid="11408111" lat="35.9831549" lon="129.1608166"/>
 <node id="7663564340" visible="true" version="2" changeset="87318743" timestamp="2020-06-30T02:14:35Z" user="evilen" uid="11408111" lat="35.9821260" lon="129.1582831"/>
 <node id="7663564341" visible="true" version="1" changeset="87283380" timestamp="2020-06-29T09:04:50Z" user="evilen" uid="11408111" lat="35.9826402" lon="129.1598310"/>
 <node id="7663564342" visible="true" version="2" changeset="87318743" timestamp="2020-06-30T02:14:35Z" user="evilen" uid="11408111" lat="35.9819452" lon="129.1582289"/>
 <node id="7663564343" visible="true" version="1" changeset="87283380" timestamp="2020-06-29T09:04:50Z" user="evilen" uid="11408111" lat="35.9872682" lon="129.1665562"/>
 <node id="7663564344" visible="true" version="3" changeset="87438707" timestamp="2020-07-02T08:00:24Z" user="evilen" uid="11408111" lat="35.9879587" lon="129.1712731"/>
 <node id="7663564345" visible="true" version="2" changeset="87319894" timestamp="2020-06-30T03:27:19Z" user="evilen" uid="11408111" lat="35.9956373" lon="129.1882663"/>
 <node id="7663564346" visible="true" version="2" changeset="87319894" timestamp="2020-06-30T03:27:19Z" user="evilen" uid="11408111" lat="35.9968170" lon="129.1935226"/>
 <node id="7663564349" visible="true" version="3" changeset="87424605" timestamp="2020-07-02T02:50:01Z" user="evilen" uid="11408111" lat="35.9936911" lon="129.2013935"/>
 <node id="7668182250" visible="true" version="1" changeset="87318743" timestamp="2020-06-30T02:14:35Z" user="evilen" uid="11408111" lat="35.9822051" lon="129.1588433"/>
 <node id="7668182251" visible="true" version="1" changeset="87318743" timestamp="2020-06-30T02:14:35Z" user="evilen" uid="11408111" lat="35.9828827" lon="129.1602120"/>
 <node id="7668182252" visible="true" version="1" changeset="87318743" timestamp="2020-06-30T02:14:35Z" user="evilen" uid="11408111" lat="35.9829596" lon="129.1601769"/>
 <node id="7668182253" visible="true" version="1" changeset="87318743" timestamp="2020-06-30T02:14:35Z" user="evilen" uid="11408111" lat="35.9830688" lon="129.1602508"/>
 <node id="7668182254" visible="true" version="1" changeset="87318743" timestamp="2020-06-30T02:14:35Z" user="evilen" uid="11408111" lat="35.9832648" lon="129.1605479"/>
 <node id="7668182255" visible="true" version="1" changeset="87318743" timestamp="2020-06-30T02:14:35Z" user="evilen" uid="11408111" lat="35.9832691" lon="129.1606192"/>
 <node id="7668182256" visible="true" version="1" changeset="87318743" timestamp="2020-06-30T02:14:35Z" user="evilen" uid="11408111" lat="35.9828470" lon="129.1605717"/>
 <node id="7668182257" visible="true" version="1" changeset="87318743" timestamp="2020-06-30T02:14:35Z" user="evilen" uid="11408111" lat="35.9832890" lon="129.1609847"/>
 <node id="7668182258" visible="true" version="1" changeset="87318743" timestamp="2020-06-30T02:14:35Z" user="evilen" uid="11408111" lat="35.9838461" lon="129.1621526"/>
 <node id="7668182259" visible="true" version="1" changeset="87318743" timestamp="2020-06-30T02:14:35Z" user="evilen" uid="11408111" lat="35.9845267" lon="129.1626542"/>
 <node id="7668182260" visible="true" version="2" changeset="87438707" timestamp="2020-07-02T08:00:24Z" user="evilen" uid="11408111" lat="35.9848732" lon="129.1630867"/>
 <node id="7668182262" visible="true" version="2" changeset="162106040" timestamp="2025-02-03T23:39:20Z" user="dongin" uid="11518918" lat="35.9849597" lon="129.1635926"/>
 <node id="7668182264" visible="true" version="1" changeset="87318743" timestamp="2020-06-30T02:14:35Z" user="evilen" uid="11408111" lat="35.9850630" lon="129.1637204"/>
 <node id="7668182265" visible="true" version="2" changeset="87438707" timestamp="2020-07-02T08:00:24Z" user="evilen" uid="11408111" lat="35.9869568" lon="129.1655171"/>
 <node id="7668182266" visible="true" version="2" changeset="87438707" timestamp="2020-07-02T08:00:24Z" user="evilen" uid="11408111" lat="35.9879113" lon="129.1670293"/>
 <node id="7668182267" visible="true" version="2" changeset="87438707" timestamp="2020-07-02T08:00:24Z" user="evilen" uid="11408111" lat="35.9881220" lon="129.1673778"/>
 <node id="7668182268" visible="true" version="1" changeset="87318743" timestamp="2020-06-30T02:14:35Z" user="evilen" uid="11408111" lat="35.9878509" lon="129.1681340"/>
 <node id="7668182269" visible="true" version="1" changeset="87318743" timestamp="2020-06-30T02:14:35Z" user="evilen" uid="11408111" lat="35.9875339" lon="129.1672391"/>
 <node id="7668182270" visible="true" version="1" changeset="87318743" timestamp="2020-06-30T02:14:35Z" user="evilen" uid="11408111" lat="35.9875930" lon="129.1725775"/>
 <node id="7668182271" visible="true" version="1" changeset="87318743" timestamp="2020-06-30T02:14:35Z" user="evilen" uid="11408111" lat="35.9877269" lon="129.1730991"/>
 <node id="7668182272" visible="true" version="1" changeset="87318743" timestamp="2020-06-30T02:14:35Z" user="evilen" uid="11408111" lat="35.9878601" lon="129.1737021"/>
 <node id="7668182273" visible="true" version="1" changeset="87318743" timestamp="2020-06-30T02:14:35Z" user="evilen" uid="11408111" lat="35.9879570" lon="129.1738453"/>
 <node id="7668182274" visible="true" version="2" changeset="87438707" timestamp="2020-07-02T08:00:24Z" user="evilen" uid="11408111" lat="35.9882003" lon="129.1733428"/>
 <node id="7668182275" visible="true" version="1" changeset="87318743" timestamp="2020-06-30T02:14:35Z" user="evilen" uid="11408111" lat="35.9884975" lon="129.1752841"/>
 <node id="7668182276" visible="true" version="2" changeset="87319894" timestamp="2020-06-30T03:27:19Z" user="evilen" uid="11408111" lat="35.9890005" lon="129.1761229"/>
 <node id="7668182277" visible="true" version="2" changeset="87438707" timestamp="2020-07-02T08:00:24Z" user="evilen" uid="11408111" lat="35.9885657" lon="129.1743543"/>
 <node id="7668182278" visible="true" version="2" changeset="87438707" timestamp="2020-07-02T08:00:24Z" user="evilen" uid="11408111" lat="35.9890221" lon="129.1753021"/>
 <node id="7668242346" visible="true" version="2" changeset="87437995" timestamp="2020-07-02T07:48:21Z" user="evilen" uid="11408111" lat="35.9909185" lon="129.1799645"/>
 <node id="7668242347" visible="true" version="1" changeset="87319894" timestamp="2020-06-30T03:27:19Z" user="evilen" uid="11408111" lat="35.9895307" lon="129.1782040"/>
 <node id="7668242348" visible="true" version="1" changeset="87319894" timestamp="2020-06-30T03:27:19Z" user="evilen" uid="11408111" lat="35.9893627" lon="129.1771232"/>
 <node id="7668242349" visible="true" version="1" changeset="87319894" timestamp="2020-06-30T03:27:19Z" user="evilen" uid="11408111" lat="35.9903120" lon="129.1797674"/>
 <node id="7668242350" visible="true" version="1" changeset="87319894" timestamp="2020-06-30T03:27:19Z" user="evilen" uid="11408111" lat="35.9898318" lon="129.1790677"/>
 <node id="7668242351" visible="true" version="1" changeset="87319894" timestamp="2020-06-30T03:27:19Z" user="evilen" uid="11408111" lat="35.9911032" lon="129.1813278"/>
 <node id="7668242352" visible="true" version="1" changeset="87319894" timestamp="2020-06-30T03:27:19Z" user="evilen" uid="11408111" lat="35.9916063" lon="129.1829298"/>
 <node id="7668242353" visible="true" version="1" changeset="87319894" timestamp="2020-06-30T03:27:19Z" user="evilen" uid="11408111" lat="35.9918725" lon="129.1840883"/>
 <node id="7668242354" visible="true" version="1" changeset="87319894" timestamp="2020-06-30T03:27:19Z" user="evilen" uid="11408111" lat="35.9933724" lon="129.1859622"/>
 <node id="7668242355" visible="true" version="1" changeset="87319894" timestamp="2020-06-30T03:27:19Z" user="evilen" uid="11408111" lat="35.9961793" lon="129.1894700"/>
 <node id="7668242356" visible="true" version="1" changeset="87319894" timestamp="2020-06-30T03:27:19Z" user="evilen" uid="11408111" lat="35.9962825" lon="129.1899822"/>
 <node id="7668242357" visible="true" version="1" changeset="87319894" timestamp="2020-06-30T03:27:19Z" user="evilen" uid="11408111" lat="35.9964767" lon="129.1914043"/>
 <node id="7668242361" visible="true" version="1" changeset="87319894" timestamp="2020-06-30T03:27:19Z" user="evilen" uid="11408111" lat="35.9959449" lon="129.1893743"/>
 <node id="7668242362" visible="true" version="1" changeset="87319894" timestamp="2020-06-30T03:27:19Z" user="evilen" uid="11408111" lat="35.9968828" lon="129.1944935"/>
 <node id="7668242363" visible="true" version="1" changeset="87319894" timestamp="2020-06-30T03:27:19Z" user="evilen" uid="11408111" lat="35.9958018" lon="129.1969275"/>
 <node id="7668242366" visible="true" version="1" changeset="87319894" timestamp="2020-06-30T03:27:19Z" user="evilen" uid="11408111" lat="35.9959306" lon="129.1975155"/>
 <node id="7668242367" visible="true" version="1" changeset="87319894" timestamp="2020-06-30T03:27:19Z" user="evilen" uid="11408111" lat="35.9963798" lon="129.1958409"/>
 <node id="7668242368" visible="true" version="1" changeset="87319894" timestamp="2020-06-30T03:27:19Z" user="evilen" uid="11408111" lat="35.9915250" lon="129.2053730"/>
 <node id="7668242369" visible="true" version="1" changeset="87319894" timestamp="2020-06-30T03:27:19Z" user="evilen" uid="11408111" lat="35.9911060" lon="129.2062622"/>
 <node id="7668242370" visible="true" version="3" changeset="87429522" timestamp="2020-07-02T05:17:03Z" user="evilen" uid="11408111" lat="35.9909620" lon="129.2081392"/>
 <node id="7668242371" visible="true" version="3" changeset="87341603" timestamp="2020-06-30T09:56:40Z" user="evilen" uid="11408111" lat="35.9892924" lon="129.2113570"/>
 <node id="7668242372" visible="true" version="1" changeset="87319894" timestamp="2020-06-30T03:27:19Z" user="evilen" uid="11408111" lat="35.9883607" lon="129.2115429"/>
 <node id="7668242373" visible="true" version="1" changeset="87319894" timestamp="2020-06-30T03:27:19Z" user="evilen" uid="11408111" lat="35.9874008" lon="129.2137691"/>
 <node id="7668242374" visible="true" version="1" changeset="87319894" timestamp="2020-06-30T03:27:19Z" user="evilen" uid="11408111" lat="35.9875686" lon="129.2167820"/>
 <node id="7668242375" visible="true" version="3" changeset="87429522" timestamp="2020-07-02T05:17:03Z" user="evilen" uid="11408111" lat="35.9869739" lon="129.2159731"/>
 <node id="7668242376" visible="true" version="3" changeset="87432028" timestamp="2020-07-02T06:04:07Z" user="evilen" uid="11408111" lat="35.9866328" lon="129.2194888"/>
 <node id="7668242377" visible="true" version="1" changeset="87319894" timestamp="2020-06-30T03:27:19Z" user="evilen" uid="11408111" lat="35.9872605" lon="129.2223695"/>
 <node id="7668242378" visible="true" version="2" changeset="87429522" timestamp="2020-07-02T05:17:03Z" user="evilen" uid="11408111" lat="35.9861251" lon="129.2243120"/>
 <node id="7668242379" visible="true" version="1" changeset="87319894" timestamp="2020-06-30T03:27:19Z" user="evilen" uid="11408111" lat="35.9847599" lon="129.2276440"/>
 <node id="7668242380" visible="true" version="1" changeset="87319894" timestamp="2020-06-30T03:27:19Z" user="evilen" uid="11408111" lat="35.9835811" lon="129.2299182"/>
 <node id="7668242381" visible="true" version="1" changeset="87319894" timestamp="2020-06-30T03:27:19Z" user="evilen" uid="11408111" lat="35.9838739" lon="129.2288467"/>
 <node id="7668242382" visible="true" version="1" changeset="87319894" timestamp="2020-06-30T03:27:19Z" user="evilen" uid="11408111" lat="35.9837917" lon="129.2292686"/>
 <node id="7668242383" visible="true" version="1" changeset="87319894" timestamp="2020-06-30T03:27:19Z" user="evilen" uid="11408111" lat="35.9826236" lon="129.2307538"/>
 <node id="7668242384" visible="true" version="1" changeset="87319894" timestamp="2020-06-30T03:27:19Z" user="evilen" uid="11408111" lat="35.9828572" lon="129.2304298"/>
 <node id="7668242385" visible="true" version="1" changeset="87319894" timestamp="2020-06-30T03:27:19Z" user="evilen" uid="11408111" lat="35.9824981" lon="129.2321419"/>
 <node id="7668242386" visible="true" version="1" changeset="87319894" timestamp="2020-06-30T03:27:19Z" user="evilen" uid="11408111" lat="35.9804164" lon="129.2366658"/>
 <node id="7668242387" visible="true" version="1" changeset="87319894" timestamp="2020-06-30T03:27:19Z" user="evilen" uid="11408111" lat="35.9802269" lon="129.2378629"/>
 <node id="7668242388" visible="true" version="1" changeset="87319894" timestamp="2020-06-30T03:27:19Z" user="evilen" uid="11408111" lat="35.9794774" lon="129.2401602"/>
 <node id="7668242389" visible="true" version="1" changeset="87319894" timestamp="2020-06-30T03:27:19Z" user="evilen" uid="11408111" lat="35.9860074" lon="129.2275258"/>
 <node id="7668242390" visible="true" version="1" changeset="87319894" timestamp="2020-06-30T03:27:19Z" user="evilen" uid="11408111" lat="35.9856960" lon="129.2281192"/>
 <node id="7668242391" visible="true" version="1" changeset="87319894" timestamp="2020-06-30T03:27:19Z" user="evilen" uid="11408111" lat="35.9850989" lon="129.2291276"/>
 <node id="7668242393" visible="true" version="1" changeset="87319894" timestamp="2020-06-30T03:27:19Z" user="evilen" uid="11408111" lat="35.9846959" lon="129.2298790"/>
 <node id="7668242394" visible="true" version="1" changeset="87319894" timestamp="2020-06-30T03:27:19Z" user="evilen" uid="11408111" lat="35.9844646" lon="129.2299761"/>
 <node id="7668242395" visible="true" version="1" changeset="87319894" timestamp="2020-06-30T03:27:19Z" user="evilen" uid="11408111" lat="35.9842174" lon="129.2303296"/>
 <node id="7668242396" visible="true" version="1" changeset="87319894" timestamp="2020-06-30T03:27:19Z" user="evilen" uid="11408111" lat="35.9835629" lon="129.2309559"/>
 <node id="7668242397" visible="true" version="1" changeset="87319894" timestamp="2020-06-30T03:27:19Z" user="evilen" uid="11408111" lat="35.9833329" lon="129.2313078"/>
 <node id="7668242398" visible="true" version="1" changeset="87319894" timestamp="2020-06-30T03:27:19Z" user="evilen" uid="11408111" lat="35.9830200" lon="129.2305158"/>
 <node id="7668242399" visible="true" version="1" changeset="87319894" timestamp="2020-06-30T03:27:19Z" user="evilen" uid="11408111" lat="35.9818290" lon="129.2335611"/>
 <node id="7668242400" visible="true" version="1" changeset="87319894" timestamp="2020-06-30T03:27:19Z" user="evilen" uid="11408111" lat="35.9811539" lon="129.2368384"/>
 <node id="7668242401" visible="true" version="1" changeset="87319894" timestamp="2020-06-30T03:27:19Z" user="evilen" uid="11408111" lat="35.9807538" lon="129.2384570"/>
 <node id="7668242402" visible="true" version="1" changeset="87319894" timestamp="2020-06-30T03:27:19Z" user="evilen" uid="11408111" lat="35.9806046" lon="129.2389725"/>
 <node id="7668242403" visible="true" version="1" changeset="87319894" timestamp="2020-06-30T03:27:19Z" user="evilen" uid="11408111" lat="35.9798826" lon="129.2425629"/>
 <node id="7668242404" visible="true" version="1" changeset="87319894" timestamp="2020-06-30T03:27:19Z" user="evilen" uid="11408111" lat="35.9869728" lon="129.2506347"/>
 <node id="7668673124" visible="true" version="2" changeset="87341603" timestamp="2020-06-30T09:56:40Z" user="evilen" uid="11408111" lat="35.9879245" lon="129.2141410"/>
 <node id="7668673125" visible="true" version="1" changeset="87328765" timestamp="2020-06-30T06:40:39Z" user="evilen" uid="11408111" lat="35.9898210" lon="129.2105223"/>
 <node id="7668673126" visible="true" version="2" changeset="87429522" timestamp="2020-07-02T05:17:03Z" user="evilen" uid="11408111" lat="35.9933090" lon="129.2041690"/>
 <node id="7668673127" visible="true" version="1" changeset="87328765" timestamp="2020-06-30T06:40:39Z" user="evilen" uid="11408111" lat="35.9941283" lon="129.2023252"/>
 <node id="7669323348" visible="true" version="1" changeset="87341603" timestamp="2020-06-30T09:56:40Z" user="evilen" uid="11408111" lat="35.9874495" lon="129.2197491"/>
 <node id="7669323358" visible="true" version="1" changeset="87341603" timestamp="2020-06-30T09:56:40Z" user="evilen" uid="11408111" lat="35.9885274" lon="129.2127021"/>
 <node id="7675619240" visible="true" version="1" changeset="87424605" timestamp="2020-07-02T02:50:01Z" user="evilen" uid="11408111" lat="35.9924423" lon="129.2039354"/>
 <node id="7675619241" visible="true" version="1" changeset="87424605" timestamp="2020-07-02T02:50:01Z" user="evilen" uid="11408111" lat="35.9925402" lon="129.2033156"/>
 <node id="7675619242" visible="true" version="1" changeset="87424605" timestamp="2020-07-02T02:50:01Z" user="evilen" uid="11408111" lat="35.9924397" lon="129.2035441"/>
 <node id="7675784480" visible="true" version="1" changeset="87429522" timestamp="2020-07-02T05:17:03Z" user="evilen" uid="11408111" lat="35.9820817" lon="129.1584985"/>
 <node id="7675827795" visible="true" version="1" changeset="87429522" timestamp="2020-07-02T05:17:03Z" user="evilen" uid="11408111" lat="35.9913573" lon="129.2074383"/>
 <node id="7675827796" visible="true" version="1" changeset="87429522" timestamp="2020-07-02T05:17:03Z" user="evilen" uid="11408111" lat="35.9925251" lon="129.2053311"/>
 <node id="7675827916" visible="true" version="1" changeset="87429522" timestamp="2020-07-02T05:17:03Z" user="evilen" uid="11408111" lat="35.9868859" lon="129.2168161"/>
 <node id="7675827918" visible="true" version="2" changeset="87432028" timestamp="2020-07-02T06:04:07Z" user="evilen" uid="11408111" lat="35.9865563" lon="129.2183617"/>
 <node id="7675827921" visible="true" version="1" changeset="87429522" timestamp="2020-07-02T05:17:03Z" user="evilen" uid="11408111" lat="35.9864051" lon="129.2228619"/>
 <node id="7675827935" visible="true" version="1" changeset="87429522" timestamp="2020-07-02T05:17:03Z" user="evilen" uid="11408111" lat="35.9873860" lon="129.2192598"/>
 <node id="7675827937" visible="true" version="1" changeset="87429522" timestamp="2020-07-02T05:17:03Z" user="evilen" uid="11408111" lat="35.9873309" lon="129.2219812"/>
 <node id="7675922949" visible="true" version="1" changeset="87432028" timestamp="2020-07-02T06:04:07Z" user="evilen" uid="11408111" lat="35.9865931" lon="129.2188983"/>
 <node id="7676221102" visible="true" version="2" changeset="87438707" timestamp="2020-07-02T08:00:24Z" user="evilen" uid="11408111" lat="35.9902675" lon="129.1792796"/>
 <node id="7676221103" visible="true" version="2" changeset="87438707" timestamp="2020-07-02T08:00:24Z" user="evilen" uid="11408111" lat="35.9894267" lon="129.1764701"/>
 <node id="7676221104" visible="true" version="2" changeset="87438707" timestamp="2020-07-02T08:00:24Z" user="evilen" uid="11408111" lat="35.9898633" lon="129.1783710"/>
 <node id="7676249097" visible="true" version="1" changeset="87438707" timestamp="2020-07-02T08:00:24Z" user="evilen" uid="11408111" lat="35.9899059" lon="129.1785973"/>
 <node id="7676249098" visible="true" version="1" changeset="87438707" timestamp="2020-07-02T08:00:24Z" user="evilen" uid="11408111" lat="35.9905469" lon="129.1794332"/>
 <node id="7676249101" visible="true" version="1" changeset="87438707" timestamp="2020-07-02T08:00:24Z" user="evilen" uid="11408111" lat="35.9897925" lon="129.1781500"/>
 <node id="7676249102" visible="true" version="1" changeset="87438707" timestamp="2020-07-02T08:00:24Z" user="evilen" uid="11408111" lat="35.9899716" lon="129.1788017"/>
 <node id="7676249103" visible="true" version="1" changeset="87438707" timestamp="2020-07-02T08:00:24Z" user="evilen" uid="11408111" lat="35.9901543" lon="129.1789736"/>
 <node id="7676249104" visible="true" version="1" changeset="87438707" timestamp="2020-07-02T08:00:24Z" user="evilen" uid="11408111" lat="35.9903334" lon="129.1793430"/>
 <node id="7676249105" visible="true" version="1" changeset="87438707" timestamp="2020-07-02T08:00:24Z" user="evilen" uid="11408111" lat="35.9896854" lon="129.1777458"/>
 <node id="7676249109" visible="true" version="1" changeset="87438707" timestamp="2020-07-02T08:00:24Z" user="evilen" uid="11408111" lat="35.9891990" lon="129.1764412"/>
 <node id="7676249119" visible="true" version="1" changeset="87438707" timestamp="2020-07-02T08:00:24Z" user="evilen" uid="11408111" lat="35.9896056" lon="129.1771915"/>
 <node id="7676249120" visible="true" version="1" changeset="87438707" timestamp="2020-07-02T08:00:24Z" user="evilen" uid="11408111" lat="35.9893899" lon="129.1763161"/>
 <node id="7676249121" visible="true" version="1" changeset="87438707" timestamp="2020-07-02T08:00:24Z" user="evilen" uid="11408111" lat="35.9893004" lon="129.1759671"/>
 <node id="7676249122" visible="true" version="1" changeset="87438707" timestamp="2020-07-02T08:00:24Z" user="evilen" uid="11408111" lat="35.9883148" lon="129.1737689"/>
 <node id="7676249133" visible="true" version="1" changeset="87438707" timestamp="2020-07-02T08:00:24Z" user="evilen" uid="11408111" lat="35.9879769" lon="129.1718885"/>
 <node id="7676249134" visible="true" version="1" changeset="87438707" timestamp="2020-07-02T08:00:24Z" user="evilen" uid="11408111" lat="35.9880967" lon="129.1730092"/>
 <node id="7676249135" visible="true" version="1" changeset="87438707" timestamp="2020-07-02T08:00:24Z" user="evilen" uid="11408111" lat="35.9880045" lon="129.1706349"/>
 <node id="7676249136" visible="true" version="1" changeset="87438707" timestamp="2020-07-02T08:00:24Z" user="evilen" uid="11408111" lat="35.9882416" lon="129.1685719"/>
 <node id="7676249137" visible="true" version="1" changeset="87438707" timestamp="2020-07-02T08:00:24Z" user="evilen" uid="11408111" lat="35.9876375" lon="129.1665359"/>
 <node id="7676249138" visible="true" version="1" changeset="87438707" timestamp="2020-07-02T08:00:24Z" user="evilen" uid="11408111" lat="35.9865959" lon="129.1649956"/>
 <node id="7676249139" visible="true" version="1" changeset="87438707" timestamp="2020-07-02T08:00:24Z" user="evilen" uid="11408111" lat="35.9862494" lon="129.1644264"/>
 <node id="7676249140" visible="true" version="1" changeset="87438707" timestamp="2020-07-02T08:00:24Z" user="evilen" uid="11408111" lat="35.9852473" lon="129.1634478"/>
 <node id="7676249141" visible="true" version="1" changeset="87438707" timestamp="2020-07-02T08:00:24Z" user="evilen" uid="11408111" lat="35.9854441" lon="129.1636565"/>
 <node id="7676249142" visible="true" version="1" changeset="87438707" timestamp="2020-07-02T08:00:24Z" user="evilen" uid="11408111" lat="35.9859872" lon="129.1640439"/>
 <node id="7676249143" visible="true" version="1" changeset="87438707" timestamp="2020-07-02T08:00:24Z" user="evilen" uid="11408111" lat="35.9845807" lon="129.1632593"/>
 <node id="8157391373" visible="true" version="2" changeset="158799229" timestamp="2024-11-05T23:58:18Z" user="moaipark" uid="17448023" lat="35.8667947" lon="129.2098436"/>
 <node id="8277232961" visible="true" version="2" changeset="158803396" timestamp="2024-11-06T05:15:33Z" user="moaipark" uid="17448023" lat="35.8693792" lon="129.2053766"/>
 <node id="8277232965" visible="true" version="2" changeset="158803396" timestamp="2024-11-06T05:15:33Z" user="moaipark" uid="17448023" lat="35.8678481" lon="129.2031203"/>
 <node id="8277232966" visible="true" version="1" changeset="96712727" timestamp="2020-12-31T07:35:40Z" user="gwq" uid="12380890" lat="35.8675029" lon="129.2041483"/>
 <node id="8277232969" visible="true" version="1" changeset="96712727" timestamp="2020-12-31T07:35:40Z" user="gwq" uid="12380890" lat="35.8673329" lon="129.2028583"/>
 <node id="8359701044" visible="true" version="2" changeset="158799229" timestamp="2024-11-05T23:58:18Z" user="moaipark" uid="17448023" lat="35.8680401" lon="129.2112919"/>
 <node id="8359701045" visible="true" version="2" changeset="158799229" timestamp="2024-11-05T23:58:18Z" user="moaipark" uid="17448023" lat="35.8669432" lon="129.2103633"/>
 <node id="8359701047" visible="true" version="2" changeset="158799229" timestamp="2024-11-05T23:58:18Z" user="moaipark" uid="17448023" lat="35.8660766" lon="129.2097340"/>
 <node id="8359701049" visible="true" version="2" changeset="158799229" timestamp="2024-11-05T23:58:18Z" user="moaipark" uid="17448023" lat="35.8689840" lon="129.2097233"/>
 <node id="8359701050" visible="true" version="2" changeset="158799229" timestamp="2024-11-05T23:58:18Z" user="moaipark" uid="17448023" lat="35.8681246" lon="129.2112757"/>
 <node id="8477893147" visible="true" version="1" changeset="100247696" timestamp="2021-03-02T05:50:39Z" user="octel" uid="238290" lat="35.8683148" lon="129.2117165"/>
 <node id="8954116261" visible="true" version="1" changeset="108690313" timestamp="2021-07-27T12:44:20Z" user="koreanmapper" uid="10554385" lat="35.8288273" lon="129.2152974"/>
 <node id="9236627296" visible="true" version="1" changeset="113543698" timestamp="2021-11-09T00:10:15Z" user="이재윤" uid="3018052" lat="35.9876595" lon="129.2529766"/>
 <node id="9289273124" visible="true" version="1" changeset="114311697" timestamp="2021-11-28T02:44:08Z" user="이재윤" uid="3018052" lat="35.9981461" lon="129.3115081"/>
 <node id="9311820409" visible="true" version="1" changeset="114573645" timestamp="2021-12-05T07:36:30Z" user="이재윤" uid="3018052" lat="35.8639213" lon="129.2004947">
  <tag k="highway" v="traffic_signals"/>
  <tag k="traffic_signals" v="signal"/>
 </node>
 <node id="9331107436" visible="true" version="1" changeset="114835830" timestamp="2021-12-12T03:52:53Z" user="이재윤" uid="3018052" lat="35.9970778" lon="129.3084406"/>
 <node id="9335985293" visible="true" version="1" changeset="114901956" timestamp="2021-12-14T00:23:35Z" user="이재윤" uid="3018052" lat="36.0071170" lon="129.3679482"/>
 <node id="9391253321" visible="true" version="1" changeset="115738095" timestamp="2022-01-04T06:09:34Z" user="이재윤" uid="3018052" lat="36.0024187" lon="129.3452058"/>
 <node id="10047501964" visible="true" version="1" changeset="126551275" timestamp="2022-09-23T14:30:13Z" user="Min_T" uid="8386494" lat="35.9362723" lon="129.2407636"/>
 <node id="10820433282" visible="true" version="1" changeset="135035434" timestamp="2023-04-17T23:19:00Z" user="Weathering" uid="12509199" lat="35.8639724" lon="129.2007256"/>
 <node id="10820433283" visible="true" version="1" changeset="135035434" timestamp="2023-04-17T23:19:00Z" user="Weathering" uid="12509199" lat="35.8640116" lon="129.2009181"/>
 <node id="10820433284" visible="true" version="1" changeset="135035434" timestamp="2023-04-17T23:19:00Z" user="Weathering" uid="12509199" lat="35.8640261" lon="129.2011704"/>
 <node id="10820433285" visible="true" version="1" changeset="135035434" timestamp="2023-04-17T23:19:00Z" user="Weathering" uid="12509199" lat="35.8639934" lon="129.2013306"/>
 <node id="10836472002" visible="true" version="1" changeset="135288131" timestamp="2023-04-24T07:24:32Z" user="oruk09" uid="5200439" lat="35.8671146" lon="129.2034646"/>
 <node id="10836474108" visible="true" version="1" changeset="135288131" timestamp="2023-04-24T07:24:32Z" user="oruk09" uid="5200439" lat="35.8575806" lon="129.2186529"/>
 <node id="10836474109" visible="true" version="1" changeset="135288131" timestamp="2023-04-24T07:24:32Z" user="oruk09" uid="5200439" lat="35.8577826" lon="129.2174223"/>
 <node id="10857624418" visible="true" version="1" changeset="135528688" timestamp="2023-04-30T09:04:24Z" user="찬스입니다" uid="19088642" lat="35.8623638" lon="129.2050283"/>
 <node id="10857624419" visible="true" version="1" changeset="135528688" timestamp="2023-04-30T09:04:24Z" user="찬스입니다" uid="19088642" lat="35.8625623" lon="129.2050950"/>
 <node id="10857999993" visible="true" version="1" changeset="135538653" timestamp="2023-04-30T14:05:46Z" user="찬스입니다" uid="19088642" lat="35.8628133" lon="129.2051831"/>
 <node id="10857999995" visible="true" version="1" changeset="135538653" timestamp="2023-04-30T14:05:46Z" user="찬스입니다" uid="19088642" lat="35.8628388" lon="129.2051934"/>
 <node id="10867000406" visible="true" version="2" changeset="158799229" timestamp="2024-11-05T23:58:18Z" user="moaipark" uid="17448023" lat="35.8677400" lon="129.2097395"/>
 <node id="10867000407" visible="true" version="2" changeset="158799229" timestamp="2024-11-05T23:58:18Z" user="moaipark" uid="17448023" lat="35.8676528" lon="129.2097231"/>
 <node id="10867000408" visible="true" version="2" changeset="158799229" timestamp="2024-11-05T23:58:18Z" user="moaipark" uid="17448023" lat="35.8676061" lon="129.2101013"/>
 <node id="10867000409" visible="true" version="2" changeset="158799229" timestamp="2024-11-05T23:58:18Z" user="moaipark" uid="17448023" lat="35.8676934" lon="129.2101177"/>
 <node id="10867000410" visible="true" version="2" changeset="158799229" timestamp="2024-11-05T23:58:18Z" user="moaipark" uid="17448023" lat="35.8674983" lon="129.2095740"/>
 <node id="10867000411" visible="true" version="2" changeset="158799229" timestamp="2024-11-05T23:58:18Z" user="moaipark" uid="17448023" lat="35.8674147" lon="129.2095593"/>
 <node id="10867000412" visible="true" version="2" changeset="158799229" timestamp="2024-11-05T23:58:18Z" user="moaipark" uid="17448023" lat="35.8673703" lon="129.2099427"/>
 <node id="10867000413" visible="true" version="2" changeset="158799229" timestamp="2024-11-05T23:58:18Z" user="moaipark" uid="17448023" lat="35.8674538" lon="129.2099574"/>
 <node id="10867000414" visible="true" version="2" changeset="158799229" timestamp="2024-11-05T23:58:18Z" user="moaipark" uid="17448023" lat="35.8672704" lon="129.2094210"/>
 <node id="10867000415" visible="true" version="2" changeset="158799229" timestamp="2024-11-05T23:58:18Z" user="moaipark" uid="17448023" lat="35.8671790" lon="129.2094036"/>
 <node id="10867000416" visible="true" version="2" changeset="158799229" timestamp="2024-11-05T23:58:18Z" user="moaipark" uid="17448023" lat="35.8671339" lon="129.2097645"/>
 <node id="10867000417" visible="true" version="2" changeset="158799229" timestamp="2024-11-05T23:58:18Z" user="moaipark" uid="17448023" lat="35.8672253" lon="129.2097819"/>
 <node id="10867000418" visible="true" version="2" changeset="158799229" timestamp="2024-11-05T23:58:18Z" user="moaipark" uid="17448023" lat="35.8679846" lon="129.2099178"/>
 <node id="10867000419" visible="true" version="2" changeset="158799229" timestamp="2024-11-05T23:58:18Z" user="moaipark" uid="17448023" lat="35.8678932" lon="129.2098995"/>
 <node id="10867000420" visible="true" version="2" changeset="158799229" timestamp="2024-11-05T23:58:18Z" user="moaipark" uid="17448023" lat="35.8678459" lon="129.2102599"/>
 <node id="10867000421" visible="true" version="2" changeset="158799229" timestamp="2024-11-05T23:58:18Z" user="moaipark" uid="17448023" lat="35.8679373" lon="129.2102782"/>
 <node id="10867000422" visible="true" version="2" changeset="158799229" timestamp="2024-11-05T23:58:18Z" user="moaipark" uid="17448023" lat="35.8682218" lon="129.2100686"/>
 <node id="10867000423" visible="true" version="2" changeset="158799229" timestamp="2024-11-05T23:58:18Z" user="moaipark" uid="17448023" lat="35.8681305" lon="129.2100499"/>
 <node id="10867000424" visible="true" version="2" changeset="158799229" timestamp="2024-11-05T23:58:18Z" user="moaipark" uid="17448023" lat="35.8680821" lon="129.2104101"/>
 <node id="10867000425" visible="true" version="2" changeset="158799229" timestamp="2024-11-05T23:58:18Z" user="moaipark" uid="17448023" lat="35.8681734" lon="129.2104288"/>
 <node id="10867000426" visible="true" version="2" changeset="158799229" timestamp="2024-11-05T23:58:18Z" user="moaipark" uid="17448023" lat="35.8684378" lon="129.2102357"/>
 <node id="10867000427" visible="true" version="2" changeset="158799229" timestamp="2024-11-05T23:58:18Z" user="moaipark" uid="17448023" lat="35.8683458" lon="129.2102237"/>
 <node id="10867000428" visible="true" version="2" changeset="158799229" timestamp="2024-11-05T23:58:18Z" user="moaipark" uid="17448023" lat="35.8683148" lon="129.2105868"/>
 <node id="10867000429" visible="true" version="2" changeset="158799229" timestamp="2024-11-05T23:58:18Z" user="moaipark" uid="17448023" lat="35.8684068" lon="129.2105988"/>
 <node id="10867000430" visible="true" version="2" changeset="158799229" timestamp="2024-11-05T23:58:18Z" user="moaipark" uid="17448023" lat="35.8676932" lon="129.2102681"/>
 <node id="10867000431" visible="true" version="2" changeset="158799229" timestamp="2024-11-05T23:58:18Z" user="moaipark" uid="17448023" lat="35.8676042" lon="129.2102530"/>
 <node id="10867000432" visible="true" version="2" changeset="158799229" timestamp="2024-11-05T23:58:18Z" user="moaipark" uid="17448023" lat="35.8675468" lon="129.2107695"/>
 <node id="10867000433" visible="true" version="2" changeset="158799229" timestamp="2024-11-05T23:58:18Z" user="moaipark" uid="17448023" lat="35.8676359" lon="129.2107846"/>
 <node id="10867000434" visible="true" version="2" changeset="158799229" timestamp="2024-11-05T23:58:18Z" user="moaipark" uid="17448023" lat="35.8674575" lon="129.2100688"/>
 <node id="10867000435" visible="true" version="2" changeset="158799229" timestamp="2024-11-05T23:58:18Z" user="moaipark" uid="17448023" lat="35.8673685" lon="129.2100550"/>
 <node id="10867000436" visible="true" version="2" changeset="158799229" timestamp="2024-11-05T23:58:18Z" user="moaipark" uid="17448023" lat="35.8673161" lon="129.2105723"/>
 <node id="10867000437" visible="true" version="2" changeset="158799229" timestamp="2024-11-05T23:58:18Z" user="moaipark" uid="17448023" lat="35.8674052" lon="129.2105860"/>
 <node id="10867000438" visible="true" version="2" changeset="158799229" timestamp="2024-11-05T23:58:18Z" user="moaipark" uid="17448023" lat="35.8672379" lon="129.2098607"/>
 <node id="10867000439" visible="true" version="2" changeset="158799229" timestamp="2024-11-05T23:58:18Z" user="moaipark" uid="17448023" lat="35.8671430" lon="129.2098445"/>
 <node id="10867000440" visible="true" version="2" changeset="158799229" timestamp="2024-11-05T23:58:18Z" user="moaipark" uid="17448023" lat="35.8670847" lon="129.2103645"/>
 <node id="10867000441" visible="true" version="2" changeset="158799229" timestamp="2024-11-05T23:58:18Z" user="moaipark" uid="17448023" lat="35.8671795" lon="129.2103807"/>
 <node id="10867000442" visible="true" version="2" changeset="158799229" timestamp="2024-11-05T23:58:18Z" user="moaipark" uid="17448023" lat="35.8669783" lon="129.2097982"/>
 <node id="10867000443" visible="true" version="2" changeset="158799229" timestamp="2024-11-05T23:58:18Z" user="moaipark" uid="17448023" lat="35.8668862" lon="129.2097862"/>
 <node id="10867000444" visible="true" version="2" changeset="158799229" timestamp="2024-11-05T23:58:18Z" user="moaipark" uid="17448023" lat="35.8668551" lon="129.2101493"/>
 <node id="10867000445" visible="true" version="2" changeset="158799229" timestamp="2024-11-05T23:58:18Z" user="moaipark" uid="17448023" lat="35.8669472" lon="129.2101613"/>
 <node id="10867000446" visible="true" version="2" changeset="158799229" timestamp="2024-11-05T23:58:18Z" user="moaipark" uid="17448023" lat="35.8674994" lon="129.2088080"/>
 <node id="10867000447" visible="true" version="2" changeset="158799229" timestamp="2024-11-05T23:58:18Z" user="moaipark" uid="17448023" lat="35.8674068" lon="129.2087948"/>
 <node id="10867000448" visible="true" version="2" changeset="158799229" timestamp="2024-11-05T23:58:18Z" user="moaipark" uid="17448023" lat="35.8673608" lon="129.2092846"/>
 <node id="10867000449" visible="true" version="2" changeset="158799229" timestamp="2024-11-05T23:58:18Z" user="moaipark" uid="17448023" lat="35.8674533" lon="129.2092979"/>
 <node id="10867000450" visible="true" version="2" changeset="158799229" timestamp="2024-11-05T23:58:18Z" user="moaipark" uid="17448023" lat="35.8677491" lon="129.2089912"/>
 <node id="10867000451" visible="true" version="2" changeset="158799229" timestamp="2024-11-05T23:58:18Z" user="moaipark" uid="17448023" lat="35.8676661" lon="129.2089760"/>
 <node id="10867000452" visible="true" version="2" changeset="158799229" timestamp="2024-11-05T23:58:18Z" user="moaipark" uid="17448023" lat="35.8676090" lon="129.2094526"/>
 <node id="10867000453" visible="true" version="2" changeset="158799229" timestamp="2024-11-05T23:58:18Z" user="moaipark" uid="17448023" lat="35.8676921" lon="129.2094678"/>
 <node id="10867000454" visible="true" version="2" changeset="158799229" timestamp="2024-11-05T23:58:18Z" user="moaipark" uid="17448023" lat="35.8679626" lon="129.2091473"/>
 <node id="10867000455" visible="true" version="2" changeset="158799229" timestamp="2024-11-05T23:58:18Z" user="moaipark" uid="17448023" lat="35.8678731" lon="129.2091329"/>
 <node id="10867000456" visible="true" version="2" changeset="158799229" timestamp="2024-11-05T23:58:18Z" user="moaipark" uid="17448023" lat="35.8678224" lon="129.2096114"/>
 <node id="10867000457" visible="true" version="2" changeset="158799229" timestamp="2024-11-05T23:58:18Z" user="moaipark" uid="17448023" lat="35.8679120" lon="129.2096258"/>
 <node id="10867000458" visible="true" version="2" changeset="158799229" timestamp="2024-11-05T23:58:18Z" user="moaipark" uid="17448023" lat="35.8682253" lon="129.2093161"/>
 <node id="10867000459" visible="true" version="2" changeset="158799229" timestamp="2024-11-05T23:58:18Z" user="moaipark" uid="17448023" lat="35.8681348" lon="129.2093050"/>
 <node id="10867000460" visible="true" version="2" changeset="158799229" timestamp="2024-11-05T23:58:18Z" user="moaipark" uid="17448023" lat="35.8680955" lon="129.2097924"/>
 <node id="10867000461" visible="true" version="2" changeset="158799229" timestamp="2024-11-05T23:58:18Z" user="moaipark" uid="17448023" lat="35.8681861" lon="129.2098035"/>
 <node id="10867000462" visible="true" version="2" changeset="158799229" timestamp="2024-11-05T23:58:18Z" user="moaipark" uid="17448023" lat="35.8684840" lon="129.2094819"/>
 <node id="10867000463" visible="true" version="2" changeset="158799229" timestamp="2024-11-05T23:58:18Z" user="moaipark" uid="17448023" lat="35.8683891" lon="129.2094632"/>
 <node id="10867000464" visible="true" version="2" changeset="158799229" timestamp="2024-11-05T23:58:18Z" user="moaipark" uid="17448023" lat="35.8683244" lon="129.2099649"/>
 <node id="10867000465" visible="true" version="2" changeset="158799229" timestamp="2024-11-05T23:58:18Z" user="moaipark" uid="17448023" lat="35.8684192" lon="129.2099836"/>
 <node id="10867000470" visible="true" version="2" changeset="158799229" timestamp="2024-11-05T23:58:18Z" user="moaipark" uid="17448023" lat="35.8668330" lon="129.2095896"/>
 <node id="10867000471" visible="true" version="2" changeset="158799229" timestamp="2024-11-05T23:58:18Z" user="moaipark" uid="17448023" lat="35.8663981" lon="129.2092727"/>
 <node id="10867000472" visible="true" version="2" changeset="158799229" timestamp="2024-11-05T23:58:18Z" user="moaipark" uid="17448023" lat="35.8663491" lon="129.2093749"/>
 <node id="10867000473" visible="true" version="2" changeset="158799229" timestamp="2024-11-05T23:58:18Z" user="moaipark" uid="17448023" lat="35.8667840" lon="129.2096919"/>
 <node id="10867000474" visible="true" version="2" changeset="158799229" timestamp="2024-11-05T23:58:18Z" user="moaipark" uid="17448023" lat="35.8671045" lon="129.2090383"/>
 <node id="10867000475" visible="true" version="2" changeset="158799229" timestamp="2024-11-05T23:58:18Z" user="moaipark" uid="17448023" lat="35.8666505" lon="129.2087228"/>
 <node id="10867000476" visible="true" version="2" changeset="158799229" timestamp="2024-11-05T23:58:18Z" user="moaipark" uid="17448023" lat="35.8666051" lon="129.2088223"/>
 <node id="10867000477" visible="true" version="2" changeset="158799229" timestamp="2024-11-05T23:58:18Z" user="moaipark" uid="17448023" lat="35.8670590" lon="129.2091379"/>
 <node id="10867000478" visible="true" version="2" changeset="158799229" timestamp="2024-11-05T23:58:18Z" user="moaipark" uid="17448023" lat="35.8672814" lon="129.2086871"/>
 <node id="10867000479" visible="true" version="2" changeset="158799229" timestamp="2024-11-05T23:58:18Z" user="moaipark" uid="17448023" lat="35.8668129" lon="129.2083717"/>
 <node id="10867000480" visible="true" version="2" changeset="158799229" timestamp="2024-11-05T23:58:18Z" user="moaipark" uid="17448023" lat="35.8667633" lon="129.2084837"/>
 <node id="10867000481" visible="true" version="2" changeset="158799229" timestamp="2024-11-05T23:58:18Z" user="moaipark" uid="17448023" lat="35.8672319" lon="129.2087991"/>
 <node id="10867000482" visible="true" version="2" changeset="158799229" timestamp="2024-11-05T23:58:18Z" user="moaipark" uid="17448023" lat="35.8667170" lon="129.2099784"/>
 <node id="10867000483" visible="true" version="2" changeset="158799229" timestamp="2024-11-05T23:58:18Z" user="moaipark" uid="17448023" lat="35.8662677" lon="129.2096719"/>
 <node id="10867000484" visible="true" version="2" changeset="158799229" timestamp="2024-11-05T23:58:18Z" user="moaipark" uid="17448023" lat="35.8662239" lon="129.2097697"/>
 <node id="10867000485" visible="true" version="2" changeset="158799229" timestamp="2024-11-05T23:58:18Z" user="moaipark" uid="17448023" lat="35.8666732" lon="129.2100761"/>
 <node id="11104980877" visible="true" version="1" changeset="139711939" timestamp="2023-08-10T15:11:11Z" user="찬스입니다" uid="19088642" lat="35.8632028" lon="129.2064672"/>
 <node id="11104980878" visible="true" version="1" changeset="139711939" timestamp="2023-08-10T15:11:11Z" user="찬스입니다" uid="19088642" lat="35.8631353" lon="129.2064190"/>
 <node id="11104980879" visible="true" version="1" changeset="139711939" timestamp="2023-08-10T15:11:11Z" user="찬스입니다" uid="19088642" lat="35.8631513" lon="129.2064326"/>
 <node id="11104980880" visible="true" version="1" changeset="139711939" timestamp="2023-08-10T15:11:11Z" user="찬스입니다" uid="19088642" lat="35.8636048" lon="129.2067462"/>
 <node id="11104980881" visible="true" version="1" changeset="139711939" timestamp="2023-08-10T15:11:11Z" user="찬스입니다" uid="19088642" lat="35.8636650" lon="129.2068701"/>
 <node id="11104980882" visible="true" version="1" changeset="139711939" timestamp="2023-08-10T15:11:11Z" user="찬스입니다" uid="19088642" lat="35.8637152" lon="129.2068984"/>
 <node id="11104980883" visible="true" version="1" changeset="139711939" timestamp="2023-08-10T15:11:11Z" user="찬스입니다" uid="19088642" lat="35.8637583" lon="129.2068895"/>
 <node id="11104980884" visible="true" version="1" changeset="139711939" timestamp="2023-08-10T15:11:11Z" user="찬스입니다" uid="19088642" lat="35.8637927" lon="129.2068577"/>
 <node id="11104980885" visible="true" version="1" changeset="139711939" timestamp="2023-08-10T15:11:11Z" user="찬스입니다" uid="19088642" lat="35.8638515" lon="129.2068718"/>
 <node id="11104980886" visible="true" version="1" changeset="139711939" timestamp="2023-08-10T15:11:11Z" user="찬스입니다" uid="19088642" lat="35.8639605" lon="129.2069780"/>
 <node id="11104980887" visible="true" version="1" changeset="139711939" timestamp="2023-08-10T15:11:11Z" user="찬스입니다" uid="19088642" lat="35.8640867" lon="129.2070771"/>
 <node id="11104980888" visible="true" version="1" changeset="139711939" timestamp="2023-08-10T15:11:11Z" user="찬스입니다" uid="19088642" lat="35.8641813" lon="129.2071089"/>
 <node id="11104980889" visible="true" version="1" changeset="139711939" timestamp="2023-08-10T15:11:11Z" user="찬스입니다" uid="19088642" lat="35.8643190" lon="129.2069727"/>
 <node id="11104980890" visible="true" version="1" changeset="139711939" timestamp="2023-08-10T15:11:11Z" user="찬스입니다" uid="19088642" lat="35.8644509" lon="129.2069515"/>
 <node id="11104980891" visible="true" version="1" changeset="139711939" timestamp="2023-08-10T15:11:11Z" user="찬스입니다" uid="19088642" lat="35.8646259" lon="129.2069603"/>
 <node id="11104980892" visible="true" version="1" changeset="139711939" timestamp="2023-08-10T15:11:11Z" user="찬스입니다" uid="19088642" lat="35.8648611" lon="129.2069125"/>
 <node id="11104980893" visible="true" version="1" changeset="139711939" timestamp="2023-08-10T15:11:11Z" user="찬스입니다" uid="19088642" lat="35.8649471" lon="129.2069125"/>
 <node id="11104980894" visible="true" version="1" changeset="139711939" timestamp="2023-08-10T15:11:11Z" user="찬스입니다" uid="19088642" lat="35.8650986" lon="129.2067171"/>
 <node id="11104980895" visible="true" version="1" changeset="139711939" timestamp="2023-08-10T15:11:11Z" user="찬스입니다" uid="19088642" lat="35.8651449" lon="129.2066202"/>
 <node id="11104980896" visible="true" version="1" changeset="139711939" timestamp="2023-08-10T15:11:11Z" user="찬스입니다" uid="19088642" lat="35.8633063" lon="129.2065390"/>
 <node id="11104980897" visible="true" version="1" changeset="139711939" timestamp="2023-08-10T15:11:11Z" user="찬스입니다" uid="19088642" lat="35.8634942" lon="129.2062316"/>
 <node id="11104980898" visible="true" version="1" changeset="139711939" timestamp="2023-08-10T15:11:11Z" user="찬스입니다" uid="19088642" lat="35.8635311" lon="129.2061484"/>
 <node id="11104980899" visible="true" version="1" changeset="139711939" timestamp="2023-08-10T15:11:11Z" user="찬스입니다" uid="19088642" lat="35.8636159" lon="129.2060867"/>
 <node id="11104980900" visible="true" version="1" changeset="139711939" timestamp="2023-08-10T15:11:11Z" user="찬스입니다" uid="19088642" lat="35.8636963" lon="129.2061136"/>
 <node id="11104980901" visible="true" version="1" changeset="139711939" timestamp="2023-08-10T15:11:11Z" user="찬스입니다" uid="19088642" lat="35.8641941" lon="129.2063898"/>
 <node id="11104980902" visible="true" version="1" changeset="139711939" timestamp="2023-08-10T15:11:11Z" user="찬스입니다" uid="19088642" lat="35.8645180" lon="129.2066366"/>
 <node id="11104980903" visible="true" version="1" changeset="139711939" timestamp="2023-08-10T15:11:11Z" user="찬스입니다" uid="19088642" lat="35.8646289" lon="129.2068297"/>
 <node id="11104980904" visible="true" version="1" changeset="139711939" timestamp="2023-08-10T15:11:11Z" user="찬스입니다" uid="19088642" lat="35.8646456" lon="129.2069563"/>
 <node id="11104980905" visible="true" version="1" changeset="139711939" timestamp="2023-08-10T15:11:11Z" user="찬스입니다" uid="19088642" lat="35.8646441" lon="129.2071489"/>
 <node id="11104980906" visible="true" version="1" changeset="139711939" timestamp="2023-08-10T15:11:11Z" user="찬스입니다" uid="19088642" lat="35.8645463" lon="129.2074279"/>
 <node id="11104980907" visible="true" version="1" changeset="139711939" timestamp="2023-08-10T15:11:11Z" user="찬스입니다" uid="19088642" lat="35.8644767" lon="129.2075056"/>
 <node id="11104980908" visible="true" version="1" changeset="139711939" timestamp="2023-08-10T15:11:11Z" user="찬스입니다" uid="19088642" lat="35.8643550" lon="129.2075539"/>
 <node id="11104980909" visible="true" version="1" changeset="139711939" timestamp="2023-08-10T15:11:11Z" user="찬스입니다" uid="19088642" lat="35.8641441" lon="129.2074493"/>
 <node id="11104980910" visible="true" version="1" changeset="139711939" timestamp="2023-08-10T15:11:11Z" user="찬스입니다" uid="19088642" lat="35.8640789" lon="129.2074413"/>
 <node id="11104980911" visible="true" version="1" changeset="139711939" timestamp="2023-08-10T15:11:11Z" user="찬스입니다" uid="19088642" lat="35.8639724" lon="129.2073903"/>
 <node id="11104980912" visible="true" version="1" changeset="139711939" timestamp="2023-08-10T15:11:11Z" user="찬스입니다" uid="19088642" lat="35.8638898" lon="129.2072374"/>
 <node id="11104980913" visible="true" version="1" changeset="139711939" timestamp="2023-08-10T15:11:11Z" user="찬스입니다" uid="19088642" lat="35.8637268" lon="129.2070577"/>
 <node id="11104980914" visible="true" version="1" changeset="139711939" timestamp="2023-08-10T15:11:11Z" user="찬스입니다" uid="19088642" lat="35.8636029" lon="129.2069209"/>
 <node id="11104980915" visible="true" version="1" changeset="139711939" timestamp="2023-08-10T15:11:11Z" user="찬스입니다" uid="19088642" lat="35.8634638" lon="129.2068378"/>
 <node id="11104980916" visible="true" version="1" changeset="139711939" timestamp="2023-08-10T15:11:11Z" user="찬스입니다" uid="19088642" lat="35.8636174" lon="129.2069370"/>
 <node id="11104980917" visible="true" version="1" changeset="139711939" timestamp="2023-08-10T15:11:11Z" user="찬스입니다" uid="19088642" lat="35.8636597" lon="129.2067625"/>
 <node id="11104980918" visible="true" version="1" changeset="139711939" timestamp="2023-08-10T15:11:11Z" user="찬스입니다" uid="19088642" lat="35.8636927" lon="129.2067148"/>
 <node id="11104980919" visible="true" version="1" changeset="139711939" timestamp="2023-08-10T15:11:11Z" user="찬스입니다" uid="19088642" lat="35.8637343" lon="129.2066900"/>
 <node id="11104980920" visible="true" version="1" changeset="139711939" timestamp="2023-08-10T15:11:11Z" user="찬스입니다" uid="19088642" lat="35.8640391" lon="129.2063038"/>
 <node id="11104980921" visible="true" version="1" changeset="139711939" timestamp="2023-08-10T15:11:11Z" user="찬스입니다" uid="19088642" lat="35.8637328" lon="129.2067090"/>
 <node id="11104980922" visible="true" version="1" changeset="139711939" timestamp="2023-08-10T15:11:11Z" user="찬스입니다" uid="19088642" lat="35.8637730" lon="129.2067453"/>
 <node id="11104980923" visible="true" version="1" changeset="139711939" timestamp="2023-08-10T15:11:11Z" user="찬스입니다" uid="19088642" lat="35.8638124" lon="129.2068126"/>
 <node id="11104980924" visible="true" version="1" changeset="139711939" timestamp="2023-08-10T15:11:11Z" user="찬스입니다" uid="19088642" lat="35.8639465" lon="129.2069644"/>
 <node id="11104980925" visible="true" version="1" changeset="139711939" timestamp="2023-08-10T15:11:11Z" user="찬스입니다" uid="19088642" lat="35.8629570" lon="129.2068309"/>
 <node id="11104980926" visible="true" version="1" changeset="139711939" timestamp="2023-08-10T15:11:11Z" user="찬스입니다" uid="19088642" lat="35.8630271" lon="129.2068754"/>
 <node id="11104980927" visible="true" version="1" changeset="139711939" timestamp="2023-08-10T15:11:11Z" user="찬스입니다" uid="19088642" lat="35.8631176" lon="129.2070074"/>
 <node id="11104980928" visible="true" version="1" changeset="139711939" timestamp="2023-08-10T15:11:11Z" user="찬스입니다" uid="19088642" lat="35.8631541" lon="129.2070724"/>
 <node id="11104980929" visible="true" version="1" changeset="139711939" timestamp="2023-08-10T15:11:11Z" user="찬스입니다" uid="19088642" lat="35.8632610" lon="129.2074139"/>
 <node id="11104980930" visible="true" version="1" changeset="139711939" timestamp="2023-08-10T15:11:11Z" user="찬스입니다" uid="19088642" lat="35.8632972" lon="129.2075664"/>
 <node id="11104980931" visible="true" version="1" changeset="139711939" timestamp="2023-08-10T15:11:11Z" user="찬스입니다" uid="19088642" lat="35.8633160" lon="129.2076364"/>
 <node id="11104980932" visible="true" version="1" changeset="139711939" timestamp="2023-08-10T15:11:11Z" user="찬스입니다" uid="19088642" lat="35.8633186" lon="129.2077127"/>
 <node id="11104980933" visible="true" version="1" changeset="139711939" timestamp="2023-08-10T15:11:11Z" user="찬스입니다" uid="19088642" lat="35.8633087" lon="129.2078753"/>
 <node id="11104980934" visible="true" version="1" changeset="139711939" timestamp="2023-08-10T15:11:11Z" user="찬스입니다" uid="19088642" lat="35.8632640" lon="129.2080118"/>
 <node id="11104980937" visible="true" version="1" changeset="139711939" timestamp="2023-08-10T15:11:11Z" user="찬스입니다" uid="19088642" lat="35.8639790" lon="129.2066873"/>
 <node id="11104980938" visible="true" version="1" changeset="139711939" timestamp="2023-08-10T15:11:11Z" user="찬스입니다" uid="19088642" lat="35.8640243" lon="129.2066425"/>
 <node id="11104980939" visible="true" version="1" changeset="139711939" timestamp="2023-08-10T15:11:11Z" user="찬스입니다" uid="19088642" lat="35.8640581" lon="129.2066334"/>
 <node id="11104980940" visible="true" version="1" changeset="139711939" timestamp="2023-08-10T15:11:11Z" user="찬스입니다" uid="19088642" lat="35.8640919" lon="129.2065877"/>
 <node id="11104980941" visible="true" version="1" changeset="139711939" timestamp="2023-08-10T15:11:11Z" user="찬스입니다" uid="19088642" lat="35.8641405" lon="129.2065917"/>
 <node id="11104980942" visible="true" version="1" changeset="139711939" timestamp="2023-08-10T15:11:11Z" user="찬스입니다" uid="19088642" lat="35.8641578" lon="129.2066283"/>
 <node id="11104980943" visible="true" version="1" changeset="139711939" timestamp="2023-08-10T15:11:11Z" user="찬스입니다" uid="19088642" lat="35.8641495" lon="129.2066812"/>
 <node id="11104980944" visible="true" version="1" changeset="139711939" timestamp="2023-08-10T15:11:11Z" user="찬스입니다" uid="19088642" lat="35.8641685" lon="129.2067198"/>
 <node id="11104980945" visible="true" version="1" changeset="139711939" timestamp="2023-08-10T15:11:11Z" user="찬스입니다" uid="19088642" lat="35.8642303" lon="129.2067360"/>
 <node id="11104980946" visible="true" version="1" changeset="139711939" timestamp="2023-08-10T15:11:11Z" user="찬스입니다" uid="19088642" lat="35.8642509" lon="129.2067533"/>
 <node id="11104980947" visible="true" version="1" changeset="139711939" timestamp="2023-08-10T15:11:11Z" user="찬스입니다" uid="19088642" lat="35.8642443" lon="129.2067665"/>
 <node id="11104980948" visible="true" version="1" changeset="139711939" timestamp="2023-08-10T15:11:11Z" user="찬스입니다" uid="19088642" lat="35.8640836" lon="129.2068438"/>
 <node id="11104980949" visible="true" version="1" changeset="139711939" timestamp="2023-08-10T15:11:11Z" user="찬스입니다" uid="19088642" lat="35.8640515" lon="129.2068143"/>
 <node id="11104980950" visible="true" version="1" changeset="139711939" timestamp="2023-08-10T15:11:11Z" user="찬스입니다" uid="19088642" lat="35.8639988" lon="129.2067442"/>
 <node id="11104980951" visible="true" version="1" changeset="139711939" timestamp="2023-08-10T15:11:11Z" user="찬스입니다" uid="19088642" lat="35.8639848" lon="129.2067157"/>
 <node id="11104980952" visible="true" version="1" changeset="139711939" timestamp="2023-08-10T15:11:11Z" user="찬스입니다" uid="19088642" lat="35.8643590" lon="129.2070651"/>
 <node id="11104980953" visible="true" version="1" changeset="139711939" timestamp="2023-08-10T15:11:11Z" user="찬스입니다" uid="19088642" lat="35.8644083" lon="129.2072600"/>
 <node id="11104980954" visible="true" version="1" changeset="139711939" timestamp="2023-08-10T15:11:11Z" user="찬스입니다" uid="19088642" lat="35.8642336" lon="129.2073424"/>
 <node id="11104980955" visible="true" version="1" changeset="139711939" timestamp="2023-08-10T15:11:11Z" user="찬스입니다" uid="19088642" lat="35.8642467" lon="129.2073924"/>
 <node id="11104980956" visible="true" version="1" changeset="139711939" timestamp="2023-08-10T15:11:11Z" user="찬스입니다" uid="19088642" lat="35.8641799" lon="129.2074209"/>
 <node id="11104980957" visible="true" version="1" changeset="139711939" timestamp="2023-08-10T15:11:11Z" user="찬스입니다" uid="19088642" lat="35.8641493" lon="129.2073316"/>
 <node id="11104980958" visible="true" version="1" changeset="139711939" timestamp="2023-08-10T15:11:11Z" user="찬스입니다" uid="19088642" lat="35.8642024" lon="129.2072499"/>
 <node id="11104980959" visible="true" version="1" changeset="139711939" timestamp="2023-08-10T15:11:11Z" user="찬스입니다" uid="19088642" lat="35.8642367" lon="129.2072777"/>
 <node id="11104980960" visible="true" version="1" changeset="139711939" timestamp="2023-08-10T15:11:11Z" user="찬스입니다" uid="19088642" lat="35.8642673" lon="129.2072677"/>
 <node id="11104980961" visible="true" version="1" changeset="139711939" timestamp="2023-08-10T15:11:11Z" user="찬스입니다" uid="19088642" lat="35.8642673" lon="129.2072369"/>
 <node id="11104980962" visible="true" version="1" changeset="139711939" timestamp="2023-08-10T15:11:11Z" user="찬스입니다" uid="19088642" lat="35.8642211" lon="129.2071822"/>
 <node id="11104980963" visible="true" version="1" changeset="139711939" timestamp="2023-08-10T15:11:11Z" user="찬스입니다" uid="19088642" lat="35.8642404" lon="129.2071359"/>
 <node id="11104980964" visible="true" version="1" changeset="139711939" timestamp="2023-08-10T15:11:11Z" user="찬스입니다" uid="19088642" lat="35.8642610" lon="129.2071359"/>
 <node id="11104980965" visible="true" version="1" changeset="139711939" timestamp="2023-08-10T15:11:11Z" user="찬스입니다" uid="19088642" lat="35.8642979" lon="129.2071483"/>
 <node id="11104980966" visible="true" version="1" changeset="139711939" timestamp="2023-08-10T15:11:11Z" user="찬스입니다" uid="19088642" lat="35.8643166" lon="129.2071359"/>
 <node id="11104980967" visible="true" version="1" changeset="139711939" timestamp="2023-08-10T15:11:11Z" user="찬스입니다" uid="19088642" lat="35.8643334" lon="129.2071013"/>
 <node id="11104980968" visible="true" version="1" changeset="139711939" timestamp="2023-08-10T15:11:11Z" user="찬스입니다" uid="19088642" lat="35.8641923" lon="129.2067915"/>
 <node id="11104980969" visible="true" version="1" changeset="139711939" timestamp="2023-08-10T15:11:11Z" user="찬스입니다" uid="19088642" lat="35.8642286" lon="129.2068294"/>
 <node id="11104980970" visible="true" version="1" changeset="139711939" timestamp="2023-08-10T15:11:11Z" user="찬스입니다" uid="19088642" lat="35.8642604" lon="129.2068718"/>
 <node id="11104980971" visible="true" version="1" changeset="139711939" timestamp="2023-08-10T15:11:11Z" user="찬스입니다" uid="19088642" lat="35.8642542" lon="129.2069157"/>
 <node id="11104980972" visible="true" version="1" changeset="139711939" timestamp="2023-08-10T15:11:11Z" user="찬스입니다" uid="19088642" lat="35.8641811" lon="129.2069688"/>
 <node id="11104980973" visible="true" version="1" changeset="139711939" timestamp="2023-08-10T15:11:11Z" user="찬스입니다" uid="19088642" lat="35.8641037" lon="129.2070204"/>
 <node id="11104980974" visible="true" version="1" changeset="139711939" timestamp="2023-08-10T15:11:11Z" user="찬스입니다" uid="19088642" lat="35.8640469" lon="129.2071013"/>
 <node id="11104980975" visible="true" version="1" changeset="139711939" timestamp="2023-08-10T15:11:11Z" user="찬스입니다" uid="19088642" lat="35.8639951" lon="129.2071444"/>
 <node id="11104980976" visible="true" version="1" changeset="139711939" timestamp="2023-08-10T15:11:11Z" user="찬스입니다" uid="19088642" lat="35.8639845" lon="129.2071737"/>
 <node id="11104980977" visible="true" version="1" changeset="139711939" timestamp="2023-08-10T15:11:11Z" user="찬스입니다" uid="19088642" lat="35.8640032" lon="129.2071929"/>
 <node id="11104980978" visible="true" version="1" changeset="139711939" timestamp="2023-08-10T15:11:11Z" user="찬스입니다" uid="19088642" lat="35.8641050" lon="129.2071706"/>
 <node id="11104980979" visible="true" version="1" changeset="139711939" timestamp="2023-08-10T15:11:11Z" user="찬스입니다" uid="19088642" lat="35.8641543" lon="129.2071999"/>
 <node id="11104980980" visible="true" version="1" changeset="139711939" timestamp="2023-08-10T15:11:11Z" user="찬스입니다" uid="19088642" lat="35.8641824" lon="129.2072806"/>
 <node id="11104980981" visible="true" version="1" changeset="139711939" timestamp="2023-08-10T15:11:11Z" user="찬스입니다" uid="19088642" lat="35.8640513" lon="129.2070951"/>
 <node id="11104980982" visible="true" version="1" changeset="139711939" timestamp="2023-08-10T15:11:11Z" user="찬스입니다" uid="19088642" lat="35.8640927" lon="129.2070361"/>
 <node id="11104980983" visible="true" version="1" changeset="139711939" timestamp="2023-08-10T15:11:11Z" user="찬스입니다" uid="19088642" lat="35.8641117" lon="129.2074453"/>
 <node id="11104980984" visible="true" version="1" changeset="139711939" timestamp="2023-08-10T15:11:11Z" user="찬스입니다" uid="19088642" lat="35.8641637" lon="129.2075715"/>
 <node id="11104980985" visible="true" version="1" changeset="139711939" timestamp="2023-08-10T15:11:11Z" user="찬스입니다" uid="19088642" lat="35.8643050" lon="129.2076735"/>
 <node id="11104980986" visible="true" version="1" changeset="139711939" timestamp="2023-08-10T15:11:11Z" user="찬스입니다" uid="19088642" lat="35.8644735" lon="129.2077888"/>
 <node id="11104980987" visible="true" version="1" changeset="139711939" timestamp="2023-08-10T15:11:11Z" user="찬스입니다" uid="19088642" lat="35.8645865" lon="129.2079095"/>
 <node id="11104980988" visible="true" version="1" changeset="139711939" timestamp="2023-08-10T15:11:11Z" user="찬스입니다" uid="19088642" lat="35.8644699" lon="129.2085049"/>
 <node id="11104980989" visible="true" version="1" changeset="139711939" timestamp="2023-08-10T15:11:11Z" user="찬스입니다" uid="19088642" lat="35.8643775" lon="129.2088007"/>
 <node id="11104980990" visible="true" version="1" changeset="139711939" timestamp="2023-08-10T15:11:11Z" user="찬스입니다" uid="19088642" lat="35.8641078" lon="129.2086220"/>
 <node id="11104980991" visible="true" version="1" changeset="139711939" timestamp="2023-08-10T15:11:11Z" user="찬스입니다" uid="19088642" lat="35.8637832" lon="129.2082892"/>
 <node id="11104980992" visible="true" version="1" changeset="139711939" timestamp="2023-08-10T15:11:11Z" user="찬스입니다" uid="19088642" lat="35.8637608" lon="129.2082184"/>
 <node id="11104980993" visible="true" version="1" changeset="139711939" timestamp="2023-08-10T15:11:11Z" user="찬스입니다" uid="19088642" lat="35.8638631" lon="129.2079411"/>
 <node id="11104980994" visible="true" version="1" changeset="139711939" timestamp="2023-08-10T15:11:11Z" user="찬스입니다" uid="19088642" lat="35.8640180" lon="129.2076176"/>
 <node id="11104980995" visible="true" version="1" changeset="139711939" timestamp="2023-08-10T15:11:11Z" user="찬스입니다" uid="19088642" lat="35.8642127" lon="129.2077963"/>
 <node id="11104980996" visible="true" version="1" changeset="139711939" timestamp="2023-08-10T15:11:11Z" user="찬스입니다" uid="19088642" lat="35.8642876" lon="129.2078363"/>
 <node id="11104980997" visible="true" version="1" changeset="139711939" timestamp="2023-08-10T15:11:11Z" user="찬스입니다" uid="19088642" lat="35.8644050" lon="129.2078795"/>
 <node id="11104980998" visible="true" version="1" changeset="139711939" timestamp="2023-08-10T15:11:11Z" user="찬스입니다" uid="19088642" lat="35.8644924" lon="129.2080366"/>
 <node id="11104980999" visible="true" version="1" changeset="139711939" timestamp="2023-08-10T15:11:11Z" user="찬스입니다" uid="19088642" lat="35.8644474" lon="129.2082122"/>
 <node id="11104981000" visible="true" version="1" changeset="139711939" timestamp="2023-08-10T15:11:11Z" user="찬스입니다" uid="19088642" lat="35.8644025" lon="129.2082738"/>
 <node id="11104981001" visible="true" version="1" changeset="139711939" timestamp="2023-08-10T15:11:11Z" user="찬스입니다" uid="19088642" lat="35.8643775" lon="129.2084710"/>
 <node id="11104981002" visible="true" version="1" changeset="139711939" timestamp="2023-08-10T15:11:11Z" user="찬스입니다" uid="19088642" lat="35.8642627" lon="129.2085604"/>
 <node id="11104981003" visible="true" version="1" changeset="139711939" timestamp="2023-08-10T15:11:11Z" user="찬스입니다" uid="19088642" lat="35.8641503" lon="129.2085635"/>
 <node id="11104981004" visible="true" version="1" changeset="139711939" timestamp="2023-08-10T15:11:11Z" user="찬스입니다" uid="19088642" lat="35.8640829" lon="129.2084803"/>
 <node id="11104981005" visible="true" version="1" changeset="139711939" timestamp="2023-08-10T15:11:11Z" user="찬스입니다" uid="19088642" lat="35.8640030" lon="129.2083632"/>
 <node id="11104981006" visible="true" version="1" changeset="139711939" timestamp="2023-08-10T15:11:11Z" user="찬스입니다" uid="19088642" lat="35.8639406" lon="129.2083355"/>
 <node id="11104981007" visible="true" version="1" changeset="139711939" timestamp="2023-08-10T15:11:11Z" user="찬스입니다" uid="19088642" lat="35.8638532" lon="129.2082184"/>
 <node id="11104981008" visible="true" version="1" changeset="139711939" timestamp="2023-08-10T15:11:11Z" user="찬스입니다" uid="19088642" lat="35.8638631" lon="129.2080951"/>
 <node id="11104981009" visible="true" version="1" changeset="139711939" timestamp="2023-08-10T15:11:11Z" user="찬스입니다" uid="19088642" lat="35.8639855" lon="129.2079472"/>
 <node id="11104981010" visible="true" version="1" changeset="139711939" timestamp="2023-08-10T15:11:11Z" user="찬스입니다" uid="19088642" lat="35.8640529" lon="129.2078209"/>
 <node id="11104981011" visible="true" version="1" changeset="139711939" timestamp="2023-08-10T15:11:11Z" user="찬스입니다" uid="19088642" lat="35.8641653" lon="129.2079626"/>
 <node id="11104981012" visible="true" version="2" changeset="155950856" timestamp="2024-08-29T23:30:13Z" user="VLD280" uid="21555918" lat="35.8641837" lon="129.2080910"/>
 <node id="11104981013" visible="true" version="1" changeset="139711939" timestamp="2023-08-10T15:11:11Z" user="찬스입니다" uid="19088642" lat="35.8642334" lon="129.2080747"/>
 <node id="11104981014" visible="true" version="1" changeset="139711939" timestamp="2023-08-10T15:11:11Z" user="찬스입니다" uid="19088642" lat="35.8643072" lon="129.2080058"/>
 <node id="11104981015" visible="true" version="1" changeset="139711939" timestamp="2023-08-10T15:11:11Z" user="찬스입니다" uid="19088642" lat="35.8643602" lon="129.2080117"/>
 <node id="11104981016" visible="true" version="1" changeset="139711939" timestamp="2023-08-10T15:11:11Z" user="찬스입니다" uid="19088642" lat="35.8643763" lon="129.2080619"/>
 <node id="11104981017" visible="true" version="1" changeset="139711939" timestamp="2023-08-10T15:11:11Z" user="찬스입니다" uid="19088642" lat="35.8643100" lon="129.2081308"/>
 <node id="11104981018" visible="true" version="2" changeset="155950856" timestamp="2024-08-29T23:30:13Z" user="VLD280" uid="21555918" lat="35.8642360" lon="129.2081438"/>
 <node id="11104981019" visible="true" version="2" changeset="155950856" timestamp="2024-08-29T23:30:13Z" user="VLD280" uid="21555918" lat="35.8642292" lon="129.2081982"/>
 <node id="11104981020" visible="true" version="1" changeset="139711939" timestamp="2023-08-10T15:11:11Z" user="찬스입니다" uid="19088642" lat="35.8642902" lon="129.2082604"/>
 <node id="11104981021" visible="true" version="1" changeset="139711939" timestamp="2023-08-10T15:11:11Z" user="찬스입니다" uid="19088642" lat="35.8643100" lon="129.2083526"/>
 <node id="11104981022" visible="true" version="1" changeset="139711939" timestamp="2023-08-10T15:11:11Z" user="찬스입니다" uid="19088642" lat="35.8642892" lon="129.2083794"/>
 <node id="11104981023" visible="true" version="1" changeset="139711939" timestamp="2023-08-10T15:11:11Z" user="찬스입니다" uid="19088642" lat="35.8642202" lon="129.2083514"/>
 <node id="11104981024" visible="true" version="2" changeset="155950856" timestamp="2024-08-29T23:30:13Z" user="VLD280" uid="21555918" lat="35.8641814" lon="129.2082313"/>
 <node id="11104981025" visible="true" version="2" changeset="155950856" timestamp="2024-08-29T23:30:13Z" user="VLD280" uid="21555918" lat="35.8641468" lon="129.2082172"/>
 <node id="11104981026" visible="true" version="1" changeset="139711939" timestamp="2023-08-10T15:11:11Z" user="찬스입니다" uid="19088642" lat="35.8640820" lon="129.2083036"/>
 <node id="11104981027" visible="true" version="1" changeset="139711939" timestamp="2023-08-10T15:11:11Z" user="찬스입니다" uid="19088642" lat="35.8640234" lon="129.2083012"/>
 <node id="11104981028" visible="true" version="1" changeset="139711939" timestamp="2023-08-10T15:11:11Z" user="찬스입니다" uid="19088642" lat="35.8639959" lon="129.2082627"/>
 <node id="11104981029" visible="true" version="1" changeset="139711939" timestamp="2023-08-10T15:11:11Z" user="찬스입니다" uid="19088642" lat="35.8640366" lon="129.2081950"/>
 <node id="11104981030" visible="true" version="2" changeset="155950856" timestamp="2024-08-29T23:30:13Z" user="VLD280" uid="21555918" lat="35.8641252" lon="129.2081755"/>
 <node id="11104981031" visible="true" version="2" changeset="155950856" timestamp="2024-08-29T23:30:13Z" user="VLD280" uid="21555918" lat="35.8641341" lon="129.2081212"/>
 <node id="11104981032" visible="true" version="1" changeset="139711939" timestamp="2023-08-10T15:11:11Z" user="찬스입니다" uid="19088642" lat="35.8640707" lon="129.2080794"/>
 <node id="11104981033" visible="true" version="1" changeset="139711939" timestamp="2023-08-10T15:11:11Z" user="찬스입니다" uid="19088642" lat="35.8640489" lon="129.2079708"/>
 <node id="11104981034" visible="true" version="1" changeset="139711939" timestamp="2023-08-10T15:11:11Z" user="찬스입니다" uid="19088642" lat="35.8640726" lon="129.2079370"/>
 <node id="11104981035" visible="true" version="1" changeset="139711939" timestamp="2023-08-10T15:11:11Z" user="찬스입니다" uid="19088642" lat="35.8643647" lon="129.2081603"/>
 <node id="11104981036" visible="true" version="1" changeset="139711939" timestamp="2023-08-10T15:11:11Z" user="찬스입니다" uid="19088642" lat="35.8643948" lon="129.2082072"/>
 <node id="11104981037" visible="true" version="1" changeset="139711939" timestamp="2023-08-10T15:11:11Z" user="찬스입니다" uid="19088642" lat="35.8644360" lon="129.2082279"/>
 <node id="11104981038" visible="true" version="1" changeset="139711939" timestamp="2023-08-10T15:11:11Z" user="찬스입니다" uid="19088642" lat="35.8643554" lon="129.2082523"/>
 <node id="11104981039" visible="true" version="1" changeset="139711939" timestamp="2023-08-10T15:11:11Z" user="찬스입니다" uid="19088642" lat="35.8649531" lon="129.2089998"/>
 <node id="11104981040" visible="true" version="1" changeset="139711939" timestamp="2023-08-10T15:11:11Z" user="찬스입니다" uid="19088642" lat="35.8648523" lon="129.2089479"/>
 <node id="11104981041" visible="true" version="1" changeset="139711939" timestamp="2023-08-10T15:11:11Z" user="찬스입니다" uid="19088642" lat="35.8644116" lon="129.2086916"/>
 <node id="11104981042" visible="true" version="1" changeset="139711939" timestamp="2023-08-10T15:11:11Z" user="찬스입니다" uid="19088642" lat="35.8643275" lon="129.2086498"/>
 <node id="11104981043" visible="true" version="1" changeset="139711939" timestamp="2023-08-10T15:11:11Z" user="찬스입니다" uid="19088642" lat="35.8642851" lon="129.2086066"/>
 <node id="11104981044" visible="true" version="1" changeset="139711939" timestamp="2023-08-10T15:11:11Z" user="찬스입니다" uid="19088642" lat="35.8641765" lon="129.2083987"/>
 <node id="11104981045" visible="true" version="1" changeset="139711939" timestamp="2023-08-10T15:11:11Z" user="찬스입니다" uid="19088642" lat="35.8641415" lon="129.2084048"/>
 <node id="11104981046" visible="true" version="1" changeset="139711939" timestamp="2023-08-10T15:11:11Z" user="찬스입니다" uid="19088642" lat="35.8641078" lon="129.2083509"/>
 <node id="11104981047" visible="true" version="1" changeset="139711939" timestamp="2023-08-10T15:11:11Z" user="찬스입니다" uid="19088642" lat="35.8640976" lon="129.2082830"/>
 <node id="11104981048" visible="true" version="1" changeset="139711939" timestamp="2023-08-10T15:11:11Z" user="찬스입니다" uid="19088642" lat="35.8640079" lon="129.2080721"/>
 <node id="11104981049" visible="true" version="1" changeset="139711939" timestamp="2023-08-10T15:11:11Z" user="찬스입니다" uid="19088642" lat="35.8639655" lon="129.2081075"/>
 <node id="11104981050" visible="true" version="1" changeset="139711939" timestamp="2023-08-10T15:11:11Z" user="찬스입니다" uid="19088642" lat="35.8639992" lon="129.2081661"/>
 <node id="11104981086" visible="true" version="1" changeset="139711939" timestamp="2023-08-10T15:11:11Z" user="찬스입니다" uid="19088642" lat="35.8635712" lon="129.2058403"/>
 <node id="11104981087" visible="true" version="1" changeset="139711939" timestamp="2023-08-10T15:11:11Z" user="찬스입니다" uid="19088642" lat="35.8654069" lon="129.2070648"/>
 <node id="11104981088" visible="true" version="1" changeset="139711939" timestamp="2023-08-10T15:11:11Z" user="찬스입니다" uid="19088642" lat="35.8642940" lon="129.2101369"/>
 <node id="11104981089" visible="true" version="1" changeset="139711939" timestamp="2023-08-10T15:11:11Z" user="찬스입니다" uid="19088642" lat="35.8612824" lon="129.2099741"/>
 <node id="11104981090" visible="true" version="1" changeset="139711939" timestamp="2023-08-10T15:11:11Z" user="찬스입니다" uid="19088642" lat="35.8627796" lon="129.2076665"/>
 <node id="11119108265" visible="true" version="1" changeset="139967061" timestamp="2023-08-16T14:14:36Z" user="찬스입니다" uid="19088642" lat="35.8642560" lon="129.2069033"/>
 <node id="11119108266" visible="true" version="3" changeset="170060147" timestamp="2025-08-06T14:03:57Z" user="Dmitry2013" uid="1185631" lat="35.8675553" lon="129.2038818"/>
 <node id="11119108267" visible="true" version="3" changeset="170060147" timestamp="2025-08-06T14:03:57Z" user="Dmitry2013" uid="1185631" lat="35.8673233" lon="129.2037682"/>
 <node id="11119108268" visible="true" version="3" changeset="170060147" timestamp="2025-08-06T14:03:57Z" user="Dmitry2013" uid="1185631" lat="35.8673744" lon="129.2036092"/>
 <node id="11119108271" visible="true" version="3" changeset="170060147" timestamp="2025-08-06T14:03:57Z" user="Dmitry2013" uid="1185631" lat="35.8672885" lon="129.2035671"/>
 <node id="11119108272" visible="true" version="3" changeset="170060147" timestamp="2025-08-06T14:03:57Z" user="Dmitry2013" uid="1185631" lat="35.8672122" lon="129.2038044"/>
 <node id="11119108273" visible="true" version="3" changeset="170060147" timestamp="2025-08-06T14:03:57Z" user="Dmitry2013" uid="1185631" lat="35.8675302" lon="129.2039600"/>
 <node id="11174896958" visible="true" version="1" changeset="140947764" timestamp="2023-09-07T16:03:12Z" user="GOCHIDA" uid="9620250" lat="35.8637217" lon="129.2024537"/>
 <node id="11174896959" visible="true" version="1" changeset="140947764" timestamp="2023-09-07T16:03:12Z" user="GOCHIDA" uid="9620250" lat="35.8637420" lon="129.2024629"/>
 <node id="11174896961" visible="true" version="1" changeset="140947764" timestamp="2023-09-07T16:03:12Z" user="GOCHIDA" uid="9620250" lat="35.8636467" lon="129.2023837"/>
 <node id="11174896962" visible="true" version="1" changeset="140947764" timestamp="2023-09-07T16:03:12Z" user="GOCHIDA" uid="9620250" lat="35.8636327" lon="129.2024589"/>
 <node id="11174896963" visible="true" version="1" changeset="140947764" timestamp="2023-09-07T16:03:12Z" user="GOCHIDA" uid="9620250" lat="35.8636310" lon="129.2025159"/>
 <node id="11174896964" visible="true" version="1" changeset="140947764" timestamp="2023-09-07T16:03:12Z" user="GOCHIDA" uid="9620250" lat="35.8636704" lon="129.2025577"/>
 <node id="11174896965" visible="true" version="1" changeset="140947764" timestamp="2023-09-07T16:03:12Z" user="GOCHIDA" uid="9620250" lat="35.8639932" lon="129.2027830"/>
 <node id="11174896966" visible="true" version="1" changeset="140947764" timestamp="2023-09-07T16:03:12Z" user="GOCHIDA" uid="9620250" lat="35.8641370" lon="129.2030432"/>
 <node id="11174896967" visible="true" version="1" changeset="140947764" timestamp="2023-09-07T16:03:12Z" user="GOCHIDA" uid="9620250" lat="35.8642430" lon="129.2031529"/>
 <node id="11174896968" visible="true" version="1" changeset="140947764" timestamp="2023-09-07T16:03:12Z" user="GOCHIDA" uid="9620250" lat="35.8643255" lon="129.2032275"/>
 <node id="11174896969" visible="true" version="1" changeset="140947764" timestamp="2023-09-07T16:03:12Z" user="GOCHIDA" uid="9620250" lat="35.8655560" lon="129.2037573"/>
 <node id="11174896970" visible="true" version="1" changeset="140947764" timestamp="2023-09-07T16:03:12Z" user="GOCHIDA" uid="9620250" lat="35.8664964" lon="129.2041636"/>
 <node id="11174896971" visible="true" version="1" changeset="140947764" timestamp="2023-09-07T16:03:12Z" user="GOCHIDA" uid="9620250" lat="35.8670792" lon="129.2044601"/>
 <node id="11174896972" visible="true" version="1" changeset="140947764" timestamp="2023-09-07T16:03:12Z" user="GOCHIDA" uid="9620250" lat="35.8677093" lon="129.2048034"/>
 <node id="11174896973" visible="true" version="1" changeset="140947764" timestamp="2023-09-07T16:03:12Z" user="GOCHIDA" uid="9620250" lat="35.8682183" lon="129.2051536"/>
 <node id="11174896974" visible="true" version="1" changeset="140947764" timestamp="2023-09-07T16:03:12Z" user="GOCHIDA" uid="9620250" lat="35.8686630" lon="129.2054501"/>
 <node id="11174896975" visible="true" version="1" changeset="140947764" timestamp="2023-09-07T16:03:12Z" user="GOCHIDA" uid="9620250" lat="35.8691493" lon="129.2058448"/>
 <node id="11174896976" visible="true" version="1" changeset="140947764" timestamp="2023-09-07T16:03:12Z" user="GOCHIDA" uid="9620250" lat="35.8695315" lon="129.2062207"/>
 <node id="11174896977" visible="true" version="1" changeset="140947764" timestamp="2023-09-07T16:03:12Z" user="GOCHIDA" uid="9620250" lat="35.8697310" lon="129.2064196"/>
 <node id="11174896978" visible="true" version="1" changeset="140947764" timestamp="2023-09-07T16:03:12Z" user="GOCHIDA" uid="9620250" lat="35.8697647" lon="129.2064489"/>
 <node id="11174896979" visible="true" version="1" changeset="140947764" timestamp="2023-09-07T16:03:12Z" user="GOCHIDA" uid="9620250" lat="35.8697875" lon="129.2064523"/>
 <node id="11174896980" visible="true" version="1" changeset="140947764" timestamp="2023-09-07T16:03:12Z" user="GOCHIDA" uid="9620250" lat="35.8698073" lon="129.2064488"/>
 <node id="11174896981" visible="true" version="1" changeset="140947764" timestamp="2023-09-07T16:03:12Z" user="GOCHIDA" uid="9620250" lat="35.8698281" lon="129.2064371"/>
 <node id="11174896982" visible="true" version="1" changeset="140947764" timestamp="2023-09-07T16:03:12Z" user="GOCHIDA" uid="9620250" lat="35.8698442" lon="129.2064149"/>
 <node id="11174896983" visible="true" version="1" changeset="140947764" timestamp="2023-09-07T16:03:12Z" user="GOCHIDA" uid="9620250" lat="35.8698508" lon="129.2063892"/>
 <node id="11174896984" visible="true" version="1" changeset="140947764" timestamp="2023-09-07T16:03:12Z" user="GOCHIDA" uid="9620250" lat="35.8698499" lon="129.2063659"/>
 <node id="11174896985" visible="true" version="1" changeset="140947764" timestamp="2023-09-07T16:03:12Z" user="GOCHIDA" uid="9620250" lat="35.8698385" lon="129.2063425"/>
 <node id="11174896986" visible="true" version="1" changeset="140947764" timestamp="2023-09-07T16:03:12Z" user="GOCHIDA" uid="9620250" lat="35.8697752" lon="129.2062573"/>
 <node id="11174896987" visible="true" version="1" changeset="140947764" timestamp="2023-09-07T16:03:12Z" user="GOCHIDA" uid="9620250" lat="35.8695172" lon="129.2062066"/>
 <node id="11174897016" visible="true" version="1" changeset="140947764" timestamp="2023-09-07T16:03:12Z" user="GOCHIDA" uid="9620250" lat="35.8608338" lon="129.2046936"/>
 <node id="11174897017" visible="true" version="1" changeset="140947764" timestamp="2023-09-07T16:03:12Z" user="GOCHIDA" uid="9620250" lat="35.8609338" lon="129.2045764"/>
 <node id="11174897018" visible="true" version="1" changeset="140947764" timestamp="2023-09-07T16:03:12Z" user="GOCHIDA" uid="9620250" lat="35.8609974" lon="129.2044316"/>
 <node id="11174897019" visible="true" version="1" changeset="140947764" timestamp="2023-09-07T16:03:12Z" user="GOCHIDA" uid="9620250" lat="35.8610736" lon="129.2043099"/>
 <node id="11174897020" visible="true" version="1" changeset="140947764" timestamp="2023-09-07T16:03:12Z" user="GOCHIDA" uid="9620250" lat="35.8610986" lon="129.2042868"/>
 <node id="11174897021" visible="true" version="1" changeset="140947764" timestamp="2023-09-07T16:03:12Z" user="GOCHIDA" uid="9620250" lat="35.8611360" lon="129.2042729"/>
 <node id="11174897022" visible="true" version="1" changeset="140947764" timestamp="2023-09-07T16:03:12Z" user="GOCHIDA" uid="9620250" lat="35.8611797" lon="129.2042729"/>
 <node id="11174897023" visible="true" version="1" changeset="140947764" timestamp="2023-09-07T16:03:12Z" user="GOCHIDA" uid="9620250" lat="35.8613732" lon="129.2042945"/>
 <node id="11174897024" visible="true" version="1" changeset="140947764" timestamp="2023-09-07T16:03:12Z" user="GOCHIDA" uid="9620250" lat="35.8615855" lon="129.2043500"/>
 <node id="11174897025" visible="true" version="1" changeset="140947764" timestamp="2023-09-07T16:03:12Z" user="GOCHIDA" uid="9620250" lat="35.8620424" lon="129.2044825"/>
 <node id="11174897026" visible="true" version="1" changeset="140947764" timestamp="2023-09-07T16:03:12Z" user="GOCHIDA" uid="9620250" lat="35.8629040" lon="129.2047127"/>
 <node id="11174897027" visible="true" version="1" changeset="140947764" timestamp="2023-09-07T16:03:12Z" user="GOCHIDA" uid="9620250" lat="35.8631330" lon="129.2048131"/>
 <node id="11174897031" visible="true" version="1" changeset="140947764" timestamp="2023-09-07T16:03:12Z" user="GOCHIDA" uid="9620250" lat="35.8622338" lon="129.2045336"/>
 <node id="11174897032" visible="true" version="1" changeset="140947764" timestamp="2023-09-07T16:03:12Z" user="GOCHIDA" uid="9620250" lat="35.8627980" lon="129.2049805"/>
 <node id="11174897033" visible="true" version="1" changeset="140947764" timestamp="2023-09-07T16:03:12Z" user="GOCHIDA" uid="9620250" lat="35.8628686" lon="129.2050288"/>
 <node id="11174897034" visible="true" version="1" changeset="140947764" timestamp="2023-09-07T16:03:12Z" user="GOCHIDA" uid="9620250" lat="35.8631996" lon="129.2050530"/>
 <node id="11174897035" visible="true" version="1" changeset="140947764" timestamp="2023-09-07T16:03:12Z" user="GOCHIDA" uid="9620250" lat="35.8636226" lon="129.2050813"/>
 <node id="11174897036" visible="true" version="1" changeset="140947764" timestamp="2023-09-07T16:03:12Z" user="GOCHIDA" uid="9620250" lat="35.8634792" lon="129.2049752"/>
 <node id="11174934537" visible="true" version="1" changeset="140947764" timestamp="2023-09-07T16:03:12Z" user="GOCHIDA" uid="9620250" lat="35.8641145" lon="129.2054282"/>
 <node id="11174934538" visible="true" version="1" changeset="140947764" timestamp="2023-09-07T16:03:12Z" user="GOCHIDA" uid="9620250" lat="35.8646595" lon="129.2058069"/>
 <node id="11174934539" visible="true" version="1" changeset="140947764" timestamp="2023-09-07T16:03:12Z" user="GOCHIDA" uid="9620250" lat="35.8650295" lon="129.2060387"/>
 <node id="11174934540" visible="true" version="1" changeset="140947764" timestamp="2023-09-07T16:03:12Z" user="GOCHIDA" uid="9620250" lat="35.8653378" lon="129.2061732"/>
 <node id="11174934541" visible="true" version="1" changeset="140947764" timestamp="2023-09-07T16:03:12Z" user="GOCHIDA" uid="9620250" lat="35.8663493" lon="129.2066839"/>
 <node id="11174934542" visible="true" version="1" changeset="140947764" timestamp="2023-09-07T16:03:12Z" user="GOCHIDA" uid="9620250" lat="35.8665965" lon="129.2068657"/>
 <node id="11174934543" visible="true" version="1" changeset="140947764" timestamp="2023-09-07T16:03:12Z" user="GOCHIDA" uid="9620250" lat="35.8669385" lon="129.2071584"/>
 <node id="11174934544" visible="true" version="1" changeset="140947764" timestamp="2023-09-07T16:03:12Z" user="GOCHIDA" uid="9620250" lat="35.8671033" lon="129.2073032"/>
 <node id="11174934545" visible="true" version="1" changeset="140947764" timestamp="2023-09-07T16:03:12Z" user="GOCHIDA" uid="9620250" lat="35.8671757" lon="129.2073802"/>
 <node id="11174934546" visible="true" version="1" changeset="140947764" timestamp="2023-09-07T16:03:12Z" user="GOCHIDA" uid="9620250" lat="35.8673880" lon="129.2075774"/>
 <node id="11174934547" visible="true" version="1" changeset="140947764" timestamp="2023-09-07T16:03:12Z" user="GOCHIDA" uid="9620250" lat="35.8677076" lon="129.2078362"/>
 <node id="11174934548" visible="true" version="1" changeset="140947764" timestamp="2023-09-07T16:03:12Z" user="GOCHIDA" uid="9620250" lat="35.8683268" lon="129.2083199"/>
 <node id="11174934549" visible="true" version="1" changeset="140947764" timestamp="2023-09-07T16:03:12Z" user="GOCHIDA" uid="9620250" lat="35.8689185" lon="129.2087297"/>
 <node id="11174934550" visible="true" version="1" changeset="140947764" timestamp="2023-09-07T16:03:12Z" user="GOCHIDA" uid="9620250" lat="35.8697699" lon="129.2093305"/>
 <node id="11174934551" visible="true" version="1" changeset="140947764" timestamp="2023-09-07T16:03:12Z" user="GOCHIDA" uid="9620250" lat="35.8698116" lon="129.2093379"/>
 <node id="11174934552" visible="true" version="1" changeset="140947764" timestamp="2023-09-07T16:03:12Z" user="GOCHIDA" uid="9620250" lat="35.8698445" lon="129.2093298"/>
 <node id="11174934553" visible="true" version="1" changeset="140947764" timestamp="2023-09-07T16:03:12Z" user="GOCHIDA" uid="9620250" lat="35.8699071" lon="129.2093420"/>
 <node id="11174934554" visible="true" version="1" changeset="140947764" timestamp="2023-09-07T16:03:12Z" user="GOCHIDA" uid="9620250" lat="35.8700323" lon="129.2094172"/>
 <node id="11174934555" visible="true" version="1" changeset="140947764" timestamp="2023-09-07T16:03:12Z" user="GOCHIDA" uid="9620250" lat="35.8706138" lon="129.2098502"/>
 <node id="11174934556" visible="true" version="1" changeset="140947764" timestamp="2023-09-07T16:03:12Z" user="GOCHIDA" uid="9620250" lat="35.8711442" lon="129.2102364"/>
 <node id="11174934557" visible="true" version="1" changeset="140947764" timestamp="2023-09-07T16:03:12Z" user="GOCHIDA" uid="9620250" lat="35.8716350" lon="129.2105758"/>
 <node id="11174934558" visible="true" version="1" changeset="140947764" timestamp="2023-09-07T16:03:12Z" user="GOCHIDA" uid="9620250" lat="35.8720963" lon="129.2109031"/>
 <node id="11174934559" visible="true" version="1" changeset="140947764" timestamp="2023-09-07T16:03:12Z" user="GOCHIDA" uid="9620250" lat="35.8722363" lon="129.2110190"/>
 <node id="11174934560" visible="true" version="1" changeset="140947764" timestamp="2023-09-07T16:03:12Z" user="GOCHIDA" uid="9620250" lat="35.8723647" lon="129.2111694"/>
 <node id="11174934561" visible="true" version="1" changeset="140947764" timestamp="2023-09-07T16:03:12Z" user="GOCHIDA" uid="9620250" lat="35.8725888" lon="129.2114926"/>
 <node id="11174934562" visible="true" version="1" changeset="140947764" timestamp="2023-09-07T16:03:12Z" user="GOCHIDA" uid="9620250" lat="35.8728358" lon="129.2118138"/>
 <node id="11174934563" visible="true" version="1" changeset="140947764" timestamp="2023-09-07T16:03:12Z" user="GOCHIDA" uid="9620250" lat="35.8730434" lon="129.2120475"/>
 <node id="11174934564" visible="true" version="1" changeset="140947764" timestamp="2023-09-07T16:03:12Z" user="GOCHIDA" uid="9620250" lat="35.8732064" lon="129.2122000"/>
 <node id="11174934565" visible="true" version="1" changeset="140947764" timestamp="2023-09-07T16:03:12Z" user="GOCHIDA" uid="9620250" lat="35.8733580" lon="129.2123748"/>
 <node id="11174934566" visible="true" version="1" changeset="140947764" timestamp="2023-09-07T16:03:12Z" user="GOCHIDA" uid="9620250" lat="35.8736512" lon="129.2126736"/>
 <node id="11174934567" visible="true" version="1" changeset="140947764" timestamp="2023-09-07T16:03:12Z" user="GOCHIDA" uid="9620250" lat="35.8738884" lon="129.2128667"/>
 <node id="11174934568" visible="true" version="1" changeset="140947764" timestamp="2023-09-07T16:03:12Z" user="GOCHIDA" uid="9620250" lat="35.8741008" lon="129.2130293"/>
 <node id="11174934569" visible="true" version="1" changeset="140947764" timestamp="2023-09-07T16:03:12Z" user="GOCHIDA" uid="9620250" lat="35.8743776" lon="129.2132143"/>
 <node id="11174934570" visible="true" version="1" changeset="140947764" timestamp="2023-09-07T16:03:12Z" user="GOCHIDA" uid="9620250" lat="35.8748058" lon="129.2134745"/>
 <node id="11174934571" visible="true" version="1" changeset="140947764" timestamp="2023-09-07T16:03:12Z" user="GOCHIDA" uid="9620250" lat="35.8755750" lon="129.2139197"/>
 <node id="11174934572" visible="true" version="1" changeset="140947764" timestamp="2023-09-07T16:03:12Z" user="GOCHIDA" uid="9620250" lat="35.8765122" lon="129.2144909"/>
 <node id="11174934573" visible="true" version="1" changeset="140947764" timestamp="2023-09-07T16:03:12Z" user="GOCHIDA" uid="9620250" lat="35.8770887" lon="129.2148019"/>
 <node id="11174934574" visible="true" version="1" changeset="140947764" timestamp="2023-09-07T16:03:12Z" user="GOCHIDA" uid="9620250" lat="35.8778678" lon="129.2152897"/>
 <node id="11174934575" visible="true" version="1" changeset="140947764" timestamp="2023-09-07T16:03:12Z" user="GOCHIDA" uid="9620250" lat="35.8785431" lon="129.2156841"/>
 <node id="11174934576" visible="true" version="1" changeset="140947764" timestamp="2023-09-07T16:03:12Z" user="GOCHIDA" uid="9620250" lat="35.8790899" lon="129.2159971"/>
 <node id="11174934577" visible="true" version="1" changeset="140947764" timestamp="2023-09-07T16:03:12Z" user="GOCHIDA" uid="9620250" lat="35.8793221" lon="129.2161740"/>
 <node id="11174934578" visible="true" version="1" changeset="140947764" timestamp="2023-09-07T16:03:12Z" user="GOCHIDA" uid="9620250" lat="35.8794489" lon="129.2162512"/>
 <node id="11174934579" visible="true" version="1" changeset="140947764" timestamp="2023-09-07T16:03:12Z" user="GOCHIDA" uid="9620250" lat="35.8796120" lon="129.2163325"/>
 <node id="11174934580" visible="true" version="1" changeset="140947764" timestamp="2023-09-07T16:03:12Z" user="GOCHIDA" uid="9620250" lat="35.8799826" lon="129.2165196"/>
 <node id="11174934581" visible="true" version="1" changeset="140947764" timestamp="2023-09-07T16:03:12Z" user="GOCHIDA" uid="9620250" lat="35.8804404" lon="129.2168001"/>
 <node id="11174934582" visible="true" version="1" changeset="140947764" timestamp="2023-09-07T16:03:12Z" user="GOCHIDA" uid="9620250" lat="35.8809905" lon="129.2171599"/>
 <node id="11174934583" visible="true" version="1" changeset="140947764" timestamp="2023-09-07T16:03:12Z" user="GOCHIDA" uid="9620250" lat="35.8812392" lon="129.2173245"/>
 <node id="11174934584" visible="true" version="1" changeset="140947764" timestamp="2023-09-07T16:03:12Z" user="GOCHIDA" uid="9620250" lat="35.8824926" lon="129.2179974"/>
 <node id="11174934585" visible="true" version="1" changeset="140947764" timestamp="2023-09-07T16:03:12Z" user="GOCHIDA" uid="9620250" lat="35.8838003" lon="129.2188023"/>
 <node id="11174934586" visible="true" version="1" changeset="140947764" timestamp="2023-09-07T16:03:12Z" user="GOCHIDA" uid="9620250" lat="35.8842844" lon="129.2191032"/>
 <node id="11174934587" visible="true" version="1" changeset="140947764" timestamp="2023-09-07T16:03:12Z" user="GOCHIDA" uid="9620250" lat="35.8846698" lon="129.2195138"/>
 <node id="11174934588" visible="true" version="1" changeset="140947764" timestamp="2023-09-07T16:03:12Z" user="GOCHIDA" uid="9620250" lat="35.8850354" lon="129.2201155"/>
 <node id="11174934589" visible="true" version="1" changeset="140947764" timestamp="2023-09-07T16:03:12Z" user="GOCHIDA" uid="9620250" lat="35.8853154" lon="129.2208757"/>
 <node id="11174934590" visible="true" version="1" changeset="140947764" timestamp="2023-09-07T16:03:12Z" user="GOCHIDA" uid="9620250" lat="35.8856711" lon="129.2218148"/>
 <node id="11174934591" visible="true" version="1" changeset="140947764" timestamp="2023-09-07T16:03:12Z" user="GOCHIDA" uid="9620250" lat="35.8859676" lon="129.2225913"/>
 <node id="11174934592" visible="true" version="1" changeset="140947764" timestamp="2023-09-07T16:03:12Z" user="GOCHIDA" uid="9620250" lat="35.8863595" lon="129.2234207"/>
 <node id="11174934593" visible="true" version="1" changeset="140947764" timestamp="2023-09-07T16:03:12Z" user="GOCHIDA" uid="9620250" lat="35.8869195" lon="129.2245428"/>
 <node id="11174934594" visible="true" version="1" changeset="140947764" timestamp="2023-09-07T16:03:12Z" user="GOCHIDA" uid="9620250" lat="35.8871006" lon="129.2248273"/>
 <node id="11174934595" visible="true" version="1" changeset="140947764" timestamp="2023-09-07T16:03:12Z" user="GOCHIDA" uid="9620250" lat="35.8872324" lon="129.2250957"/>
 <node id="11174934596" visible="true" version="1" changeset="140947764" timestamp="2023-09-07T16:03:12Z" user="GOCHIDA" uid="9620250" lat="35.8881513" lon="129.2270064"/>
 <node id="11174934597" visible="true" version="1" changeset="140947764" timestamp="2023-09-07T16:03:12Z" user="GOCHIDA" uid="9620250" lat="35.8883330" lon="129.2274129"/>
 <node id="11174934601" visible="true" version="1" changeset="140947764" timestamp="2023-09-07T16:03:12Z" user="GOCHIDA" uid="9620250" lat="35.8882540" lon="129.2272362"/>
 <node id="11174934605" visible="true" version="1" changeset="140947764" timestamp="2023-09-07T16:03:12Z" user="GOCHIDA" uid="9620250" lat="35.8858831" lon="129.2223699"/>
 <node id="11174934606" visible="true" version="1" changeset="140947764" timestamp="2023-09-07T16:03:12Z" user="GOCHIDA" uid="9620250" lat="35.8816399" lon="129.2175396"/>
 <node id="11174934609" visible="true" version="1" changeset="140947764" timestamp="2023-09-07T16:03:12Z" user="GOCHIDA" uid="9620250" lat="35.8697904" lon="129.2093341"/>
 <node id="11499633151" visible="true" version="2" changeset="158763937" timestamp="2024-11-05T04:30:48Z" user="moaipark" uid="17448023" lat="35.8665161" lon="129.2082016"/>
 <node id="11499633152" visible="true" version="2" changeset="158763937" timestamp="2024-11-05T04:30:48Z" user="moaipark" uid="17448023" lat="35.8666687" lon="129.2083090"/>
 <node id="11499633153" visible="true" version="2" changeset="158763937" timestamp="2024-11-05T04:30:48Z" user="moaipark" uid="17448023" lat="35.8666029" lon="129.2084513"/>
 <node id="11499633154" visible="true" version="2" changeset="158763937" timestamp="2024-11-05T04:30:48Z" user="moaipark" uid="17448023" lat="35.8665279" lon="129.2083985"/>
 <node id="11499633155" visible="true" version="2" changeset="158763937" timestamp="2024-11-05T04:30:48Z" user="moaipark" uid="17448023" lat="35.8664920" lon="129.2084761"/>
 <node id="11499633156" visible="true" version="2" changeset="158763937" timestamp="2024-11-05T04:30:48Z" user="moaipark" uid="17448023" lat="35.8665634" lon="129.2085264"/>
 <node id="11499633157" visible="true" version="2" changeset="158763937" timestamp="2024-11-05T04:30:48Z" user="moaipark" uid="17448023" lat="35.8664141" lon="129.2088491"/>
 <node id="11499633158" visible="true" version="2" changeset="158763937" timestamp="2024-11-05T04:30:48Z" user="moaipark" uid="17448023" lat="35.8663719" lon="129.2088193"/>
 <node id="11499633159" visible="true" version="2" changeset="158763937" timestamp="2024-11-05T04:30:48Z" user="moaipark" uid="17448023" lat="35.8662093" lon="129.2091708"/>
 <node id="11499633160" visible="true" version="2" changeset="158763937" timestamp="2024-11-05T04:30:48Z" user="moaipark" uid="17448023" lat="35.8661027" lon="129.2090957"/>
 <node id="12117612099" visible="true" version="1" changeset="155394155" timestamp="2024-08-18T01:22:07Z" user="이재윤" uid="3018052" lat="35.8678283" lon="129.2084124"/>
 <node id="12117612100" visible="true" version="1" changeset="155394155" timestamp="2024-08-18T01:22:07Z" user="이재윤" uid="3018052" lat="35.8675121" lon="129.2080430"/>
 <node id="12117686101" visible="true" version="1" changeset="155394155" timestamp="2024-08-18T01:22:07Z" user="이재윤" uid="3018052" lat="35.8662634" lon="129.2069250"/>
 <node id="12117686102" visible="true" version="1" changeset="155394155" timestamp="2024-08-18T01:22:07Z" user="이재윤" uid="3018052" lat="35.8654991" lon="129.2063477"/>
 <node id="12117686103" visible="true" version="1" changeset="155394155" timestamp="2024-08-18T01:22:07Z" user="이재윤" uid="3018052" lat="35.8653047" lon="129.2062135"/>
 <node id="12117686104" visible="true" version="1" changeset="155394155" timestamp="2024-08-18T01:22:07Z" user="이재윤" uid="3018052" lat="35.8645766" lon="129.2059411"/>
 <node id="12117686105" visible="true" version="1" changeset="155394155" timestamp="2024-08-18T01:22:07Z" user="이재윤" uid="3018052" lat="35.8641021" lon="129.2057500"/>
 <node id="12117686106" visible="true" version="1" changeset="155394155" timestamp="2024-08-18T01:22:07Z" user="이재윤" uid="3018052" lat="35.8638228" lon="129.2057314"/>
 <node id="12145123358" visible="true" version="1" changeset="155950856" timestamp="2024-08-29T23:30:13Z" user="VLD280" uid="21555918" lat="35.8641558" lon="129.2080981"/>
 <node id="12145123359" visible="true" version="1" changeset="155950856" timestamp="2024-08-29T23:30:13Z" user="VLD280" uid="21555918" lat="35.8642169" lon="129.2081067"/>
 <node id="12313485923" visible="true" version="1" changeset="158763937" timestamp="2024-11-05T04:30:48Z" user="moaipark" uid="17448023" lat="35.8657305" lon="129.2079399"/>
 <node id="12313485924" visible="true" version="1" changeset="158763937" timestamp="2024-11-05T04:30:48Z" user="moaipark" uid="17448023" lat="35.8660685" lon="129.2081712"/>
 <node id="12313485925" visible="true" version="1" changeset="158763937" timestamp="2024-11-05T04:30:48Z" user="moaipark" uid="17448023" lat="35.8661675" lon="129.2079508"/>
 <node id="12313485926" visible="true" version="1" changeset="158763937" timestamp="2024-11-05T04:30:48Z" user="moaipark" uid="17448023" lat="35.8658295" lon="129.2077196"/>
 <node id="12313485927" visible="true" version="1" changeset="158763937" timestamp="2024-11-05T04:30:48Z" user="moaipark" uid="17448023" lat="35.8659156" lon="129.2091045"/>
 <node id="12313485928" visible="true" version="1" changeset="158763937" timestamp="2024-11-05T04:30:48Z" user="moaipark" uid="17448023" lat="35.8658314" lon="129.2092808"/>
 <node id="12313485929" visible="true" version="1" changeset="158763937" timestamp="2024-11-05T04:30:48Z" user="moaipark" uid="17448023" lat="35.8661290" lon="129.2094971"/>
 <node id="12313485930" visible="true" version="1" changeset="158763937" timestamp="2024-11-05T04:30:48Z" user="moaipark" uid="17448023" lat="35.8662131" lon="129.2093208"/>
 <node id="12313485931" visible="true" version="1" changeset="158763937" timestamp="2024-11-05T04:30:48Z" user="moaipark" uid="17448023" lat="35.8657007" lon="129.2079936"/>
 <node id="12313485932" visible="true" version="1" changeset="158763937" timestamp="2024-11-05T04:30:48Z" user="moaipark" uid="17448023" lat="35.8653656" lon="129.2087424"/>
 <node id="12313485933" visible="true" version="1" changeset="158763937" timestamp="2024-11-05T04:30:48Z" user="moaipark" uid="17448023" lat="35.8657532" lon="129.2090064"/>
 <node id="12313485934" visible="true" version="1" changeset="158763937" timestamp="2024-11-05T04:30:48Z" user="moaipark" uid="17448023" lat="35.8658198" lon="129.2088575"/>
 <node id="12313485935" visible="true" version="1" changeset="158763937" timestamp="2024-11-05T04:30:48Z" user="moaipark" uid="17448023" lat="35.8659382" lon="129.2089382"/>
 <node id="12313485936" visible="true" version="1" changeset="158763937" timestamp="2024-11-05T04:30:48Z" user="moaipark" uid="17448023" lat="35.8662066" lon="129.2083384"/>
 <node id="12313485944" visible="true" version="1" changeset="158763937" timestamp="2024-11-05T04:30:48Z" user="moaipark" uid="17448023" lat="35.8576466" lon="129.2192580"/>
 <node id="12316473198" visible="true" version="1" changeset="158799229" timestamp="2024-11-05T23:58:18Z" user="moaipark" uid="17448023" lat="35.8614537" lon="129.2180856"/>
 <node id="12316476442" visible="true" version="1" changeset="158799229" timestamp="2024-11-05T23:58:18Z" user="moaipark" uid="17448023" lat="35.8667457" lon="129.2082723"/>
 <node id="12316476443" visible="true" version="1" changeset="158799229" timestamp="2024-11-05T23:58:18Z" user="moaipark" uid="17448023" lat="35.8662306" lon="129.2094563"/>
 <node id="12316476444" visible="true" version="1" changeset="158799229" timestamp="2024-11-05T23:58:18Z" user="moaipark" uid="17448023" lat="35.8668295" lon="129.2097475"/>
 <node id="12316476445" visible="true" version="1" changeset="158799229" timestamp="2024-11-05T23:58:18Z" user="moaipark" uid="17448023" lat="35.8667684" lon="129.2100695"/>
 <node id="12316476446" visible="true" version="1" changeset="158799229" timestamp="2024-11-05T23:58:18Z" user="moaipark" uid="17448023" lat="35.8670620" lon="129.2098898"/>
 <node id="12316476447" visible="true" version="1" changeset="158799229" timestamp="2024-11-05T23:58:18Z" user="moaipark" uid="17448023" lat="35.8670101" lon="129.2103837"/>
 <node id="12316476448" visible="true" version="1" changeset="158799229" timestamp="2024-11-05T23:58:18Z" user="moaipark" uid="17448023" lat="35.8675361" lon="129.2102174"/>
 <node id="12316476449" visible="true" version="1" changeset="158799229" timestamp="2024-11-05T23:58:18Z" user="moaipark" uid="17448023" lat="35.8674667" lon="129.2107796"/>
 <node id="12316476450" visible="true" version="1" changeset="158799229" timestamp="2024-11-05T23:58:18Z" user="moaipark" uid="17448023" lat="35.8673696" lon="129.2094220"/>
 <node id="12316476451" visible="true" version="1" changeset="158799229" timestamp="2024-11-05T23:58:18Z" user="moaipark" uid="17448023" lat="35.8673185" lon="129.2098312"/>
 <node id="12316476452" visible="true" version="1" changeset="158799229" timestamp="2024-11-05T23:58:18Z" user="moaipark" uid="17448023" lat="35.8675597" lon="129.2088955"/>
 <node id="12316476453" visible="true" version="1" changeset="158799229" timestamp="2024-11-05T23:58:18Z" user="moaipark" uid="17448023" lat="35.8674976" lon="129.2095097"/>
 <node id="12316476460" visible="true" version="1" changeset="158799229" timestamp="2024-11-05T23:58:18Z" user="moaipark" uid="17448023" lat="35.8684693" lon="129.2101763"/>
 <node id="12316476461" visible="true" version="1" changeset="158799229" timestamp="2024-11-05T23:58:18Z" user="moaipark" uid="17448023" lat="35.8680479" lon="129.2092335"/>
 <node id="12316476462" visible="true" version="1" changeset="158799229" timestamp="2024-11-05T23:58:18Z" user="moaipark" uid="17448023" lat="35.8679796" lon="129.2098398"/>
 <node id="12316476469" visible="true" version="1" changeset="158799229" timestamp="2024-11-05T23:58:18Z" user="moaipark" uid="17448023" lat="35.8678493" lon="129.2097505"/>
 <node id="12316476470" visible="true" version="1" changeset="158799229" timestamp="2024-11-05T23:58:18Z" user="moaipark" uid="17448023" lat="35.8678042" lon="129.2101136"/>
 <node id="12316476471" visible="true" version="1" changeset="158799229" timestamp="2024-11-05T23:58:18Z" user="moaipark" uid="17448023" lat="35.8673262" lon="129.2088153"/>
 <node id="12316476472" visible="true" version="1" changeset="158799229" timestamp="2024-11-05T23:58:18Z" user="moaipark" uid="17448023" lat="35.8672864" lon="129.2090769"/>
 <node id="12316476473" visible="true" version="1" changeset="158799229" timestamp="2024-11-05T23:58:18Z" user="moaipark" uid="17448023" lat="35.8671278" lon="129.2089646"/>
 <node id="12316476474" visible="true" version="1" changeset="158799229" timestamp="2024-11-05T23:58:18Z" user="moaipark" uid="17448023" lat="35.8671511" lon="129.2088380"/>
 <node id="12316476475" visible="true" version="1" changeset="158799229" timestamp="2024-11-05T23:58:18Z" user="moaipark" uid="17448023" lat="35.8672687" lon="129.2087952"/>
 <node id="12316476476" visible="true" version="1" changeset="158799229" timestamp="2024-11-05T23:58:18Z" user="moaipark" uid="17448023" lat="35.8679487" lon="129.2111029"/>
 <node id="12316476477" visible="true" version="1" changeset="158799229" timestamp="2024-11-05T23:58:18Z" user="moaipark" uid="17448023" lat="35.8679164" lon="129.2111309"/>
 <node id="12316476478" visible="true" version="1" changeset="158799229" timestamp="2024-11-05T23:58:18Z" user="moaipark" uid="17448023" lat="35.8671388" lon="129.2090736"/>
 <node id="12316476479" visible="true" version="1" changeset="158799229" timestamp="2024-11-05T23:58:18Z" user="moaipark" uid="17448023" lat="35.8672655" lon="129.2091642"/>
 <node id="12316476480" visible="true" version="1" changeset="158799229" timestamp="2024-11-05T23:58:18Z" user="moaipark" uid="17448023" lat="35.8672138" lon="129.2092743"/>
 <node id="12316476481" visible="true" version="1" changeset="158799229" timestamp="2024-11-05T23:58:18Z" user="moaipark" uid="17448023" lat="35.8670871" lon="129.2091837"/>
 <node id="12316506824" visible="true" version="1" changeset="158799789" timestamp="2024-11-06T00:38:50Z" user="moaipark" uid="17448023" lat="35.8692981" lon="129.2134062"/>
 <node id="12316506827" visible="true" version="1" changeset="158799789" timestamp="2024-11-06T00:38:50Z" user="moaipark" uid="17448023" lat="35.8693293" lon="129.2134561"/>
 <node id="12316715769" visible="true" version="1" changeset="158801109" timestamp="2024-11-06T02:21:34Z" user="moaipark" uid="17448023" lat="35.8656585" lon="129.2075308"/>
 <node id="12316715770" visible="true" version="1" changeset="158801109" timestamp="2024-11-06T02:21:34Z" user="moaipark" uid="17448023" lat="35.8657062" lon="129.2073989"/>
 <node id="12316715771" visible="true" version="1" changeset="158801109" timestamp="2024-11-06T02:21:34Z" user="moaipark" uid="17448023" lat="35.8657802" lon="129.2073259"/>
 <node id="12316715772" visible="true" version="1" changeset="158801109" timestamp="2024-11-06T02:21:34Z" user="moaipark" uid="17448023" lat="35.8658552" lon="129.2072895"/>
 <node id="12316715773" visible="true" version="1" changeset="158801109" timestamp="2024-11-06T02:21:34Z" user="moaipark" uid="17448023" lat="35.8659883" lon="129.2072768"/>
 <node id="12316715774" visible="true" version="1" changeset="158801109" timestamp="2024-11-06T02:21:34Z" user="moaipark" uid="17448023" lat="35.8697243" lon="129.2097396"/>
 <node id="12316715775" visible="true" version="1" changeset="158801109" timestamp="2024-11-06T02:21:34Z" user="moaipark" uid="17448023" lat="35.8697453" lon="129.2098952"/>
 <node id="12316715776" visible="true" version="1" changeset="158801109" timestamp="2024-11-06T02:21:34Z" user="moaipark" uid="17448023" lat="35.8696388" lon="129.2100915"/>
 <node id="12316715777" visible="true" version="1" changeset="158801109" timestamp="2024-11-06T02:21:34Z" user="moaipark" uid="17448023" lat="35.8667440" lon="129.2082438"/>
 <node id="12317288801" visible="true" version="1" changeset="158803396" timestamp="2024-11-06T05:15:33Z" user="moaipark" uid="17448023" lat="35.8699561" lon="129.2042432"/>
 <node id="12317288802" visible="true" version="2" changeset="158806700" timestamp="2024-11-06T07:58:27Z" user="moaipark" uid="17448023" lat="35.8694385" lon="129.2038998"/>
 <node id="12317288803" visible="true" version="1" changeset="158803396" timestamp="2024-11-06T05:15:33Z" user="moaipark" uid="17448023" lat="35.8687771" lon="129.2037147"/>
 <node id="12317288804" visible="true" version="1" changeset="158803396" timestamp="2024-11-06T05:15:33Z" user="moaipark" uid="17448023" lat="35.8678622" lon="129.2032170"/>
 <node id="12317288805" visible="true" version="1" changeset="158803396" timestamp="2024-11-06T05:15:33Z" user="moaipark" uid="17448023" lat="35.8676209" lon="129.2040617"/>
 <node id="12317288806" visible="true" version="1" changeset="158803396" timestamp="2024-11-06T05:15:33Z" user="moaipark" uid="17448023" lat="35.8677850" lon="129.2041568"/>
 <node id="12317288807" visible="true" version="1" changeset="158803396" timestamp="2024-11-06T05:15:33Z" user="moaipark" uid="17448023" lat="35.8684113" lon="129.2047131"/>
 <node id="12317288808" visible="true" version="1" changeset="158803396" timestamp="2024-11-06T05:15:33Z" user="moaipark" uid="17448023" lat="35.8679182" lon="129.2032159"/>
 <node id="12317288809" visible="true" version="1" changeset="158803396" timestamp="2024-11-06T05:15:33Z" user="moaipark" uid="17448023" lat="35.8676241" lon="129.2039749"/>
 <node id="12317660441" visible="true" version="1" changeset="158806149" timestamp="2024-11-06T07:36:40Z" user="moaipark" uid="17448023" lat="35.8670568" lon="129.2041354"/>
 <node id="12317660442" visible="true" version="1" changeset="158806149" timestamp="2024-11-06T07:36:40Z" user="moaipark" uid="17448023" lat="35.8679797" lon="129.2046306"/>
 <node id="12317660443" visible="true" version="1" changeset="158806149" timestamp="2024-11-06T07:36:40Z" user="moaipark" uid="17448023" lat="35.8688056" lon="129.2052045"/>
 <node id="12317660444" visible="true" version="1" changeset="158806149" timestamp="2024-11-06T07:36:40Z" user="moaipark" uid="17448023" lat="35.8696055" lon="129.2059073"/>
 <node id="12317660445" visible="true" version="1" changeset="158806149" timestamp="2024-11-06T07:36:40Z" user="moaipark" uid="17448023" lat="35.8698576" lon="129.2062184"/>
 <node id="12317660446" visible="true" version="1" changeset="158806149" timestamp="2024-11-06T07:36:40Z" user="moaipark" uid="17448023" lat="35.8702749" lon="129.2069373"/>
 <node id="12317660447" visible="true" version="1" changeset="158806149" timestamp="2024-11-06T07:36:40Z" user="moaipark" uid="17448023" lat="35.8702445" lon="129.2069909"/>
 <node id="12317660448" visible="true" version="1" changeset="158806149" timestamp="2024-11-06T07:36:40Z" user="moaipark" uid="17448023" lat="35.8694591" lon="129.2061989"/>
 <node id="12317660449" visible="true" version="1" changeset="158806149" timestamp="2024-11-06T07:36:40Z" user="moaipark" uid="17448023" lat="35.8690977" lon="129.2058485"/>
 <node id="12317660450" visible="true" version="1" changeset="158806149" timestamp="2024-11-06T07:36:40Z" user="moaipark" uid="17448023" lat="35.8682804" lon="129.2052327"/>
 <node id="12317660451" visible="true" version="1" changeset="158806149" timestamp="2024-11-06T07:36:40Z" user="moaipark" uid="17448023" lat="35.8677297" lon="129.2048646"/>
 <node id="12317660452" visible="true" version="1" changeset="158806149" timestamp="2024-11-06T07:36:40Z" user="moaipark" uid="17448023" lat="35.8669410" lon="129.2044328"/>
 <node id="12317660453" visible="true" version="1" changeset="158806149" timestamp="2024-11-06T07:36:40Z" user="moaipark" uid="17448023" lat="35.8667463" lon="129.2039952"/>
 <node id="12317660454" visible="true" version="1" changeset="158806149" timestamp="2024-11-06T07:36:40Z" user="moaipark" uid="17448023" lat="35.8666573" lon="129.2042838"/>
 <node id="12317660455" visible="true" version="1" changeset="158806149" timestamp="2024-11-06T07:36:40Z" user="moaipark" uid="17448023" lat="35.8655569" lon="129.2037960"/>
 <node id="12317660456" visible="true" version="1" changeset="158806149" timestamp="2024-11-06T07:36:40Z" user="moaipark" uid="17448023" lat="35.8644348" lon="129.2033122"/>
 <node id="12317660457" visible="true" version="1" changeset="158806149" timestamp="2024-11-06T07:36:40Z" user="moaipark" uid="17448023" lat="35.8642305" lon="129.2032024"/>
 <node id="12317660458" visible="true" version="1" changeset="158806149" timestamp="2024-11-06T07:36:40Z" user="moaipark" uid="17448023" lat="35.8639277" lon="129.2028218"/>
 <node id="12317660459" visible="true" version="1" changeset="158806149" timestamp="2024-11-06T07:36:40Z" user="moaipark" uid="17448023" lat="35.8639523" lon="129.2026584"/>
 <node id="12317781668" visible="true" version="1" changeset="158806700" timestamp="2024-11-06T07:58:27Z" user="moaipark" uid="17448023" lat="35.8676464" lon="129.2040399"/>
 <node id="12317781669" visible="true" version="1" changeset="158806700" timestamp="2024-11-06T07:58:27Z" user="moaipark" uid="17448023" lat="35.8683216" lon="129.2043969"/>
 <node id="12317781670" visible="true" version="1" changeset="158806700" timestamp="2024-11-06T07:58:27Z" user="moaipark" uid="17448023" lat="35.8683553" lon="129.2042999"/>
 <node id="12317781671" visible="true" version="1" changeset="158806700" timestamp="2024-11-06T07:58:27Z" user="moaipark" uid="17448023" lat="35.8676801" lon="129.2039427"/>
 <node id="12317781672" visible="true" version="1" changeset="158806700" timestamp="2024-11-06T07:58:27Z" user="moaipark" uid="17448023" lat="35.8696903" lon="129.2049000"/>
 <node id="12317781673" visible="true" version="1" changeset="158806700" timestamp="2024-11-06T07:58:27Z" user="moaipark" uid="17448023" lat="35.8686306" lon="129.2041142"/>
 <node id="12317781674" visible="true" version="1" changeset="158806700" timestamp="2024-11-06T07:58:27Z" user="moaipark" uid="17448023" lat="35.8676826" lon="129.2036133"/>
 <node id="12317781687" visible="true" version="1" changeset="158806700" timestamp="2024-11-06T07:58:27Z" user="moaipark" uid="17448023" lat="35.8690491" lon="129.2044245"/>
 <node id="12317781707" visible="true" version="1" changeset="158806700" timestamp="2024-11-06T07:58:27Z" user="moaipark" uid="17448023" lat="35.8698726" lon="129.2041482"/>
 <node id="12317781708" visible="true" version="1" changeset="158806700" timestamp="2024-11-06T07:58:27Z" user="moaipark" uid="17448023" lat="35.8699495" lon="129.2042114"/>
 <node id="12317781709" visible="true" version="1" changeset="158806700" timestamp="2024-11-06T07:58:27Z" user="moaipark" uid="17448023" lat="35.8697278" lon="129.2040205"/>
 <node id="12317781710" visible="true" version="1" changeset="158806700" timestamp="2024-11-06T07:58:27Z" user="moaipark" uid="17448023" lat="35.8695322" lon="129.2039151"/>
 <node id="12317781711" visible="true" version="1" changeset="158806700" timestamp="2024-11-06T07:58:27Z" user="moaipark" uid="17448023" lat="35.8682730" lon="129.2039253"/>
 <node id="12317781712" visible="true" version="1" changeset="158806700" timestamp="2024-11-06T07:58:27Z" user="moaipark" uid="17448023" lat="35.8683143" lon="129.2038129"/>
 <node id="12317781713" visible="true" version="1" changeset="158806700" timestamp="2024-11-06T07:58:27Z" user="moaipark" uid="17448023" lat="35.8684764" lon="129.2038930"/>
 <node id="12317781714" visible="true" version="1" changeset="158806700" timestamp="2024-11-06T07:58:27Z" user="moaipark" uid="17448023" lat="35.8686084" lon="129.2038733"/>
 <node id="12317781715" visible="true" version="1" changeset="158806700" timestamp="2024-11-06T07:58:27Z" user="moaipark" uid="17448023" lat="35.8686662" lon="129.2037138"/>
 <node id="12317781716" visible="true" version="1" changeset="158806700" timestamp="2024-11-06T07:58:27Z" user="moaipark" uid="17448023" lat="35.8679460" lon="129.2033198"/>
 <node id="12317781717" visible="true" version="1" changeset="158806700" timestamp="2024-11-06T07:58:27Z" user="moaipark" uid="17448023" lat="35.8678617" lon="129.2035757"/>
 <node id="12317781723" visible="true" version="1" changeset="158806700" timestamp="2024-11-06T07:58:27Z" user="moaipark" uid="17448023" lat="35.8681900" lon="129.2038814"/>
 <node id="12317781724" visible="true" version="1" changeset="158806700" timestamp="2024-11-06T07:58:27Z" user="moaipark" uid="17448023" lat="35.8681268" lon="129.2040558"/>
 <node id="12317781725" visible="true" version="1" changeset="158806700" timestamp="2024-11-06T07:58:27Z" user="moaipark" uid="17448023" lat="35.8677681" lon="129.2038627"/>
 <node id="12317781726" visible="true" version="1" changeset="158806700" timestamp="2024-11-06T07:58:27Z" user="moaipark" uid="17448023" lat="35.8683381" lon="129.2041653"/>
 <node id="12317781727" visible="true" version="1" changeset="158806700" timestamp="2024-11-06T07:58:27Z" user="moaipark" uid="17448023" lat="35.8683746" lon="129.2040735"/>
 <node id="12317781728" visible="true" version="1" changeset="158806700" timestamp="2024-11-06T07:58:27Z" user="moaipark" uid="17448023" lat="35.8679390" lon="129.2038289">
  <tag k="amenity" v="parking_entrance"/>
  <tag k="parking" v="underground"/>
 </node>
 <node id="12317781729" visible="true" version="1" changeset="158806700" timestamp="2024-11-06T07:58:27Z" user="moaipark" uid="17448023" lat="35.8681661" lon="129.2039474"/>
 <node id="12343738869" visible="true" version="1" changeset="159169879" timestamp="2024-11-15T13:05:55Z" user="이재윤" uid="3018052" lat="35.8649343" lon="129.2094496">
  <tag k="bus" v="yes"/>
  <tag k="highway" v="bus_stop"/>
  <tag k="name" v="황성주공2차.계림고"/>
  <tag k="public_transport" v="platform"/>
  <tag k="ref" v="01385"/>
 </node>
 <node id="12343738870" visible="true" version="1" changeset="159169879" timestamp="2024-11-15T13:05:55Z" user="이재윤" uid="3018052" lat="35.8647201" lon="129.2093947">
  <tag k="bus" v="yes"/>
  <tag k="highway" v="bus_stop"/>
  <tag k="name" v="황성주공2차.계림고"/>
  <tag k="public_transport" v="platform"/>
  <tag k="ref" v="01386"/>
 </node>
 <node id="12512219230" visible="true" version="1" changeset="161491413" timestamp="2025-01-18T13:25:05Z" user="DanielAgos" uid="20972402" lat="35.8654978" lon="129.2075518"/>
 <node id="12512219231" visible="true" version="1" changeset="161491413" timestamp="2025-01-18T13:25:05Z" user="DanielAgos" uid="20972402" lat="35.8654891" lon="129.2073686"/>
 <node id="12512219232" visible="true" version="1" changeset="161491413" timestamp="2025-01-18T13:25:05Z" user="DanielAgos" uid="20972402" lat="35.8655086" lon="129.2071702"/>
 <node id="12512219233" visible="true" version="1" changeset="161491413" timestamp="2025-01-18T13:25:05Z" user="DanielAgos" uid="20972402" lat="35.8654988" lon="129.2070307"/>
 <node id="12512219234" visible="true" version="1" changeset="161491413" timestamp="2025-01-18T13:25:05Z" user="DanielAgos" uid="20972402" lat="35.8653630" lon="129.2068429"/>
 <node id="12512219235" visible="true" version="1" changeset="161491413" timestamp="2025-01-18T13:25:05Z" user="DanielAgos" uid="20972402" lat="35.8651716" lon="129.2066382"/>
 <node id="12512219236" visible="true" version="1" changeset="161491413" timestamp="2025-01-18T13:25:05Z" user="DanielAgos" uid="20972402" lat="35.8653246" lon="129.2067410"/>
 <node id="12512219237" visible="true" version="1" changeset="161491413" timestamp="2025-01-18T13:25:05Z" user="DanielAgos" uid="20972402" lat="35.8654847" lon="129.2067584"/>
 <node id="12512219238" visible="true" version="1" changeset="161491413" timestamp="2025-01-18T13:25:05Z" user="DanielAgos" uid="20972402" lat="35.8656010" lon="129.2067464"/>
 <node id="12512219239" visible="true" version="1" changeset="161491413" timestamp="2025-01-18T13:25:05Z" user="DanielAgos" uid="20972402" lat="35.8657347" lon="129.2067142"/>
 <node id="12512219240" visible="true" version="1" changeset="161491413" timestamp="2025-01-18T13:25:05Z" user="DanielAgos" uid="20972402" lat="35.8658858" lon="129.2067826"/>
 <node id="12512219241" visible="true" version="1" changeset="161491413" timestamp="2025-01-18T13:25:05Z" user="DanielAgos" uid="20972402" lat="35.8659184" lon="129.2069449"/>
 <node id="12512219242" visible="true" version="1" changeset="161491413" timestamp="2025-01-18T13:25:05Z" user="DanielAgos" uid="20972402" lat="35.8660173" lon="129.2070682"/>
 <node id="12512219243" visible="true" version="1" changeset="161491413" timestamp="2025-01-18T13:25:05Z" user="DanielAgos" uid="20972402" lat="35.8661161" lon="129.2072708"/>
 <node id="12512219244" visible="true" version="1" changeset="161491413" timestamp="2025-01-18T13:25:05Z" user="DanielAgos" uid="20972402" lat="35.8659716" lon="129.2072479"/>
 <node id="12512219245" visible="true" version="1" changeset="161491413" timestamp="2025-01-18T13:25:05Z" user="DanielAgos" uid="20972402" lat="35.8658282" lon="129.2072332"/>
 <node id="12512219246" visible="true" version="1" changeset="161491413" timestamp="2025-01-18T13:25:05Z" user="DanielAgos" uid="20972402" lat="35.8657466" lon="129.2072546"/>
 <node id="12512219247" visible="true" version="1" changeset="161491413" timestamp="2025-01-18T13:25:05Z" user="DanielAgos" uid="20972402" lat="35.8655877" lon="129.2073129"/>
 <node id="13052310519" visible="true" version="1" changeset="170059968" timestamp="2025-08-06T14:00:35Z" user="Dmitry2013" uid="1185631" lat="35.8665626" lon="129.2035853"/>
 <node id="13052310520" visible="true" version="1" changeset="170059968" timestamp="2025-08-06T14:00:35Z" user="Dmitry2013" uid="1185631" lat="35.8668737" lon="129.2037500"/>
 <node id="13052310521" visible="true" version="1" changeset="170059968" timestamp="2025-08-06T14:00:35Z" user="Dmitry2013" uid="1185631" lat="35.8670319" lon="129.2032949"/>
 <node id="13052310522" visible="true" version="1" changeset="170059968" timestamp="2025-08-06T14:00:35Z" user="Dmitry2013" uid="1185631" lat="35.8669472" lon="129.2032500"/>
 <node id="13052310523" visible="true" version="1" changeset="170059968" timestamp="2025-08-06T14:00:35Z" user="Dmitry2013" uid="1185631" lat="35.8668325" lon="129.2035798"/>
 <node id="13052310524" visible="true" version="1" changeset="170059968" timestamp="2025-08-06T14:00:35Z" user="Dmitry2013" uid="1185631" lat="35.8666062" lon="129.2034599"/>
 <node id="13058082621" visible="true" version="1" changeset="170157965" timestamp="2025-08-08T14:11:19Z" user="Dmitry2013" uid="1185631" lat="35.8675176" lon="129.2040371"/>
 <node id="13058082622" visible="true" version="1" changeset="170157965" timestamp="2025-08-08T14:11:19Z" user="Dmitry2013" uid="1185631" lat="35.8671679" lon="129.2038453"/>
 <node id="13058082623" visible="true" version="1" changeset="170157965" timestamp="2025-08-08T14:11:19Z" user="Dmitry2013" uid="1185631" lat="35.8674127" lon="129.2031524"/>
 <node id="13058082624" visible="true" version="1" changeset="170157965" timestamp="2025-08-08T14:11:19Z" user="Dmitry2013" uid="1185631" lat="35.8675914" lon="129.2031452"/>
 <node id="13058082625" visible="true" version="1" changeset="170157965" timestamp="2025-08-08T14:11:19Z" user="Dmitry2013" uid="1185631" lat="35.8677876" lon="129.2032363"/>
 <node id="13147574370" visible="true" version="1" changeset="172019808" timestamp="2025-09-16T14:55:26Z" user="hangukhistory" uid="17860844" lat="35.8275975" lon="129.2260145"/>
 <node id="13584766811" visible="true" version="1" changeset="178818996" timestamp="2026-02-20T13:18:06Z" user="Money Moustache" uid="12369934" lat="35.8257512" lon="129.2260091"/>
 <node id="13584766814" visible="true" version="1" changeset="178818996" timestamp="2026-02-20T13:18:06Z" user="Money Moustache" uid="12369934" lat="35.8266557" lon="129.2259635"/>
 <node id="13584766816" visible="true" version="1" changeset="178818996" timestamp="2026-02-20T13:18:06Z" user="Money Moustache" uid="12369934" lat="35.8257585" lon="129.2262440"/>
 <node id="13584766817" visible="true" version="1" changeset="178818996" timestamp="2026-02-20T13:18:06Z" user="Money Moustache" uid="12369934" lat="35.8282080" lon="129.2264448"/>
 <node id="13584766821" visible="true" version="1" changeset="178818996" timestamp="2026-02-20T13:18:06Z" user="Money Moustache" uid="12369934" lat="35.8255758" lon="129.2259795"/>
 <node id="13584766825" visible="true" version="1" changeset="178818996" timestamp="2026-02-20T13:18:06Z" user="Money Moustache" uid="12369934" lat="35.8254947" lon="129.2259658"/>
 <way id="37408970" visible="true" version="21" changeset="174946814" timestamp="2025-11-21T12:28:25Z" user="이재윤" uid="3018052">
  <nd ref="437088176"/>
  <nd ref="5391304070"/>
  <nd ref="530495138"/>
  <nd ref="530495136"/>
  <nd ref="437088177"/>
  <tag k="highway" v="secondary"/>
  <tag k="name" v="용담로"/>
  <tag k="name:en" v="Yongdam-ro"/>
  <tag k="name:ko" v="용담로"/>
  <tag k="parking:both" v="no"/>
  <tag k="ref" v="904"/>
 </way>
 <way id="42432304" visible="true" version="29" changeset="178818996" timestamp="2026-02-20T13:18:06Z" user="Money Moustache" uid="12369934">
  <nd ref="7676249121"/>
  <nd ref="7663564302"/>
  <nd ref="7676249120"/>
  <nd ref="7676221103"/>
  <nd ref="7676249119"/>
  <nd ref="7663564300"/>
  <nd ref="7676249105"/>
  <nd ref="7676249101"/>
  <nd ref="7676221104"/>
  <nd ref="7676249097"/>
  <nd ref="7676249102"/>
  <nd ref="7676249103"/>
  <nd ref="7676221102"/>
  <nd ref="7676249104"/>
  <nd ref="7676249098"/>
  <nd ref="7663564298"/>
  <nd ref="7668242346"/>
  <nd ref="7663564296"/>
  <nd ref="7663564293"/>
  <nd ref="7663564290"/>
  <nd ref="7663564292"/>
  <nd ref="7663564288"/>
  <nd ref="7663564275"/>
  <nd ref="7663564277"/>
  <nd ref="7663564273"/>
  <nd ref="7663564271"/>
  <nd ref="7663564268"/>
  <nd ref="7663564266"/>
  <nd ref="7663564269"/>
  <nd ref="7663564263"/>
  <nd ref="7663564262"/>
  <nd ref="7668242366"/>
  <nd ref="7663564260"/>
  <nd ref="7663564258"/>
  <nd ref="7663564257"/>
  <nd ref="7668673127"/>
  <nd ref="7663564256"/>
  <nd ref="7663564254"/>
  <nd ref="7668673126"/>
  <nd ref="7675827796"/>
  <nd ref="7663564252"/>
  <nd ref="7675827795"/>
  <nd ref="7668242370"/>
  <nd ref="7663564250"/>
  <nd ref="7668673125"/>
  <nd ref="7668242371"/>
  <nd ref="7663564248"/>
  <nd ref="7669323358"/>
  <nd ref="7663564246"/>
  <nd ref="7668673124"/>
  <nd ref="7663564244"/>
  <nd ref="7668242374"/>
  <nd ref="7663564242"/>
  <nd ref="7675827935"/>
  <nd ref="7669323348"/>
  <nd ref="7663564240"/>
  <nd ref="7675827937"/>
  <nd ref="7668242377"/>
  <nd ref="7663564237"/>
  <nd ref="7663564236"/>
  <nd ref="7668242389"/>
  <nd ref="7668242390"/>
  <nd ref="7663564234"/>
  <nd ref="7668242391"/>
  <nd ref="7663564232"/>
  <nd ref="7668242393"/>
  <nd ref="7668242394"/>
  <nd ref="7668242395"/>
  <nd ref="7663564231"/>
  <nd ref="7668242396"/>
  <nd ref="7668242397"/>
  <nd ref="7663564229"/>
  <nd ref="7668242385"/>
  <nd ref="529766683"/>
  <nd ref="7663564227"/>
  <nd ref="7668242399"/>
  <nd ref="7663564226"/>
  <nd ref="7668242400"/>
  <nd ref="529766682"/>
  <nd ref="7668242401"/>
  <nd ref="7668242402"/>
  <nd ref="529766672"/>
  <nd ref="529766670"/>
  <nd ref="7668242403"/>
  <nd ref="529766698"/>
  <nd ref="529766710"/>
  <nd ref="529766709"/>
  <nd ref="529766707"/>
  <nd ref="529766706"/>
  <nd ref="529766704"/>
  <nd ref="529766702"/>
  <nd ref="529766712"/>
  <nd ref="529766719"/>
  <nd ref="529766724"/>
  <nd ref="529766734"/>
  <nd ref="529766732"/>
  <nd ref="529766730"/>
  <nd ref="529766729"/>
  <nd ref="529766767"/>
  <nd ref="529766765"/>
  <nd ref="529766763"/>
  <nd ref="529766762"/>
  <nd ref="529766760"/>
  <nd ref="529766759"/>
  <nd ref="529766757"/>
  <nd ref="529766749"/>
  <nd ref="529766747"/>
  <nd ref="529766745"/>
  <nd ref="529766744"/>
  <nd ref="529766740"/>
  <nd ref="529766739"/>
  <nd ref="529766804"/>
  <nd ref="529766802"/>
  <nd ref="529766800"/>
  <nd ref="529766798"/>
  <nd ref="529766791"/>
  <nd ref="529766812"/>
  <nd ref="529766810"/>
  <nd ref="529766817"/>
  <nd ref="529766815"/>
  <nd ref="529766813"/>
  <nd ref="529766830"/>
  <nd ref="529766828"/>
  <nd ref="529766827"/>
  <nd ref="529766825"/>
  <nd ref="529766843"/>
  <nd ref="529766841"/>
  <nd ref="529766840"/>
  <nd ref="529766838"/>
  <nd ref="529766836"/>
  <nd ref="529766853"/>
  <nd ref="529766851"/>
  <nd ref="529766850"/>
  <nd ref="529766848"/>
  <nd ref="529766857"/>
  <nd ref="529766855"/>
  <nd ref="529766858"/>
  <nd ref="529766863"/>
  <nd ref="529766862"/>
  <nd ref="529766860"/>
  <nd ref="529766846"/>
  <nd ref="529766845"/>
  <nd ref="529766835"/>
  <nd ref="529766833"/>
  <nd ref="529766831"/>
  <nd ref="529766823"/>
  <nd ref="529766822"/>
  <nd ref="529766820"/>
  <nd ref="529766818"/>
  <nd ref="529766808"/>
  <nd ref="529766807"/>
  <nd ref="529766805"/>
  <nd ref="529766785"/>
  <nd ref="529766783"/>
  <nd ref="529766781"/>
  <nd ref="529766788"/>
  <nd ref="529766786"/>
  <nd ref="529766780"/>
  <nd ref="529766778"/>
  <nd ref="529766777"/>
  <nd ref="529766775"/>
  <nd ref="529766773"/>
  <nd ref="529766772"/>
  <nd ref="529766770"/>
  <nd ref="529766768"/>
  <nd ref="529766789"/>
  <nd ref="529766737"/>
  <nd ref="529766742"/>
  <nd ref="529766735"/>
  <nd ref="529766755"/>
  <nd ref="529766754"/>
  <nd ref="529766752"/>
  <nd ref="529766750"/>
  <nd ref="529766727"/>
  <nd ref="529766725"/>
  <nd ref="529766722"/>
  <nd ref="529766720"/>
  <nd ref="529766717"/>
  <nd ref="529766715"/>
  <nd ref="529766714"/>
  <nd ref="529766701"/>
  <nd ref="529766699"/>
  <nd ref="529766696"/>
  <nd ref="529766695"/>
  <nd ref="529766693"/>
  <nd ref="529766691"/>
  <nd ref="529766690"/>
  <nd ref="529766688"/>
  <nd ref="529766687"/>
  <nd ref="529766669"/>
  <nd ref="529766667"/>
  <nd ref="529766665"/>
  <nd ref="529766664"/>
  <nd ref="529766656"/>
  <nd ref="529766655"/>
  <nd ref="529766654"/>
  <nd ref="529766653"/>
  <nd ref="529766649"/>
  <nd ref="529766648"/>
  <nd ref="529766647"/>
  <nd ref="529766646"/>
  <nd ref="529766645"/>
  <nd ref="529766644"/>
  <nd ref="529766643"/>
  <nd ref="529766642"/>
  <nd ref="529766638"/>
  <nd ref="529766637"/>
  <nd ref="529766636"/>
  <nd ref="529766635"/>
  <nd ref="529766634"/>
  <nd ref="529766632"/>
  <nd ref="529766630"/>
  <nd ref="529766628"/>
  <nd ref="529766621"/>
  <nd ref="529766620"/>
  <nd ref="529766618"/>
  <nd ref="529766616"/>
  <nd ref="529766611"/>
  <nd ref="529766609"/>
  <nd ref="529766607"/>
  <nd ref="529766606"/>
  <nd ref="529766597"/>
  <nd ref="529766596"/>
  <nd ref="529766594"/>
  <nd ref="529766592"/>
  <nd ref="529766590"/>
  <nd ref="529766584"/>
  <nd ref="529766582"/>
  <nd ref="529766580"/>
  <nd ref="529766578"/>
  <nd ref="529766576"/>
  <nd ref="529766573"/>
  <nd ref="529766571"/>
  <nd ref="529766570"/>
  <nd ref="529766565"/>
  <nd ref="529766563"/>
  <nd ref="529766561"/>
  <nd ref="529766560"/>
  <nd ref="529766558"/>
  <nd ref="529766556"/>
  <nd ref="529766546"/>
  <nd ref="529766545"/>
  <nd ref="529766543"/>
  <nd ref="529766541"/>
  <nd ref="529766530"/>
  <nd ref="529766528"/>
  <nd ref="529766518"/>
  <nd ref="529766516"/>
  <nd ref="529766515"/>
  <nd ref="529766513"/>
  <nd ref="529766511"/>
  <nd ref="529766510"/>
  <nd ref="529766508"/>
  <nd ref="529766506"/>
  <nd ref="529766504"/>
  <nd ref="529766492"/>
  <nd ref="529766491"/>
  <nd ref="529766489"/>
  <nd ref="529766487"/>
  <nd ref="529766486"/>
  <nd ref="529766484"/>
  <nd ref="529766473"/>
  <nd ref="529766472"/>
  <nd ref="529766470"/>
  <nd ref="529766458"/>
  <nd ref="529766457"/>
  <nd ref="529766455"/>
  <nd ref="529766453"/>
  <nd ref="529766451"/>
  <nd ref="529766443"/>
  <nd ref="529766441"/>
  <nd ref="529766440"/>
  <nd ref="529766438"/>
  <nd ref="529766436"/>
  <nd ref="529766434"/>
  <nd ref="529766433"/>
  <nd ref="529766431"/>
  <nd ref="529766429"/>
  <nd ref="529766428"/>
  <nd ref="529766417"/>
  <nd ref="529766415"/>
  <nd ref="529766413"/>
  <nd ref="529766411"/>
  <nd ref="529766410"/>
  <nd ref="529766408"/>
  <nd ref="529766406"/>
  <nd ref="529766405"/>
  <nd ref="529766379"/>
  <nd ref="529766377"/>
  <nd ref="529766376"/>
  <nd ref="529766374"/>
  <nd ref="529766372"/>
  <nd ref="529766370"/>
  <nd ref="529766359"/>
  <nd ref="529766357"/>
  <nd ref="529766355"/>
  <nd ref="529766354"/>
  <nd ref="529766342"/>
  <nd ref="529766340"/>
  <nd ref="529766338"/>
  <nd ref="529766337"/>
  <nd ref="529766335"/>
  <nd ref="529766327"/>
  <nd ref="529766325"/>
  <nd ref="529766324"/>
  <nd ref="529766322"/>
  <nd ref="529766320"/>
  <nd ref="529766318"/>
  <nd ref="529766317"/>
  <nd ref="529766315"/>
  <nd ref="529766310"/>
  <nd ref="529766308"/>
  <nd ref="529766307"/>
  <nd ref="529766305"/>
  <nd ref="529766303"/>
  <nd ref="529766293"/>
  <nd ref="529766291"/>
  <nd ref="529766290"/>
  <nd ref="529766286"/>
  <nd ref="529766284"/>
  <nd ref="529766283"/>
  <nd ref="529766281"/>
  <nd ref="529766279"/>
  <nd ref="529766278"/>
  <nd ref="529766244"/>
  <nd ref="529766243"/>
  <nd ref="529766239"/>
  <nd ref="529766238"/>
  <nd ref="529766236"/>
  <nd ref="529766235"/>
  <nd ref="529766234"/>
  <nd ref="529766233"/>
  <nd ref="529766230"/>
  <nd ref="529766229"/>
  <nd ref="529766228"/>
  <nd ref="529766227"/>
  <nd ref="529766226"/>
  <nd ref="529766225"/>
  <nd ref="529766222"/>
  <nd ref="529751160"/>
  <nd ref="529751152"/>
  <nd ref="529751147"/>
  <nd ref="529751148"/>
  <nd ref="529751149"/>
  <nd ref="529751145"/>
  <nd ref="529751146"/>
  <nd ref="3657648997"/>
  <nd ref="529750965"/>
  <nd ref="529750964"/>
  <nd ref="3657648980"/>
  <nd ref="529750954"/>
  <nd ref="529750955"/>
  <nd ref="529750946"/>
  <nd ref="529750947"/>
  <nd ref="529750936"/>
  <nd ref="529750930"/>
  <nd ref="529750931"/>
  <nd ref="529750932"/>
  <nd ref="529750925"/>
  <nd ref="3657648717"/>
  <nd ref="529750926"/>
  <nd ref="3657648705"/>
  <nd ref="529750917"/>
  <nd ref="529750918"/>
  <nd ref="529750919"/>
  <nd ref="529750906"/>
  <nd ref="529750907"/>
  <nd ref="529750908"/>
  <nd ref="529750639"/>
  <nd ref="529750633"/>
  <nd ref="529750634"/>
  <nd ref="529750624"/>
  <nd ref="529750625"/>
  <nd ref="529750626"/>
  <nd ref="529750618"/>
  <nd ref="529750619"/>
  <nd ref="529750620"/>
  <nd ref="529750621"/>
  <nd ref="529750615"/>
  <nd ref="529750616"/>
  <nd ref="529750617"/>
  <nd ref="529750605"/>
  <nd ref="529750606"/>
  <nd ref="529750607"/>
  <nd ref="529750609"/>
  <nd ref="529750610"/>
  <nd ref="529750611"/>
  <nd ref="529750612"/>
  <nd ref="529750585"/>
  <nd ref="529750586"/>
  <nd ref="529750587"/>
  <nd ref="529750588"/>
  <nd ref="529750583"/>
  <nd ref="529750594"/>
  <nd ref="529750595"/>
  <nd ref="529750596"/>
  <nd ref="529750597"/>
  <nd ref="529750598"/>
  <nd ref="529750599"/>
  <nd ref="529750541"/>
  <nd ref="529750542"/>
  <nd ref="529750556"/>
  <nd ref="529750557"/>
  <nd ref="529750558"/>
  <nd ref="529750560"/>
  <nd ref="529750561"/>
  <nd ref="529750562"/>
  <nd ref="529750563"/>
  <nd ref="529750547"/>
  <nd ref="529750548"/>
  <nd ref="529750549"/>
  <nd ref="529750550"/>
  <nd ref="529750565"/>
  <nd ref="529750566"/>
  <nd ref="529750567"/>
  <nd ref="529750570"/>
  <nd ref="529750571"/>
  <nd ref="529750572"/>
  <nd ref="529750573"/>
  <nd ref="529750574"/>
  <nd ref="529750577"/>
  <nd ref="529750578"/>
  <nd ref="529750579"/>
  <nd ref="529750640"/>
  <nd ref="529750641"/>
  <nd ref="529750642"/>
  <nd ref="529750643"/>
  <nd ref="529750644"/>
  <nd ref="529750645"/>
  <nd ref="529750646"/>
  <nd ref="529750650"/>
  <nd ref="529750651"/>
  <nd ref="529750655"/>
  <nd ref="529750656"/>
  <nd ref="529750658"/>
  <nd ref="529750659"/>
  <nd ref="529750664"/>
  <nd ref="529750665"/>
  <nd ref="529750666"/>
  <nd ref="529750667"/>
  <nd ref="529750695"/>
  <nd ref="529750696"/>
  <nd ref="6699604139"/>
  <nd ref="529750697"/>
  <nd ref="529750698"/>
  <nd ref="529750699"/>
  <nd ref="529750700"/>
  <nd ref="529750701"/>
  <nd ref="529750702"/>
  <nd ref="529750703"/>
  <nd ref="529750704"/>
  <nd ref="6699604138"/>
  <nd ref="529750705"/>
  <nd ref="529750671"/>
  <nd ref="6699604141"/>
  <nd ref="529750672"/>
  <nd ref="529750673"/>
  <nd ref="529750684"/>
  <nd ref="529750685"/>
  <nd ref="529750686"/>
  <nd ref="529750679"/>
  <nd ref="529750687"/>
  <nd ref="529750692"/>
  <nd ref="529750693"/>
  <nd ref="529750694"/>
  <nd ref="529750849"/>
  <nd ref="529750850"/>
  <nd ref="529750851"/>
  <nd ref="529750852"/>
  <nd ref="529750856"/>
  <nd ref="529750857"/>
  <nd ref="529750858"/>
  <nd ref="529750863"/>
  <nd ref="529750864"/>
  <nd ref="529750865"/>
  <nd ref="529750866"/>
  <nd ref="529750867"/>
  <nd ref="529750868"/>
  <nd ref="529750886"/>
  <nd ref="529750887"/>
  <nd ref="529750888"/>
  <nd ref="529750896"/>
  <nd ref="529750897"/>
  <nd ref="529750898"/>
  <nd ref="529750889"/>
  <nd ref="529750899"/>
  <nd ref="529750900"/>
  <nd ref="529750901"/>
  <nd ref="529750902"/>
  <nd ref="529750881"/>
  <nd ref="529750882"/>
  <nd ref="529750875"/>
  <nd ref="529750876"/>
  <nd ref="529750877"/>
  <nd ref="529750842"/>
  <nd ref="529750843"/>
  <nd ref="529750844"/>
  <nd ref="13584766817"/>
  <nd ref="529750836"/>
  <nd ref="529750837"/>
  <nd ref="529750723"/>
  <nd ref="529750724"/>
  <nd ref="529750725"/>
  <nd ref="13584766816"/>
  <nd ref="529750726"/>
  <nd ref="529750727"/>
  <nd ref="529750711"/>
  <nd ref="529750712"/>
  <nd ref="529750713"/>
  <nd ref="529750714"/>
  <nd ref="529750715"/>
  <nd ref="529750737"/>
  <nd ref="529750738"/>
  <nd ref="529750739"/>
  <nd ref="529750740"/>
  <nd ref="529750741"/>
  <nd ref="529750742"/>
  <nd ref="529750743"/>
  <nd ref="529750744"/>
  <nd ref="529750745"/>
  <nd ref="529750754"/>
  <nd ref="529750755"/>
  <nd ref="529750756"/>
  <nd ref="529750757"/>
  <nd ref="529750758"/>
  <nd ref="529750759"/>
  <nd ref="529750772"/>
  <nd ref="529750763"/>
  <nd ref="529750764"/>
  <nd ref="529750765"/>
  <nd ref="529750766"/>
  <nd ref="529750767"/>
  <nd ref="529750732"/>
  <nd ref="529750825"/>
  <nd ref="529750826"/>
  <nd ref="529750827"/>
  <nd ref="529750828"/>
  <nd ref="529750829"/>
  <nd ref="529750816"/>
  <nd ref="529750817"/>
  <nd ref="529750818"/>
  <nd ref="529750819"/>
  <nd ref="529750782"/>
  <nd ref="529750783"/>
  <nd ref="529750784"/>
  <nd ref="529750786"/>
  <nd ref="529750787"/>
  <nd ref="529750788"/>
  <nd ref="529750789"/>
  <nd ref="529750790"/>
  <nd ref="529750791"/>
  <nd ref="529750773"/>
  <nd ref="529750774"/>
  <nd ref="529750775"/>
  <nd ref="529750776"/>
  <nd ref="529750810"/>
  <nd ref="529750811"/>
  <nd ref="529750799"/>
  <nd ref="529750800"/>
  <nd ref="529750801"/>
  <nd ref="529750802"/>
  <nd ref="529750803"/>
  <nd ref="529750804"/>
  <nd ref="529750805"/>
  <nd ref="529750532"/>
  <nd ref="529750533"/>
  <nd ref="529750534"/>
  <nd ref="529750535"/>
  <nd ref="529750536"/>
  <nd ref="529750537"/>
  <nd ref="529750538"/>
  <nd ref="529750539"/>
  <nd ref="529750540"/>
  <nd ref="529750806"/>
  <nd ref="529750807"/>
  <nd ref="529750808"/>
  <nd ref="529750809"/>
  <nd ref="529750812"/>
  <nd ref="529750813"/>
  <nd ref="529750815"/>
  <nd ref="529750777"/>
  <nd ref="529750778"/>
  <nd ref="529750779"/>
  <nd ref="529750780"/>
  <nd ref="529750781"/>
  <nd ref="529750792"/>
  <nd ref="529750793"/>
  <nd ref="529750794"/>
  <nd ref="529750795"/>
  <nd ref="529750796"/>
  <nd ref="529750797"/>
  <nd ref="529750798"/>
  <nd ref="529750820"/>
  <nd ref="529750821"/>
  <nd ref="3756928860"/>
  <nd ref="529750822"/>
  <nd ref="529750823"/>
  <nd ref="529750824"/>
  <nd ref="529750830"/>
  <nd ref="529750831"/>
  <nd ref="529750832"/>
  <nd ref="529750833"/>
  <nd ref="529750734"/>
  <nd ref="529750735"/>
  <nd ref="529750736"/>
  <nd ref="529750768"/>
  <nd ref="529750769"/>
  <nd ref="529750770"/>
  <nd ref="529750771"/>
  <nd ref="529750753"/>
  <nd ref="529750760"/>
  <nd ref="529750762"/>
  <nd ref="529750746"/>
  <nd ref="529750747"/>
  <nd ref="529750748"/>
  <nd ref="529750749"/>
  <nd ref="529750750"/>
  <nd ref="529750751"/>
  <nd ref="529750752"/>
  <nd ref="529750716"/>
  <nd ref="529750717"/>
  <nd ref="529750718"/>
  <nd ref="529750719"/>
  <nd ref="529750720"/>
  <nd ref="529750721"/>
  <nd ref="529750722"/>
  <nd ref="529750728"/>
  <nd ref="13584766825"/>
  <nd ref="13584766821"/>
  <nd ref="13584766811"/>
  <nd ref="529750729"/>
  <nd ref="529750730"/>
  <nd ref="529750731"/>
  <nd ref="529750838"/>
  <nd ref="13584766814"/>
  <nd ref="529750839"/>
  <nd ref="13147574370"/>
  <nd ref="529750840"/>
  <nd ref="529750845"/>
  <nd ref="529750846"/>
  <nd ref="529750847"/>
  <nd ref="529750848"/>
  <nd ref="529750878"/>
  <nd ref="529750879"/>
  <nd ref="529750880"/>
  <nd ref="529750883"/>
  <nd ref="529750884"/>
  <nd ref="529750885"/>
  <nd ref="529750903"/>
  <nd ref="529750904"/>
  <nd ref="529750905"/>
  <nd ref="529750891"/>
  <nd ref="529750892"/>
  <nd ref="529750893"/>
  <nd ref="529750894"/>
  <nd ref="529750895"/>
  <nd ref="529750869"/>
  <nd ref="529750870"/>
  <nd ref="529750871"/>
  <nd ref="529750872"/>
  <nd ref="529750873"/>
  <nd ref="529750874"/>
  <nd ref="529750859"/>
  <nd ref="529750861"/>
  <nd ref="529750862"/>
  <nd ref="529750853"/>
  <nd ref="529750854"/>
  <nd ref="529750855"/>
  <nd ref="529750834"/>
  <nd ref="529750835"/>
  <nd ref="529750688"/>
  <nd ref="529750690"/>
  <nd ref="529750691"/>
  <nd ref="529750680"/>
  <nd ref="529750681"/>
  <nd ref="529750682"/>
  <nd ref="529750683"/>
  <nd ref="529750674"/>
  <nd ref="529750675"/>
  <nd ref="529750676"/>
  <nd ref="529750677"/>
  <nd ref="529750678"/>
  <nd ref="529750668"/>
  <nd ref="529750707"/>
  <nd ref="6699604140"/>
  <nd ref="529750708"/>
  <nd ref="529750709"/>
  <nd ref="529750710"/>
  <nd ref="529750669"/>
  <nd ref="529750670"/>
  <nd ref="529750660"/>
  <nd ref="529750661"/>
  <nd ref="8954116261"/>
  <nd ref="529750663"/>
  <nd ref="529750657"/>
  <nd ref="529750652"/>
  <nd ref="529750653"/>
  <nd ref="529750654"/>
  <nd ref="529750649"/>
  <nd ref="529750647"/>
  <nd ref="529750648"/>
  <nd ref="529750580"/>
  <nd ref="529750581"/>
  <nd ref="529750582"/>
  <nd ref="529750575"/>
  <nd ref="529750576"/>
  <nd ref="3664272243"/>
  <nd ref="529750568"/>
  <nd ref="529750569"/>
  <nd ref="529750551"/>
  <nd ref="529750552"/>
  <nd ref="529750553"/>
  <nd ref="529750554"/>
  <nd ref="529750555"/>
  <nd ref="529750564"/>
  <nd ref="529750543"/>
  <nd ref="529750544"/>
  <nd ref="529750545"/>
  <nd ref="529750546"/>
  <nd ref="529750600"/>
  <nd ref="529750601"/>
  <nd ref="529750602"/>
  <nd ref="529750603"/>
  <nd ref="529750604"/>
  <nd ref="529750589"/>
  <nd ref="529750590"/>
  <nd ref="529750591"/>
  <nd ref="529750592"/>
  <nd ref="529750593"/>
  <nd ref="529750613"/>
  <nd ref="529750614"/>
  <nd ref="529750509"/>
  <nd ref="529750498"/>
  <nd ref="529750499"/>
  <nd ref="529750500"/>
  <nd ref="529750501"/>
  <nd ref="529750502"/>
  <nd ref="529750490"/>
  <nd ref="529750491"/>
  <nd ref="529750492"/>
  <nd ref="529750493"/>
  <nd ref="529750494"/>
  <nd ref="529750482"/>
  <nd ref="529750483"/>
  <nd ref="529750484"/>
  <nd ref="529750485"/>
  <nd ref="529750486"/>
  <nd ref="529750479"/>
  <nd ref="529750481"/>
  <nd ref="529750487"/>
  <nd ref="529750488"/>
  <nd ref="529750489"/>
  <nd ref="529750495"/>
  <nd ref="529750496"/>
  <nd ref="529750497"/>
  <nd ref="529750503"/>
  <nd ref="529750504"/>
  <nd ref="529750505"/>
  <nd ref="529750506"/>
  <nd ref="529750508"/>
  <nd ref="529750510"/>
  <nd ref="529750511"/>
  <nd ref="529750512"/>
  <nd ref="529750513"/>
  <nd ref="529750514"/>
  <nd ref="529750515"/>
  <nd ref="529750516"/>
  <nd ref="529750622"/>
  <nd ref="529750623"/>
  <nd ref="529750627"/>
  <nd ref="529750628"/>
  <nd ref="529750629"/>
  <nd ref="529750630"/>
  <nd ref="529750632"/>
  <nd ref="529750635"/>
  <nd ref="529750636"/>
  <nd ref="529750637"/>
  <nd ref="529750638"/>
  <nd ref="529750909"/>
  <nd ref="529750910"/>
  <nd ref="529750912"/>
  <nd ref="529750913"/>
  <nd ref="529750916"/>
  <nd ref="529750924"/>
  <nd ref="529750517"/>
  <nd ref="529750519"/>
  <nd ref="529750520"/>
  <nd ref="529750521"/>
  <nd ref="529750522"/>
  <nd ref="529750523"/>
  <nd ref="529750524"/>
  <nd ref="529750525"/>
  <nd ref="3657648928"/>
  <nd ref="529750527"/>
  <nd ref="529750528"/>
  <nd ref="529750529"/>
  <nd ref="529750530"/>
  <nd ref="529750531"/>
  <nd ref="529750933"/>
  <nd ref="529750934"/>
  <nd ref="3657648945"/>
  <nd ref="3657648952"/>
  <nd ref="529750938"/>
  <nd ref="529750940"/>
  <nd ref="529750941"/>
  <nd ref="529750943"/>
  <nd ref="529750944"/>
  <nd ref="529750949"/>
  <nd ref="529750950"/>
  <nd ref="529750952"/>
  <nd ref="529750953"/>
  <nd ref="529750956"/>
  <nd ref="529750957"/>
  <nd ref="529750958"/>
  <nd ref="529750959"/>
  <nd ref="529750963"/>
  <nd ref="529751135"/>
  <nd ref="529751136"/>
  <nd ref="529751137"/>
  <nd ref="529751138"/>
  <nd ref="529751139"/>
  <nd ref="529751140"/>
  <nd ref="529751141"/>
  <nd ref="529751142"/>
  <nd ref="529751143"/>
  <nd ref="529751157"/>
  <nd ref="529751158"/>
  <nd ref="529751159"/>
  <nd ref="529766224"/>
  <nd ref="529766223"/>
  <nd ref="529766232"/>
  <nd ref="529766231"/>
  <nd ref="529766241"/>
  <nd ref="529766262"/>
  <nd ref="529766261"/>
  <nd ref="529766259"/>
  <nd ref="529766257"/>
  <nd ref="529766256"/>
  <nd ref="529766269"/>
  <nd ref="529766268"/>
  <nd ref="529766266"/>
  <nd ref="529766264"/>
  <nd ref="529766273"/>
  <nd ref="529766271"/>
  <nd ref="529766288"/>
  <nd ref="529766298"/>
  <nd ref="529766296"/>
  <nd ref="529766295"/>
  <nd ref="529766302"/>
  <nd ref="529766300"/>
  <nd ref="529766313"/>
  <nd ref="529766312"/>
  <nd ref="529766328"/>
  <nd ref="529766333"/>
  <nd ref="529766332"/>
  <nd ref="529766330"/>
  <nd ref="529766345"/>
  <nd ref="529766343"/>
  <nd ref="529766352"/>
  <nd ref="529766350"/>
  <nd ref="529766348"/>
  <nd ref="529766347"/>
  <nd ref="529766365"/>
  <nd ref="529766364"/>
  <nd ref="529766362"/>
  <nd ref="529766360"/>
  <nd ref="529766369"/>
  <nd ref="529766367"/>
  <nd ref="529766386"/>
  <nd ref="529766384"/>
  <nd ref="529766382"/>
  <nd ref="529766381"/>
  <nd ref="529766398"/>
  <nd ref="529766396"/>
  <nd ref="529766394"/>
  <nd ref="529766403"/>
  <nd ref="529766401"/>
  <nd ref="529766399"/>
  <nd ref="529766421"/>
  <nd ref="529766418"/>
  <nd ref="529766426"/>
  <nd ref="529766424"/>
  <nd ref="529766422"/>
  <nd ref="529766450"/>
  <nd ref="529766448"/>
  <nd ref="529766446"/>
  <nd ref="529766445"/>
  <nd ref="529766468"/>
  <nd ref="529766467"/>
  <nd ref="529766465"/>
  <nd ref="529766463"/>
  <nd ref="529766462"/>
  <nd ref="529766460"/>
  <nd ref="529766482"/>
  <nd ref="529766480"/>
  <nd ref="529766479"/>
  <nd ref="529766477"/>
  <nd ref="529766475"/>
  <nd ref="529766503"/>
  <nd ref="529766501"/>
  <nd ref="529766499"/>
  <nd ref="529766498"/>
  <nd ref="529766496"/>
  <nd ref="529766494"/>
  <nd ref="529766527"/>
  <nd ref="529766525"/>
  <nd ref="529766523"/>
  <nd ref="529766521"/>
  <nd ref="529766520"/>
  <nd ref="529766539"/>
  <nd ref="529766538"/>
  <nd ref="529766551"/>
  <nd ref="529766550"/>
  <nd ref="529766548"/>
  <nd ref="529766568"/>
  <nd ref="529766566"/>
  <nd ref="529766575"/>
  <nd ref="529766555"/>
  <nd ref="529766553"/>
  <nd ref="529766589"/>
  <nd ref="529766587"/>
  <nd ref="529766585"/>
  <nd ref="529766604"/>
  <nd ref="529766602"/>
  <nd ref="529766601"/>
  <nd ref="529766599"/>
  <nd ref="529766614"/>
  <nd ref="529766613"/>
  <nd ref="529766627"/>
  <nd ref="529766625"/>
  <nd ref="529766623"/>
  <nd ref="529766641"/>
  <nd ref="529766640"/>
  <nd ref="529766639"/>
  <nd ref="529766652"/>
  <nd ref="529766651"/>
  <nd ref="529766650"/>
  <nd ref="529766680"/>
  <nd ref="529766679"/>
  <nd ref="529766677"/>
  <nd ref="7668242388"/>
  <nd ref="529766675"/>
  <nd ref="529766674"/>
  <nd ref="7668242387"/>
  <nd ref="7668242386"/>
  <nd ref="529766685"/>
  <nd ref="7663564228"/>
  <nd ref="7668242383"/>
  <nd ref="7668242384"/>
  <nd ref="7668242398"/>
  <nd ref="7663564230"/>
  <nd ref="7668242380"/>
  <nd ref="7668242382"/>
  <nd ref="7668242381"/>
  <nd ref="7663564233"/>
  <nd ref="7668242379"/>
  <nd ref="7663564235"/>
  <nd ref="7663564238"/>
  <nd ref="7668242378"/>
  <nd ref="7675827921"/>
  <nd ref="7663564239"/>
  <nd ref="7668242376"/>
  <nd ref="7675922949"/>
  <nd ref="7663564241"/>
  <nd ref="7675827918"/>
  <nd ref="7663564243"/>
  <nd ref="7675827916"/>
  <nd ref="7668242375"/>
  <nd ref="7663564245"/>
  <nd ref="7668242373"/>
  <nd ref="7663564247"/>
  <nd ref="7668242372"/>
  <nd ref="7663564249"/>
  <nd ref="7663564251"/>
  <nd ref="7668242369"/>
  <nd ref="7668242368"/>
  <nd ref="7675619240"/>
  <nd ref="7675619242"/>
  <nd ref="7675619241"/>
  <nd ref="7663564253"/>
  <nd ref="7663564349"/>
  <nd ref="7663564255"/>
  <nd ref="7663564259"/>
  <nd ref="7668242363"/>
  <nd ref="7663564261"/>
  <nd ref="7668242367"/>
  <nd ref="7663564264"/>
  <nd ref="7668242362"/>
  <nd ref="7663564265"/>
  <nd ref="7663564346"/>
  <nd ref="7663564267"/>
  <nd ref="7668242357"/>
  <nd ref="7663564270"/>
  <nd ref="7668242356"/>
  <nd ref="7668242355"/>
  <nd ref="7663564272"/>
  <nd ref="7668242361"/>
  <nd ref="7663564345"/>
  <nd ref="7663564274"/>
  <nd ref="7663564276"/>
  <nd ref="7663564287"/>
  <nd ref="7668242354"/>
  <nd ref="7663564289"/>
  <nd ref="7663564291"/>
  <nd ref="7668242353"/>
  <nd ref="7668242352"/>
  <nd ref="7663564294"/>
  <nd ref="7668242351"/>
  <nd ref="7663564295"/>
  <nd ref="7663564297"/>
  <nd ref="7668242349"/>
  <nd ref="7663564299"/>
  <nd ref="7668242350"/>
  <nd ref="7668242347"/>
  <nd ref="7663564301"/>
  <nd ref="7668242348"/>
  <nd ref="7663564304"/>
  <nd ref="7676249109"/>
  <nd ref="7668182276"/>
  <nd ref="7663564303"/>
  <nd ref="7668182275"/>
  <nd ref="7663564310"/>
  <nd ref="7663564311"/>
  <nd ref="7668182273"/>
  <nd ref="7668182272"/>
  <nd ref="7668182271"/>
  <nd ref="7663564312"/>
  <nd ref="7668182270"/>
  <nd ref="7663564307"/>
  <nd ref="7663564315"/>
  <nd ref="7663564319"/>
  <nd ref="7668182268"/>
  <nd ref="7663564316"/>
  <nd ref="7668182269"/>
  <nd ref="7663564343"/>
  <nd ref="7663564320"/>
  <nd ref="7663564323"/>
  <nd ref="7663564322"/>
  <nd ref="7668182264"/>
  <nd ref="7668182262"/>
  <nd ref="7676249143"/>
  <nd ref="7663564336"/>
  <nd ref="7663564337"/>
  <nd ref="7668182258"/>
  <nd ref="7663564334"/>
  <nd ref="7668182256"/>
  <nd ref="7663564338"/>
  <nd ref="7668182250"/>
  <nd ref="7675784480"/>
  <nd ref="7663564342"/>
  <nd ref="7663503169"/>
  <nd ref="7663564340"/>
  <nd ref="7663564341"/>
  <nd ref="7668182251"/>
  <nd ref="7668182252"/>
  <nd ref="7668182253"/>
  <nd ref="7668182254"/>
  <nd ref="7668182255"/>
  <nd ref="7663564339"/>
  <nd ref="7668182257"/>
  <nd ref="7663564325"/>
  <nd ref="7663564335"/>
  <nd ref="7668182259"/>
  <nd ref="7668182260"/>
  <nd ref="7676249140"/>
  <nd ref="7676249141"/>
  <nd ref="7663564324"/>
  <nd ref="7663564321"/>
  <nd ref="7676249142"/>
  <nd ref="7676249139"/>
  <nd ref="7676249138"/>
  <nd ref="7668182265"/>
  <nd ref="7663564318"/>
  <nd ref="7676249137"/>
  <nd ref="7668182266"/>
  <nd ref="7668182267"/>
  <nd ref="7663564317"/>
  <nd ref="7676249136"/>
  <nd ref="7663564313"/>
  <nd ref="7663564314"/>
  <nd ref="7676249135"/>
  <nd ref="7663564344"/>
  <nd ref="7676249133"/>
  <nd ref="7663564308"/>
  <nd ref="7676249134"/>
  <nd ref="7668182274"/>
  <nd ref="7676249122"/>
  <nd ref="7663564309"/>
  <nd ref="7668182277"/>
  <nd ref="7663564306"/>
  <nd ref="7668182278"/>
  <nd ref="7663564305"/>
  <nd ref="7676249121"/>
 </way>
 <way id="42481028" visible="true" version="6" changeset="158799789" timestamp="2024-11-06T00:38:50Z" user="moaipark" uid="17448023">
  <nd ref="530495102"/>
  <nd ref="530495220"/>
  <nd ref="530495226"/>
  <nd ref="530495217"/>
  <nd ref="530495256"/>
  <nd ref="8477893147"/>
  <nd ref="530495257"/>
  <nd ref="530495272"/>
  <nd ref="3230226819"/>
  <nd ref="12316506824"/>
  <nd ref="12316506827"/>
  <nd ref="530495292"/>
  <tag k="highway" v="residential"/>
  <tag k="name" v="용담로116번길"/>
  <tag k="name:en" v="Yongdam-ro 116beon-gil"/>
  <tag k="name:ko" v="용담로116번길"/>
  <tag k="parking:both" v="lane"/>
  <tag k="parking:both:orientation" v="parallel"/>
 </way>
 <way id="42481029" visible="true" version="2" changeset="100247696" timestamp="2021-03-02T05:50:46Z" user="octel" uid="238290">
  <nd ref="530495136"/>
  <nd ref="530495216"/>
  <nd ref="530495206"/>
  <nd ref="530495211"/>
  <nd ref="530495220"/>
  <tag k="highway" v="residential"/>
  <tag k="name" v="용담로106번길"/>
  <tag k="name:en" v="Yongdam-ro 106beon-gil"/>
  <tag k="name:ko" v="용담로106번길"/>
 </way>
 <way id="42481032" visible="true" version="4" changeset="158799229" timestamp="2024-11-05T23:58:18Z" user="moaipark" uid="17448023">
  <nd ref="530495102"/>
  <nd ref="12316476443"/>
  <nd ref="530495110"/>
  <nd ref="530495105"/>
  <tag k="highway" v="service"/>
  <tag k="noname" v="yes"/>
 </way>
 <way id="42481033" visible="true" version="3" changeset="158799229" timestamp="2024-11-05T23:58:18Z" user="moaipark" uid="17448023">
  <nd ref="530495105"/>
  <nd ref="530495109"/>
  <tag k="highway" v="service"/>
 </way>
 <way id="42481034" visible="true" version="3" changeset="158799229" timestamp="2024-11-05T23:58:18Z" user="moaipark" uid="17448023">
  <nd ref="530495110"/>
  <nd ref="530495112"/>
  <nd ref="530495114"/>
  <nd ref="12316476450"/>
  <nd ref="12316476453"/>
  <nd ref="12316476469"/>
  <nd ref="12316476462"/>
  <nd ref="530495119"/>
  <nd ref="12316476460"/>
  <nd ref="530495267"/>
  <nd ref="530495269"/>
  <tag k="highway" v="service"/>
  <tag k="noname" v="yes"/>
 </way>
 <way id="42481049" visible="true" version="3" changeset="158799229" timestamp="2024-11-05T23:58:18Z" user="moaipark" uid="17448023">
  <nd ref="530495112"/>
  <nd ref="12316476444"/>
  <nd ref="8157391373"/>
  <nd ref="12316476445"/>
  <nd ref="530495231"/>
  <nd ref="12316476447"/>
  <nd ref="12316476449"/>
  <nd ref="530495273"/>
  <nd ref="12316476477"/>
  <nd ref="12316476476"/>
  <nd ref="530495276"/>
  <nd ref="530495119"/>
  <tag k="highway" v="service"/>
 </way>
 <way id="67147285" visible="true" version="9" changeset="156577714" timestamp="2024-09-13T15:25:00Z" user="aaei924" uid="10626814">
  <nd ref="811058967"/>
  <nd ref="437088178"/>
  <tag k="bridge" v="yes"/>
  <tag k="bridge:name" v="금장교"/>
  <tag k="bridge:name:ko" v="금장교"/>
  <tag k="highway" v="secondary"/>
  <tag k="lanes" v="7"/>
  <tag k="lanes:backward" v="4"/>
  <tag k="lanes:forward" v="3"/>
  <tag k="layer" v="1"/>
  <tag k="name:en" v="Geumjang Bridge"/>
  <tag k="parking:both" v="no"/>
  <tag k="ref" v="904"/>
  <tag k="surface" v="asphalt"/>
 </way>
 <way id="177788562" visible="true" version="8" changeset="159169879" timestamp="2024-11-15T13:05:55Z" user="이재윤" uid="3018052">
  <nd ref="437088178"/>
  <nd ref="1882541793"/>
  <nd ref="10836472002"/>
  <nd ref="8277232969"/>
  <nd ref="437088179"/>
  <tag k="highway" v="secondary"/>
  <tag k="name" v="용담로"/>
  <tag k="name:en" v="Yongdam-ro"/>
  <tag k="name:ko" v="용담로"/>
  <tag k="ref" v="904"/>
 </way>
 <way id="353253952" visible="true" version="17" changeset="145644982" timestamp="2023-12-29T04:10:31Z" user="songyw124" uid="3610838">
  <nd ref="529772570"/>
  <nd ref="529772571"/>
  <nd ref="529772572"/>
  <nd ref="529772573"/>
  <nd ref="529772575"/>
  <nd ref="529772576"/>
  <nd ref="529772577"/>
  <nd ref="3447716529"/>
  <nd ref="529772578"/>
  <nd ref="529772579"/>
  <nd ref="529772580"/>
  <nd ref="529772581"/>
  <nd ref="529772582"/>
  <nd ref="529772583"/>
  <nd ref="529772584"/>
  <nd ref="529772585"/>
  <nd ref="529772586"/>
  <nd ref="529772587"/>
  <nd ref="529772588"/>
  <nd ref="529772589"/>
  <nd ref="4767601785"/>
  <nd ref="529772590"/>
  <nd ref="3866895172"/>
  <nd ref="529772591"/>
  <nd ref="529772592"/>
  <nd ref="10047501964"/>
  <nd ref="529772593"/>
  <nd ref="529772594"/>
  <nd ref="529772595"/>
  <nd ref="529772596"/>
  <nd ref="529772597"/>
  <nd ref="529772598"/>
  <nd ref="529772599"/>
  <nd ref="529772600"/>
  <nd ref="529772601"/>
  <nd ref="529772602"/>
  <nd ref="529772603"/>
  <nd ref="529772604"/>
  <nd ref="529772605"/>
  <nd ref="529772606"/>
  <nd ref="529772607"/>
  <nd ref="529772608"/>
  <nd ref="529772609"/>
  <nd ref="529772610"/>
  <nd ref="529772611"/>
  <nd ref="3866895346"/>
  <nd ref="529772612"/>
  <nd ref="529772613"/>
  <nd ref="529772614"/>
  <nd ref="529772615"/>
  <nd ref="7668242404"/>
  <nd ref="529772616"/>
  <nd ref="9236627296"/>
  <nd ref="529772619"/>
  <nd ref="529772620"/>
  <nd ref="529772621"/>
  <nd ref="529772618"/>
  <nd ref="529772617"/>
  <nd ref="529772624"/>
  <nd ref="529772622"/>
  <nd ref="529772623"/>
  <nd ref="3866895376"/>
  <nd ref="529772625"/>
  <nd ref="529772626"/>
  <nd ref="529772627"/>
  <nd ref="529772628"/>
  <nd ref="529772629"/>
  <nd ref="529772630"/>
  <nd ref="529772631"/>
  <nd ref="529772632"/>
  <nd ref="529772633"/>
  <nd ref="6489708469"/>
  <nd ref="529772634"/>
  <nd ref="529772635"/>
  <nd ref="529772636"/>
  <nd ref="9331107436"/>
  <nd ref="9289273124"/>
  <nd ref="529772637"/>
  <nd ref="529772638"/>
  <nd ref="529772639"/>
  <nd ref="529772640"/>
  <nd ref="9391253321"/>
  <nd ref="529772641"/>
  <nd ref="529772642"/>
  <nd ref="529772643"/>
  <nd ref="9335985293"/>
  <nd ref="529772644"/>
  <nd ref="529772645"/>
  <nd ref="529772646"/>
  <nd ref="529772647"/>
  <nd ref="529772649"/>
  <tag k="name" v="형산강"/>
  <tag k="name:el" v="Ποταμός Χιόνγκσανγκανγκ"/>
  <tag k="name:en" v="Hyeongsan-gang (River)"/>
  <tag k="name:ko" v="형산강"/>
  <tag k="name:ko-Hani" v="兄山江"/>
  <tag k="name:zh" v="兄山江"/>
  <tag k="name:zh-Hant" v="兄山江"/>
  <tag k="waterway" v="river"/>
 </way>
 <way id="394233428" visible="true" version="4" changeset="158803396" timestamp="2024-11-06T05:15:33Z" user="moaipark" uid="17448023">
  <nd ref="1882541793"/>
  <nd ref="1882541833"/>
  <nd ref="8277232966"/>
  <nd ref="1882541819"/>
  <nd ref="12317288807"/>
  <nd ref="1882541665"/>
  <tag k="highway" v="residential"/>
 </way>
 <way id="480573279" visible="true" version="3" changeset="152486800" timestamp="2024-06-10T08:50:48Z" user="LuxuryCoop" uid="7245212">
  <nd ref="4735579149"/>
  <nd ref="4735579150"/>
  <nd ref="4735579151"/>
  <nd ref="4735579152"/>
  <nd ref="4735579149"/>
  <tag k="addr:housenumber" v="122"/>
  <tag k="addr:postcode" v="38082"/>
  <tag k="addr:street" v="용담로"/>
  <tag k="amenity" v="school"/>
  <tag k="isced:level" v="3"/>
  <tag k="name" v="계림고등학교"/>
  <tag k="name:en" v="Gyerim High School"/>
  <tag k="name:ko" v="계림고등학교"/>
 </way>
 <way id="535888375" visible="true" version="4" changeset="170461767" timestamp="2025-08-15T03:30:38Z" user="mendines" uid="7147307">
  <nd ref="5192792460"/>
  <nd ref="5192792461"/>
  <nd ref="5192792462"/>
  <nd ref="5192792463"/>
  <nd ref="5192792464"/>
  <nd ref="5192792465"/>
  <nd ref="5192792466"/>
  <nd ref="5192792467"/>
  <nd ref="5192792468"/>
  <nd ref="5192792460"/>
  <tag k="access" v="customers"/>
  <tag k="amenity" v="parking"/>
  <tag k="fee" v="no"/>
  <tag k="parking" v="surface"/>
 </way>
 <way id="535888376" visible="true" version="4" changeset="139711939" timestamp="2023-08-10T15:11:11Z" user="찬스입니다" uid="19088642">
  <nd ref="5192792469"/>
  <nd ref="11104980878"/>
  <nd ref="11104980925"/>
  <nd ref="5192792470"/>
  <nd ref="5192792471"/>
  <tag k="highway" v="service"/>
  <tag k="name" v="용담로105번길"/>
  <tag k="name:en" v="Yongdam-ro 105beon-gil"/>
  <tag k="name:ko" v="용담로105번길"/>
 </way>
 <way id="535888378" visible="true" version="3" changeset="139711939" timestamp="2023-08-10T15:11:11Z" user="찬스입니다" uid="19088642">
  <nd ref="5192792477"/>
  <nd ref="5192792478"/>
  <nd ref="5192792479"/>
  <nd ref="5192792480"/>
  <nd ref="5192792481"/>
  <nd ref="5192792482"/>
  <nd ref="5192792483"/>
  <nd ref="5192792484"/>
  <nd ref="5192792485"/>
  <nd ref="5192792486"/>
  <nd ref="5192792487"/>
  <nd ref="5192792488"/>
  <nd ref="5192792489"/>
  <nd ref="5192792490"/>
  <nd ref="11104980928"/>
  <nd ref="5192792491"/>
  <nd ref="5192792492"/>
  <tag k="highway" v="footway"/>
 </way>
 <way id="535888379" visible="true" version="3" changeset="139711939" timestamp="2023-08-10T15:11:11Z" user="찬스입니다" uid="19088642">
  <nd ref="5192792491"/>
  <nd ref="5192792493"/>
  <nd ref="5192792494"/>
  <nd ref="5192792495"/>
  <nd ref="5192792496"/>
  <nd ref="5192792497"/>
  <nd ref="5192792498"/>
  <nd ref="5192792499"/>
  <nd ref="5192792500"/>
  <nd ref="5192792501"/>
  <nd ref="5192792502"/>
  <nd ref="5192792503"/>
  <nd ref="11104980934"/>
  <nd ref="5192792504"/>
  <nd ref="5192792505"/>
  <nd ref="5192792506"/>
  <nd ref="5192792507"/>
  <nd ref="5192792508"/>
  <nd ref="5192792509"/>
  <nd ref="5192792483"/>
  <tag k="highway" v="footway"/>
 </way>
 <way id="535888380" visible="true" version="5" changeset="139711939" timestamp="2023-08-10T15:11:11Z" user="찬스입니다" uid="19088642">
  <nd ref="5192792499"/>
  <nd ref="5192792510"/>
  <nd ref="5192792511"/>
  <nd ref="5192792512"/>
  <nd ref="11104980931"/>
  <nd ref="5192792513"/>
  <nd ref="5192792487"/>
  <tag k="highway" v="footway"/>
 </way>
 <way id="535888383" visible="true" version="2" changeset="53280554" timestamp="2017-10-27T05:27:36Z" user="Ja2Sy" uid="5294332">
  <nd ref="5192792496"/>
  <nd ref="5192792526"/>
  <nd ref="5192792527"/>
  <tag k="highway" v="footway"/>
 </way>
 <way id="535888384" visible="true" version="2" changeset="53280554" timestamp="2017-10-27T05:27:36Z" user="Ja2Sy" uid="5294332">
  <nd ref="5192792494"/>
  <nd ref="5192792528"/>
  <nd ref="5192792529"/>
  <tag k="highway" v="footway"/>
 </way>
 <way id="545261145" visible="true" version="9" changeset="158799229" timestamp="2024-11-05T23:58:18Z" user="moaipark" uid="17448023">
  <nd ref="530446069"/>
  <nd ref="12313485944"/>
  <nd ref="10836474108"/>
  <nd ref="5283568561"/>
  <nd ref="10836474109"/>
  <nd ref="5283568560"/>
  <nd ref="5283568557"/>
  <nd ref="5283568559"/>
  <nd ref="5379550130"/>
  <nd ref="5283568558"/>
  <nd ref="5379550132"/>
  <nd ref="530307875"/>
  <nd ref="529483877"/>
  <nd ref="3657649020"/>
  <nd ref="5192792469"/>
  <nd ref="11104980879"/>
  <nd ref="5192792516"/>
  <nd ref="5192792471"/>
  <nd ref="5391304075"/>
  <nd ref="5391304076"/>
  <nd ref="11104980926"/>
  <nd ref="11104980877"/>
  <nd ref="5270031919"/>
  <nd ref="11104980894"/>
  <nd ref="5391243055"/>
  <nd ref="11104981040"/>
  <nd ref="5391304071"/>
  <nd ref="5391304069"/>
  <nd ref="5391304072"/>
  <nd ref="5391304073"/>
  <nd ref="12316473198"/>
  <nd ref="5283568566"/>
  <nd ref="5283568567"/>
  <nd ref="5283568568"/>
  <nd ref="2260026945"/>
  <nd ref="5283568565"/>
  <nd ref="5283568564"/>
  <nd ref="530446082"/>
  <nd ref="530446069"/>
  <tag k="leisure" v="park"/>
  <tag k="name" v="경주 황성공원"/>
 </way>
 <way id="558933073" visible="true" version="1" changeset="56101632" timestamp="2018-02-06T00:34:43Z" user="A s u R a" uid="6106804">
  <nd ref="530495136"/>
  <nd ref="5391304077"/>
  <nd ref="5391304078"/>
  <nd ref="5391304079"/>
  <nd ref="5391304080"/>
  <nd ref="5391304081"/>
  <nd ref="5391304082"/>
  <nd ref="5391304083"/>
  <nd ref="5192792471"/>
  <tag k="highway" v="path"/>
  <tag k="name" v="용담로105번길"/>
 </way>
 <way id="568637347" visible="true" version="1" changeset="57075063" timestamp="2018-03-11T08:16:34Z" user="root361" uid="2106424">
  <nd ref="5470453213"/>
  <nd ref="5470453212"/>
  <nd ref="5470453211"/>
  <nd ref="5470453210"/>
  <nd ref="5470453209"/>
  <nd ref="5470453208"/>
  <nd ref="5470453207"/>
  <nd ref="5470453206"/>
  <nd ref="5470453205"/>
  <tag k="admin_level" v="8"/>
  <tag k="boundary" v="administrative"/>
 </way>
 <way id="890569825" visible="true" version="2" changeset="158806700" timestamp="2024-11-06T07:58:27Z" user="moaipark" uid="17448023">
  <nd ref="2120268692"/>
  <nd ref="8277232965"/>
  <nd ref="12317781674"/>
  <nd ref="8277232966"/>
  <tag k="highway" v="residential"/>
  <tag k="name" v="금장5길"/>
 </way>
 <way id="890569826" visible="true" version="6" changeset="170157965" timestamp="2025-08-08T14:11:19Z" user="Dmitry2013" uid="1185631">
  <nd ref="8277232961"/>
  <nd ref="12317288801"/>
  <nd ref="12317781708"/>
  <nd ref="12317781707"/>
  <nd ref="12317781709"/>
  <nd ref="12317781710"/>
  <nd ref="12317288802"/>
  <nd ref="12317288803"/>
  <nd ref="12317288808"/>
  <nd ref="12317288804"/>
  <nd ref="12317288809"/>
  <nd ref="12317288805"/>
  <nd ref="12317288806"/>
  <nd ref="8277232961"/>
  <tag k="flats" v="563"/>
  <tag k="landuse" v="residential"/>
  <tag k="name" v="삼성래미안강변타운"/>
  <tag k="residential" v="apartments"/>
  <tag k="start_date" v="1996"/>
 </way>
 <way id="899738150" visible="true" version="4" changeset="170158795" timestamp="2025-08-08T14:28:01Z" user="Dmitry2013" uid="1185631">
  <nd ref="8359701050"/>
  <nd ref="8359701049"/>
  <nd ref="12316476442"/>
  <nd ref="8359701047"/>
  <nd ref="8359701045"/>
  <nd ref="8359701044"/>
  <nd ref="8359701050"/>
  <tag k="addr:city" v="경주시"/>
  <tag k="addr:housenumber" v="15"/>
  <tag k="addr:postcode" v="38082"/>
  <tag k="addr:province" v="경상북도"/>
  <tag k="addr:street" v="용담로116번길"/>
  <tag k="addr:subdistrict" v="황성동"/>
  <tag k="flats" v="848"/>
  <tag k="landuse" v="residential"/>
  <tag k="name" v="황성주공2차아파트"/>
  <tag k="name:ko" v="황성주공2차아파트"/>
  <tag k="residential" v="apartments"/>
  <tag k="start_date" v="1991"/>
 </way>
 <way id="912632010" visible="true" version="5" changeset="140947764" timestamp="2023-09-07T16:03:12Z" user="GOCHIDA" uid="9620250">
  <nd ref="1882541793"/>
  <nd ref="3972492345"/>
  <nd ref="1882541614"/>
  <nd ref="3972492336"/>
  <nd ref="1882541692"/>
  <nd ref="3972492329"/>
  <nd ref="3972492323"/>
  <nd ref="11174896959"/>
  <nd ref="11174896958"/>
  <nd ref="10820433285"/>
  <nd ref="10820433284"/>
  <nd ref="1882541897"/>
  <nd ref="10820433283"/>
  <nd ref="10820433282"/>
  <nd ref="9311820409"/>
  <nd ref="1882541842"/>
  <tag k="highway" v="residential"/>
  <tag k="name" v="금장1길"/>
  <tag k="name:en" v="Geumjang 1-gil"/>
  <tag k="name:ko" v="금장1길"/>
 </way>
 <way id="1168481441" visible="true" version="2" changeset="158799229" timestamp="2024-11-05T23:58:18Z" user="moaipark" uid="17448023">
  <nd ref="10867000406"/>
  <nd ref="10867000407"/>
  <nd ref="10867000408"/>
  <nd ref="10867000409"/>
  <nd ref="10867000406"/>
  <tag k="addr:unit" v="211"/>
  <tag k="building" v="apartments"/>
  <tag k="building:levels" v="5"/>
 </way>
 <way id="1168481442" visible="true" version="2" changeset="158799229" timestamp="2024-11-05T23:58:18Z" user="moaipark" uid="17448023">
  <nd ref="10867000410"/>
  <nd ref="10867000411"/>
  <nd ref="10867000412"/>
  <nd ref="10867000413"/>
  <nd ref="10867000410"/>
  <tag k="addr:unit" v="210"/>
  <tag k="building" v="apartments"/>
  <tag k="building:levels" v="5"/>
 </way>
 <way id="1168481443" visible="true" version="2" changeset="158799229" timestamp="2024-11-05T23:58:18Z" user="moaipark" uid="17448023">
  <nd ref="10867000414"/>
  <nd ref="10867000415"/>
  <nd ref="10867000416"/>
  <nd ref="10867000417"/>
  <nd ref="10867000414"/>
  <tag k="addr:unit" v="209"/>
  <tag k="building" v="apartments"/>
  <tag k="building:levels" v="5"/>
 </way>
 <way id="1168481444" visible="true" version="2" changeset="158799229" timestamp="2024-11-05T23:58:18Z" user="moaipark" uid="17448023">
  <nd ref="10867000418"/>
  <nd ref="10867000419"/>
  <nd ref="10867000420"/>
  <nd ref="10867000421"/>
  <nd ref="10867000418"/>
  <tag k="addr:unit" v="212"/>
  <tag k="building" v="apartments"/>
 </way>
 <way id="1168481445" visible="true" version="2" changeset="158799229" timestamp="2024-11-05T23:58:18Z" user="moaipark" uid="17448023">
  <nd ref="10867000422"/>
  <nd ref="10867000423"/>
  <nd ref="10867000424"/>
  <nd ref="10867000425"/>
  <nd ref="10867000422"/>
  <tag k="addr:unit" v="213"/>
  <tag k="building" v="apartments"/>
  <tag k="building:levels" v="5"/>
 </way>
 <way id="1168481446" visible="true" version="2" changeset="158799229" timestamp="2024-11-05T23:58:18Z" user="moaipark" uid="17448023">
  <nd ref="10867000426"/>
  <nd ref="10867000427"/>
  <nd ref="10867000428"/>
  <nd ref="10867000429"/>
  <nd ref="10867000426"/>
  <tag k="addr:unit" v="214"/>
  <tag k="building" v="apartments"/>
  <tag k="building:levels" v="5"/>
 </way>
 <way id="1168481447" visible="true" version="2" changeset="158799229" timestamp="2024-11-05T23:58:18Z" user="moaipark" uid="17448023">
  <nd ref="10867000430"/>
  <nd ref="10867000431"/>
  <nd ref="10867000432"/>
  <nd ref="10867000433"/>
  <nd ref="10867000430"/>
  <tag k="addr:unit" v="206"/>
  <tag k="building" v="apartments"/>
  <tag k="building:levels" v="5"/>
 </way>
 <way id="1168481448" visible="true" version="2" changeset="158799229" timestamp="2024-11-05T23:58:18Z" user="moaipark" uid="17448023">
  <nd ref="10867000434"/>
  <nd ref="10867000435"/>
  <nd ref="10867000436"/>
  <nd ref="10867000437"/>
  <nd ref="10867000434"/>
  <tag k="addr:unit" v="205"/>
  <tag k="building" v="apartments"/>
  <tag k="building:levels" v="5"/>
 </way>
 <way id="1168481449" visible="true" version="2" changeset="158799229" timestamp="2024-11-05T23:58:18Z" user="moaipark" uid="17448023">
  <nd ref="10867000438"/>
  <nd ref="10867000439"/>
  <nd ref="10867000440"/>
  <nd ref="10867000441"/>
  <nd ref="10867000438"/>
  <tag k="addr:unit" v="204"/>
  <tag k="building" v="apartments"/>
  <tag k="building:levels" v="5"/>
 </way>
 <way id="1168481450" visible="true" version="2" changeset="158799229" timestamp="2024-11-05T23:58:18Z" user="moaipark" uid="17448023">
  <nd ref="10867000442"/>
  <nd ref="10867000443"/>
  <nd ref="10867000444"/>
  <nd ref="10867000445"/>
  <nd ref="10867000442"/>
  <tag k="addr:unit" v="203"/>
  <tag k="building" v="apartments"/>
  <tag k="building:levels" v="5"/>
 </way>
 <way id="1168481451" visible="true" version="2" changeset="158799229" timestamp="2024-11-05T23:58:18Z" user="moaipark" uid="17448023">
  <nd ref="10867000446"/>
  <nd ref="10867000447"/>
  <nd ref="10867000448"/>
  <nd ref="10867000449"/>
  <nd ref="10867000446"/>
  <tag k="addr:unit" v="220"/>
  <tag k="building" v="apartments"/>
  <tag k="building:levels" v="5"/>
 </way>
 <way id="1168481452" visible="true" version="2" changeset="158799229" timestamp="2024-11-05T23:58:18Z" user="moaipark" uid="17448023">
  <nd ref="10867000450"/>
  <nd ref="10867000451"/>
  <nd ref="10867000452"/>
  <nd ref="10867000453"/>
  <nd ref="10867000450"/>
  <tag k="addr:unit" v="219"/>
  <tag k="building" v="apartments"/>
  <tag k="building:levels" v="5"/>
 </way>
 <way id="1168481453" visible="true" version="2" changeset="158799229" timestamp="2024-11-05T23:58:18Z" user="moaipark" uid="17448023">
  <nd ref="10867000454"/>
  <nd ref="10867000455"/>
  <nd ref="10867000456"/>
  <nd ref="10867000457"/>
  <nd ref="10867000454"/>
  <tag k="addr:unit" v="218"/>
  <tag k="building" v="apartments"/>
  <tag k="building:levels" v="5"/>
 </way>
 <way id="1168481454" visible="true" version="2" changeset="158799229" timestamp="2024-11-05T23:58:18Z" user="moaipark" uid="17448023">
  <nd ref="10867000458"/>
  <nd ref="10867000459"/>
  <nd ref="10867000460"/>
  <nd ref="10867000461"/>
  <nd ref="10867000458"/>
  <tag k="addr:unit" v="217"/>
  <tag k="building" v="apartments"/>
  <tag k="building:levels" v="5"/>
 </way>
 <way id="1168481455" visible="true" version="2" changeset="158799229" timestamp="2024-11-05T23:58:18Z" user="moaipark" uid="17448023">
  <nd ref="10867000462"/>
  <nd ref="10867000463"/>
  <nd ref="10867000464"/>
  <nd ref="10867000465"/>
  <nd ref="10867000462"/>
  <tag k="addr:unit" v="216"/>
  <tag k="building" v="apartments"/>
  <tag k="building:levels" v="5"/>
 </way>
 <way id="1168481457" visible="true" version="2" changeset="158799229" timestamp="2024-11-05T23:58:18Z" user="moaipark" uid="17448023">
  <nd ref="10867000470"/>
  <nd ref="10867000471"/>
  <nd ref="10867000472"/>
  <nd ref="10867000473"/>
  <nd ref="10867000470"/>
  <tag k="addr:unit" v="202"/>
  <tag k="building" v="apartments"/>
  <tag k="building:levels" v="5"/>
 </way>
 <way id="1168481458" visible="true" version="2" changeset="158799229" timestamp="2024-11-05T23:58:18Z" user="moaipark" uid="17448023">
  <nd ref="10867000474"/>
  <nd ref="10867000475"/>
  <nd ref="10867000476"/>
  <nd ref="10867000477"/>
  <nd ref="10867000474"/>
  <tag k="addr:unit" v="221"/>
  <tag k="building" v="apartments"/>
  <tag k="building:levels" v="5"/>
 </way>
 <way id="1168481459" visible="true" version="2" changeset="158799229" timestamp="2024-11-05T23:58:18Z" user="moaipark" uid="17448023">
  <nd ref="10867000478"/>
  <nd ref="10867000479"/>
  <nd ref="10867000480"/>
  <nd ref="10867000481"/>
  <nd ref="10867000478"/>
  <tag k="addr:unit" v="222"/>
  <tag k="building" v="apartments"/>
  <tag k="building:levels" v="5"/>
 </way>
 <way id="1168481460" visible="true" version="2" changeset="158799229" timestamp="2024-11-05T23:58:18Z" user="moaipark" uid="17448023">
  <nd ref="10867000482"/>
  <nd ref="10867000483"/>
  <nd ref="10867000484"/>
  <nd ref="10867000485"/>
  <nd ref="10867000482"/>
  <tag k="addr:unit" v="201"/>
  <tag k="building" v="apartments"/>
 </way>
 <way id="1196816765" visible="true" version="1" changeset="139711939" timestamp="2023-08-10T15:11:11Z" user="찬스입니다" uid="19088642">
  <nd ref="5192792492"/>
  <nd ref="11104980877"/>
  <nd ref="11104980878"/>
  <tag k="highway" v="footway"/>
 </way>
 <way id="1196816766" visible="true" version="1" changeset="139711939" timestamp="2023-08-10T15:11:11Z" user="찬스입니다" uid="19088642">
  <nd ref="11104980877"/>
  <nd ref="11104980896"/>
  <nd ref="11104980880"/>
  <nd ref="11104980881"/>
  <nd ref="11104980882"/>
  <nd ref="11104980883"/>
  <nd ref="11104980884"/>
  <nd ref="11104980885"/>
  <nd ref="11104980924"/>
  <nd ref="11104980886"/>
  <nd ref="11104980887"/>
  <nd ref="11104980888"/>
  <nd ref="11104980889"/>
  <nd ref="11104980890"/>
  <nd ref="11104980891"/>
  <nd ref="11104980904"/>
  <nd ref="11104980892"/>
  <nd ref="11104980893"/>
  <nd ref="11104980894"/>
  <nd ref="11104980895"/>
  <tag k="highway" v="footway"/>
 </way>
 <way id="1196816767" visible="true" version="1" changeset="139711939" timestamp="2023-08-10T15:11:11Z" user="찬스입니다" uid="19088642">
  <nd ref="11104980896"/>
  <nd ref="11104980897"/>
  <nd ref="11104980898"/>
  <nd ref="11104980899"/>
  <nd ref="11104980900"/>
  <nd ref="11104980920"/>
  <nd ref="11104980901"/>
  <nd ref="11104980902"/>
  <nd ref="11104980903"/>
  <nd ref="11104980904"/>
  <nd ref="11104980905"/>
  <nd ref="11104980906"/>
  <nd ref="11104980907"/>
  <nd ref="11104980908"/>
  <nd ref="11104980909"/>
  <nd ref="11104980983"/>
  <nd ref="11104980910"/>
  <nd ref="11104980911"/>
  <nd ref="11104980912"/>
  <nd ref="5192792527"/>
  <nd ref="11104980913"/>
  <nd ref="11104980916"/>
  <nd ref="11104980914"/>
  <nd ref="11104980915"/>
  <nd ref="5192792492"/>
  <tag k="highway" v="footway"/>
 </way>
 <way id="1196816768" visible="true" version="1" changeset="139711939" timestamp="2023-08-10T15:11:11Z" user="찬스입니다" uid="19088642">
  <nd ref="5192792529"/>
  <nd ref="11104980916"/>
  <nd ref="11104980881"/>
  <nd ref="11104980917"/>
  <nd ref="11104980918"/>
  <nd ref="11104980919"/>
  <nd ref="11104980920"/>
  <tag k="highway" v="footway"/>
 </way>
 <way id="1196816769" visible="true" version="1" changeset="139711939" timestamp="2023-08-10T15:11:11Z" user="찬스입니다" uid="19088642">
  <nd ref="11104980880"/>
  <nd ref="11104980918"/>
  <nd ref="11104980921"/>
  <nd ref="11104980922"/>
  <nd ref="11104980923"/>
  <nd ref="11104980885"/>
  <tag k="highway" v="footway"/>
 </way>
 <way id="1196816770" visible="true" version="1" changeset="139711939" timestamp="2023-08-10T15:11:11Z" user="찬스입니다" uid="19088642">
  <nd ref="5192792527"/>
  <nd ref="11104980924"/>
  <tag k="highway" v="footway"/>
 </way>
 <way id="1196816771" visible="true" version="1" changeset="139711939" timestamp="2023-08-10T15:11:11Z" user="찬스입니다" uid="19088642">
  <nd ref="11104980925"/>
  <nd ref="11104980926"/>
  <nd ref="11104980927"/>
  <nd ref="11104980928"/>
  <nd ref="11104980929"/>
  <nd ref="11104980930"/>
  <nd ref="11104980931"/>
  <nd ref="11104980932"/>
  <nd ref="11104980933"/>
  <nd ref="11104980934"/>
  <tag k="highway" v="footway"/>
 </way>
 <way id="1196816774" visible="true" version="1" changeset="139711939" timestamp="2023-08-10T15:11:11Z" user="찬스입니다" uid="19088642">
  <nd ref="11104980937"/>
  <nd ref="11104980938"/>
  <nd ref="11104980939"/>
  <nd ref="11104980940"/>
  <nd ref="11104980941"/>
  <nd ref="11104980942"/>
  <nd ref="11104980943"/>
  <nd ref="11104980944"/>
  <nd ref="11104980945"/>
  <nd ref="11104980946"/>
  <nd ref="11104980947"/>
  <nd ref="11104980968"/>
  <nd ref="11104980948"/>
  <nd ref="11104980949"/>
  <nd ref="11104980950"/>
  <nd ref="11104980951"/>
  <nd ref="11104980937"/>
  <tag k="natural" v="water"/>
  <tag k="water" v="pond"/>
 </way>
 <way id="1196816775" visible="true" version="1" changeset="139711939" timestamp="2023-08-10T15:11:11Z" user="찬스입니다" uid="19088642">
  <nd ref="11104980952"/>
  <nd ref="11104980953"/>
  <nd ref="11104980954"/>
  <nd ref="11104980955"/>
  <nd ref="11104980956"/>
  <nd ref="11104980957"/>
  <nd ref="11104980980"/>
  <nd ref="11104980958"/>
  <nd ref="11104980959"/>
  <nd ref="11104980960"/>
  <nd ref="11104980961"/>
  <nd ref="11104980962"/>
  <nd ref="11104980963"/>
  <nd ref="11104980964"/>
  <nd ref="11104980965"/>
  <nd ref="11104980966"/>
  <nd ref="11104980967"/>
  <nd ref="11104980952"/>
  <tag k="natural" v="water"/>
  <tag k="water" v="pond"/>
 </way>
 <way id="1196816776" visible="true" version="2" changeset="139967061" timestamp="2023-08-16T14:14:36Z" user="찬스입니다" uid="19088642">
  <nd ref="11104980968"/>
  <nd ref="11104980969"/>
  <nd ref="11104980970"/>
  <nd ref="11119108265"/>
  <nd ref="11104980971"/>
  <nd ref="11104980972"/>
  <nd ref="11104980973"/>
  <nd ref="11104980982"/>
  <tag k="waterway" v="stream"/>
 </way>
 <way id="1196816777" visible="true" version="1" changeset="139711939" timestamp="2023-08-10T15:11:11Z" user="찬스입니다" uid="19088642">
  <nd ref="11104980981"/>
  <nd ref="11104980974"/>
  <nd ref="11104980975"/>
  <nd ref="11104980976"/>
  <nd ref="11104980977"/>
  <nd ref="11104980978"/>
  <nd ref="11104980979"/>
  <nd ref="11104980980"/>
  <tag k="waterway" v="stream"/>
 </way>
 <way id="1196816778" visible="true" version="1" changeset="139711939" timestamp="2023-08-10T15:11:11Z" user="찬스입니다" uid="19088642">
  <nd ref="11104980982"/>
  <nd ref="11104980981"/>
  <tag k="layer" v="-1"/>
  <tag k="tunnel" v="culvert"/>
  <tag k="waterway" v="stream"/>
 </way>
 <way id="1196816779" visible="true" version="2" changeset="155950856" timestamp="2024-08-29T23:30:13Z" user="VLD280" uid="21555918">
  <nd ref="11104980983"/>
  <nd ref="11104980984"/>
  <nd ref="11104980985"/>
  <nd ref="11104980986"/>
  <nd ref="11104980987"/>
  <nd ref="11104980988"/>
  <nd ref="11104981041"/>
  <nd ref="11104980989"/>
  <nd ref="11104980990"/>
  <nd ref="11104980991"/>
  <nd ref="11104980992"/>
  <nd ref="11104980993"/>
  <nd ref="11104980994"/>
  <nd ref="11104980984"/>
  <nd ref="11104980995"/>
  <nd ref="11104980996"/>
  <nd ref="11104980997"/>
  <nd ref="11104980998"/>
  <nd ref="11104980999"/>
  <nd ref="11104981037"/>
  <nd ref="11104981000"/>
  <nd ref="11104981001"/>
  <nd ref="11104981002"/>
  <nd ref="11104981003"/>
  <nd ref="11104981004"/>
  <nd ref="11104981005"/>
  <nd ref="11104981006"/>
  <nd ref="11104981007"/>
  <nd ref="11104981008"/>
  <nd ref="11104981009"/>
  <nd ref="11104981010"/>
  <nd ref="11104980995"/>
  <nd ref="11104981011"/>
  <nd ref="11104981012"/>
  <nd ref="11104981013"/>
  <nd ref="11104981014"/>
  <nd ref="11104981015"/>
  <nd ref="11104981016"/>
  <nd ref="11104981017"/>
  <nd ref="11104981018"/>
  <tag k="highway" v="footway"/>
 </way>
 <way id="1196816780" visible="true" version="1" changeset="139711939" timestamp="2023-08-10T15:11:11Z" user="찬스입니다" uid="19088642">
  <nd ref="11104981017"/>
  <nd ref="11104981035"/>
  <nd ref="11104981036"/>
  <nd ref="11104981037"/>
  <tag k="highway" v="footway"/>
 </way>
 <way id="1196816781" visible="true" version="1" changeset="139711939" timestamp="2023-08-10T15:11:11Z" user="찬스입니다" uid="19088642">
  <nd ref="11104981036"/>
  <nd ref="11104981038"/>
  <nd ref="11104981020"/>
  <tag k="highway" v="footway"/>
 </way>
 <way id="1196816782" visible="true" version="1" changeset="139711939" timestamp="2023-08-10T15:11:11Z" user="찬스입니다" uid="19088642">
  <nd ref="11104981039"/>
  <nd ref="11104981040"/>
  <nd ref="11104981041"/>
  <nd ref="11104981042"/>
  <nd ref="11104981043"/>
  <nd ref="11104981002"/>
  <nd ref="11104981023"/>
  <nd ref="11104981044"/>
  <nd ref="11104981045"/>
  <nd ref="11104981046"/>
  <nd ref="11104981047"/>
  <tag k="highway" v="footway"/>
 </way>
 <way id="1196816783" visible="true" version="1" changeset="139711939" timestamp="2023-08-10T15:11:11Z" user="찬스입니다" uid="19088642">
  <nd ref="11104981032"/>
  <nd ref="11104981048"/>
  <nd ref="11104981049"/>
  <nd ref="11104981050"/>
  <nd ref="11104981029"/>
  <tag k="highway" v="footway"/>
 </way>
 <way id="1196816784" visible="true" version="2" changeset="155950856" timestamp="2024-08-29T23:30:13Z" user="VLD280" uid="21555918">
  <nd ref="11104981031"/>
  <nd ref="12145123358"/>
  <nd ref="11104981012"/>
  <nd ref="12145123359"/>
  <nd ref="11104981018"/>
  <nd ref="11104981019"/>
  <nd ref="11104981024"/>
  <nd ref="11104981025"/>
  <nd ref="11104981030"/>
  <nd ref="11104981031"/>
  <tag k="highway" v="footway"/>
 </way>
 <way id="1196816794" visible="true" version="1" changeset="139711939" timestamp="2023-08-10T15:11:11Z" user="찬스입니다" uid="19088642">
  <nd ref="11104981086"/>
  <nd ref="11104981087"/>
  <nd ref="11104981088"/>
  <nd ref="11104981089"/>
  <nd ref="11104981090"/>
  <nd ref="11104981086"/>
  <tag k="leisure" v="garden"/>
  <tag k="name" v="빛누리정원"/>
  <tag k="name:en" v="Bitnuri-garden"/>
 </way>
 <way id="1198651978" visible="true" version="5" changeset="170060147" timestamp="2025-08-06T14:03:57Z" user="Dmitry2013" uid="1185631">
  <nd ref="11119108266"/>
  <nd ref="11119108267"/>
  <nd ref="11119108268"/>
  <nd ref="11119108271"/>
  <nd ref="11119108272"/>
  <nd ref="11119108273"/>
  <nd ref="11119108266"/>
  <tag k="addr:housenumber" v="174"/>
  <tag k="addr:street" v="용담로"/>
  <tag k="building" v="apartments"/>
  <tag k="building:levels" v="25"/>
  <tag k="name" v="성호"/>
  <tag k="start_date" v="2018"/>
 </way>
 <way id="1205919143" visible="true" version="1" changeset="140947764" timestamp="2023-09-07T16:03:12Z" user="GOCHIDA" uid="9620250">
  <nd ref="11174896987"/>
  <nd ref="11174896986"/>
  <nd ref="11174896985"/>
  <nd ref="11174896984"/>
  <nd ref="11174896983"/>
  <nd ref="11174896982"/>
  <nd ref="11174896981"/>
  <nd ref="11174896980"/>
  <nd ref="11174896979"/>
  <nd ref="11174896978"/>
  <nd ref="11174896977"/>
  <nd ref="11174896976"/>
  <nd ref="11174896987"/>
  <nd ref="11174896975"/>
  <nd ref="11174896974"/>
  <nd ref="11174896973"/>
  <nd ref="11174896972"/>
  <nd ref="11174896971"/>
  <nd ref="11174896970"/>
  <nd ref="11174896969"/>
  <nd ref="11174896968"/>
  <nd ref="11174896967"/>
  <nd ref="11174896966"/>
  <nd ref="11174896965"/>
  <nd ref="11174896964"/>
  <nd ref="11174896963"/>
  <nd ref="11174896962"/>
  <nd ref="11174896961"/>
  <tag k="highway" v="cycleway"/>
  <tag k="name" v="형산강 자전거길"/>
 </way>
 <way id="1205919144" visible="true" version="2" changeset="152714553" timestamp="2024-06-15T10:18:40Z" user="adreamy" uid="2750856">
  <nd ref="11174934597"/>
  <nd ref="11174934601"/>
  <nd ref="11174934596"/>
  <nd ref="11174934595"/>
  <nd ref="11174934594"/>
  <nd ref="11174934593"/>
  <nd ref="11174934592"/>
  <nd ref="11174934591"/>
  <nd ref="11174934605"/>
  <nd ref="11174934590"/>
  <nd ref="11174934589"/>
  <nd ref="11174934588"/>
  <nd ref="11174934587"/>
  <nd ref="11174934586"/>
  <nd ref="11174934585"/>
  <nd ref="11174934584"/>
  <nd ref="11174934606"/>
  <nd ref="11174934583"/>
  <nd ref="11174934582"/>
  <nd ref="11174934581"/>
  <nd ref="11174934580"/>
  <nd ref="11174934579"/>
  <nd ref="11174934578"/>
  <nd ref="11174934577"/>
  <nd ref="11174934576"/>
  <nd ref="11174934575"/>
  <nd ref="11174934574"/>
  <nd ref="11174934573"/>
  <nd ref="11174934572"/>
  <nd ref="11174934571"/>
  <nd ref="11174934570"/>
  <nd ref="11174934569"/>
  <nd ref="11174934568"/>
  <nd ref="11174934567"/>
  <nd ref="11174934566"/>
  <nd ref="11174934565"/>
  <nd ref="11174934564"/>
  <nd ref="11174934563"/>
  <nd ref="11174934562"/>
  <nd ref="11174934561"/>
  <nd ref="11174934560"/>
  <nd ref="11174934559"/>
  <nd ref="11174934558"/>
  <nd ref="11174934557"/>
  <nd ref="11174934556"/>
  <nd ref="11174934555"/>
  <nd ref="11174934554"/>
  <nd ref="11174934553"/>
  <nd ref="11174934552"/>
  <nd ref="11174934551"/>
  <nd ref="11174934609"/>
  <nd ref="11174934550"/>
  <nd ref="11174934549"/>
  <nd ref="11174934548"/>
  <nd ref="11174934547"/>
  <nd ref="11174934546"/>
  <nd ref="11174934545"/>
  <nd ref="11174934544"/>
  <nd ref="11174934543"/>
  <nd ref="11174934542"/>
  <nd ref="11174934541"/>
  <nd ref="11174934540"/>
  <nd ref="11174934539"/>
  <nd ref="11174934538"/>
  <nd ref="11174934537"/>
  <nd ref="11174897035"/>
  <nd ref="11174897036"/>
  <nd ref="11174897027"/>
  <nd ref="11174897026"/>
  <nd ref="11174897031"/>
  <nd ref="11174897025"/>
  <nd ref="11174897024"/>
  <nd ref="11174897023"/>
  <nd ref="11174897022"/>
  <nd ref="11174897021"/>
  <nd ref="11174897020"/>
  <nd ref="11174897019"/>
  <nd ref="11174897018"/>
  <nd ref="11174897017"/>
  <nd ref="11174897016"/>
  <tag k="highway" v="cycleway"/>
  <tag k="name" v="형산강 자전거길"/>
 </way>
 <way id="1205919146" visible="true" version="1" changeset="140947764" timestamp="2023-09-07T16:03:12Z" user="GOCHIDA" uid="9620250">
  <nd ref="11174897031"/>
  <nd ref="11174897032"/>
  <nd ref="11174897033"/>
  <nd ref="11174897034"/>
  <nd ref="11174897035"/>
  <tag k="bicycle" v="designated"/>
  <tag k="foot" v="designated"/>
  <tag k="highway" v="cycleway"/>
 </way>
 <way id="1238003409" visible="true" version="2" changeset="158763937" timestamp="2024-11-05T04:30:48Z" user="moaipark" uid="17448023">
  <nd ref="11499633151"/>
  <nd ref="11499633152"/>
  <nd ref="11499633153"/>
  <nd ref="11499633154"/>
  <nd ref="11499633155"/>
  <nd ref="11499633156"/>
  <nd ref="11499633157"/>
  <nd ref="11499633158"/>
  <nd ref="11499633159"/>
  <nd ref="11499633160"/>
  <nd ref="11499633151"/>
  <tag k="building" v="school"/>
 </way>
 <way id="1308526106" visible="true" version="1" changeset="155394155" timestamp="2024-08-18T01:22:07Z" user="이재윤" uid="3018052">
  <nd ref="12117612099"/>
  <nd ref="12117612100"/>
  <nd ref="12117686101"/>
  <nd ref="12117686102"/>
  <nd ref="12117686103"/>
  <nd ref="12117686104"/>
  <nd ref="12117686105"/>
  <nd ref="12117686106"/>
  <tag k="highway" v="residential"/>
  <tag k="oneway" v="yes"/>
 </way>
 <way id="1312117735" visible="true" version="1" changeset="155950856" timestamp="2024-08-29T23:30:13Z" user="VLD280" uid="21555918">
  <nd ref="11104981031"/>
  <nd ref="11104981032"/>
  <nd ref="11104981033"/>
  <nd ref="11104981034"/>
  <nd ref="11104981011"/>
  <tag k="highway" v="footway"/>
 </way>
 <way id="1312117736" visible="true" version="1" changeset="155950856" timestamp="2024-08-29T23:30:13Z" user="VLD280" uid="21555918">
  <nd ref="11104981025"/>
  <nd ref="11104981047"/>
  <nd ref="11104981026"/>
  <nd ref="11104981027"/>
  <nd ref="11104981028"/>
  <nd ref="11104981029"/>
  <nd ref="11104981030"/>
  <tag k="highway" v="footway"/>
 </way>
 <way id="1312117737" visible="true" version="1" changeset="155950856" timestamp="2024-08-29T23:30:13Z" user="VLD280" uid="21555918">
  <nd ref="11104981019"/>
  <nd ref="11104981020"/>
  <nd ref="11104981021"/>
  <nd ref="11104981022"/>
  <nd ref="11104981023"/>
  <nd ref="11104981024"/>
  <tag k="highway" v="footway"/>
 </way>
 <way id="1330809219" visible="true" version="1" changeset="158763937" timestamp="2024-11-05T04:30:48Z" user="moaipark" uid="17448023">
  <nd ref="12313485923"/>
  <nd ref="12313485924"/>
  <nd ref="12313485925"/>
  <nd ref="12313485926"/>
  <nd ref="12313485923"/>
  <tag k="building" v="school"/>
 </way>
 <way id="1330809220" visible="true" version="1" changeset="158763937" timestamp="2024-11-05T04:30:48Z" user="moaipark" uid="17448023">
  <nd ref="12313485927"/>
  <nd ref="12313485928"/>
  <nd ref="12313485929"/>
  <nd ref="12313485930"/>
  <nd ref="12313485927"/>
  <tag k="building" v="school"/>
 </way>
 <way id="1330809221" visible="true" version="1" changeset="158763937" timestamp="2024-11-05T04:30:48Z" user="moaipark" uid="17448023">
  <nd ref="12313485931"/>
  <nd ref="12313485932"/>
  <nd ref="12313485933"/>
  <nd ref="12313485934"/>
  <nd ref="12313485935"/>
  <nd ref="12313485936"/>
  <nd ref="12313485931"/>
  <tag k="leisure" v="pitch"/>
 </way>
 <way id="1331154057" visible="true" version="1" changeset="158799229" timestamp="2024-11-05T23:58:18Z" user="moaipark" uid="17448023">
  <nd ref="437088177"/>
  <nd ref="530495102"/>
  <tag k="highway" v="residential"/>
  <tag k="name" v="용담로116번길"/>
  <tag k="name:en" v="Yongdam-ro 116beon-gil"/>
  <tag k="name:ko" v="용담로116번길"/>
  <tag k="parking:both" v="lane"/>
  <tag k="parking:both:orientation" v="parallel"/>
 </way>
 <way id="1331154058" visible="true" version="1" changeset="158799229" timestamp="2024-11-05T23:58:18Z" user="moaipark" uid="17448023">
  <nd ref="530495206"/>
  <nd ref="530495102"/>
  <tag k="highway" v="residential"/>
  <tag k="noname" v="yes"/>
 </way>
 <way id="1331154059" visible="true" version="1" changeset="158799229" timestamp="2024-11-05T23:58:18Z" user="moaipark" uid="17448023">
  <nd ref="12316476443"/>
  <nd ref="8157391373"/>
  <tag k="highway" v="service"/>
 </way>
 <way id="1331154060" visible="true" version="1" changeset="158799229" timestamp="2024-11-05T23:58:18Z" user="moaipark" uid="17448023">
  <nd ref="12316476446"/>
  <nd ref="12316476447"/>
  <tag k="highway" v="service"/>
 </way>
 <way id="1331154061" visible="true" version="1" changeset="158799229" timestamp="2024-11-05T23:58:18Z" user="moaipark" uid="17448023">
  <nd ref="12316476448"/>
  <nd ref="12316476449"/>
  <tag k="highway" v="service"/>
 </way>
 <way id="1331154062" visible="true" version="1" changeset="158799229" timestamp="2024-11-05T23:58:18Z" user="moaipark" uid="17448023">
  <nd ref="12316476450"/>
  <nd ref="12316476451"/>
  <tag k="highway" v="service"/>
 </way>
 <way id="1331154063" visible="true" version="1" changeset="158799229" timestamp="2024-11-05T23:58:18Z" user="moaipark" uid="17448023">
  <nd ref="12316476452"/>
  <nd ref="12316476453"/>
  <tag k="highway" v="service"/>
 </way>
 <way id="1331154065" visible="true" version="1" changeset="158799229" timestamp="2024-11-05T23:58:18Z" user="moaipark" uid="17448023">
  <nd ref="12316476461"/>
  <nd ref="12316476462"/>
  <tag k="highway" v="service"/>
 </way>
 <way id="1331154067" visible="true" version="1" changeset="158799229" timestamp="2024-11-05T23:58:18Z" user="moaipark" uid="17448023">
  <nd ref="12316476469"/>
  <nd ref="12316476470"/>
  <tag k="highway" v="service"/>
 </way>
 <way id="1331154068" visible="true" version="1" changeset="158799229" timestamp="2024-11-05T23:58:18Z" user="moaipark" uid="17448023">
  <nd ref="12316476471"/>
  <nd ref="12316476472"/>
  <nd ref="12316476473"/>
  <nd ref="12316476474"/>
  <nd ref="12316476475"/>
  <nd ref="12316476471"/>
  <tag k="leisure" v="playground"/>
 </way>
 <way id="1331154069" visible="true" version="1" changeset="158799229" timestamp="2024-11-05T23:58:18Z" user="moaipark" uid="17448023">
  <nd ref="12316476478"/>
  <nd ref="12316476479"/>
  <nd ref="12316476480"/>
  <nd ref="12316476481"/>
  <nd ref="12316476478"/>
  <tag k="building" v="yes"/>
  <tag k="building:levels" v="1"/>
 </way>
 <way id="1331174763" visible="true" version="1" changeset="158801109" timestamp="2024-11-06T02:21:34Z" user="moaipark" uid="17448023">
  <nd ref="12316715769"/>
  <nd ref="12316715770"/>
  <nd ref="12316715771"/>
  <nd ref="12316715772"/>
  <nd ref="12316715773"/>
  <nd ref="12316715774"/>
  <nd ref="12316715775"/>
  <nd ref="12316715776"/>
  <nd ref="12316715777"/>
  <nd ref="12316715769"/>
  <tag k="landuse" v="village_green"/>
 </way>
 <way id="1331269907" visible="true" version="1" changeset="158806149" timestamp="2024-11-06T07:36:40Z" user="moaipark" uid="17448023">
  <nd ref="12317660441"/>
  <nd ref="12317660442"/>
  <nd ref="12317660443"/>
  <nd ref="12317660444"/>
  <nd ref="12317660445"/>
  <nd ref="12317660446"/>
  <nd ref="12317660447"/>
  <nd ref="12317660448"/>
  <nd ref="12317660449"/>
  <nd ref="12317660450"/>
  <nd ref="12317660451"/>
  <nd ref="12317660452"/>
  <nd ref="12317660441"/>
  <tag k="leisure" v="park"/>
 </way>
 <way id="1331269908" visible="true" version="1" changeset="158806149" timestamp="2024-11-06T07:36:40Z" user="moaipark" uid="17448023">
  <nd ref="12317660453"/>
  <nd ref="12317660454"/>
  <nd ref="12317660455"/>
  <nd ref="12317660456"/>
  <nd ref="12317660457"/>
  <nd ref="12317660458"/>
  <nd ref="12317660459"/>
  <nd ref="12317660453"/>
  <tag k="leisure" v="park"/>
 </way>
 <way id="1331278082" visible="true" version="2" changeset="170060039" timestamp="2025-08-06T14:01:54Z" user="Dmitry2013" uid="1185631">
  <nd ref="12317781668"/>
  <nd ref="12317781669"/>
  <nd ref="12317781670"/>
  <nd ref="12317781671"/>
  <nd ref="12317781668"/>
  <tag k="building" v="apartments"/>
  <tag k="building:levels" v="18"/>
  <tag k="start_date" v="1996"/>
 </way>
 <way id="1331278083" visible="true" version="1" changeset="158806700" timestamp="2024-11-06T07:58:27Z" user="moaipark" uid="17448023">
  <nd ref="12317781672"/>
  <nd ref="12317781687"/>
  <nd ref="12317781673"/>
  <nd ref="12317781711"/>
  <nd ref="12317781723"/>
  <nd ref="12317781674"/>
  <tag k="highway" v="service"/>
 </way>
 <way id="1331278090" visible="true" version="1" changeset="158806700" timestamp="2024-11-06T07:58:27Z" user="moaipark" uid="17448023">
  <nd ref="12317781711"/>
  <nd ref="12317781712"/>
  <tag k="highway" v="service"/>
 </way>
 <way id="1331278091" visible="true" version="1" changeset="158806700" timestamp="2024-11-06T07:58:27Z" user="moaipark" uid="17448023">
  <nd ref="12317781712"/>
  <nd ref="12317781713"/>
  <nd ref="12317781714"/>
  <nd ref="12317781715"/>
  <nd ref="12317781716"/>
  <nd ref="12317781717"/>
  <nd ref="12317781712"/>
  <tag k="highway" v="service"/>
 </way>
 <way id="1331278093" visible="true" version="1" changeset="158806700" timestamp="2024-11-06T07:58:27Z" user="moaipark" uid="17448023">
  <nd ref="12317781723"/>
  <nd ref="12317781729"/>
  <nd ref="12317781724"/>
  <tag k="highway" v="service"/>
 </way>
 <way id="1331278094" visible="true" version="1" changeset="158806700" timestamp="2024-11-06T07:58:27Z" user="moaipark" uid="17448023">
  <nd ref="12317781725"/>
  <nd ref="12317781724"/>
  <nd ref="12317781726"/>
  <nd ref="12317781727"/>
  <tag k="highway" v="service"/>
 </way>
 <way id="1331278095" visible="true" version="1" changeset="158806700" timestamp="2024-11-06T07:58:27Z" user="moaipark" uid="17448023">
  <nd ref="12317781728"/>
  <nd ref="12317781729"/>
  <tag k="highway" v="service"/>
 </way>
 <way id="1352322521" visible="true" version="2" changeset="173834288" timestamp="2025-10-27T11:49:27Z" user="이재윤" uid="3018052">
  <nd ref="5391243054"/>
  <nd ref="811058967"/>
  <tag k="highway" v="secondary"/>
  <tag k="name" v="용담로"/>
  <tag k="name:en" v="Yongdam-ro"/>
  <tag k="name:ko" v="용담로"/>
  <tag k="parking:both" v="no"/>
  <tag k="ref" v="904"/>
 </way>
 <way id="1352322522" visible="true" version="1" changeset="161491413" timestamp="2025-01-18T13:25:05Z" user="DanielAgos" uid="20972402">
  <nd ref="12512219230"/>
  <nd ref="12512219247"/>
  <tag k="highway" v="secondary"/>
  <tag k="name" v="용담로"/>
  <tag k="name:en" v="Yongdam-ro"/>
  <tag k="name:ko" v="용담로"/>
  <tag k="parking:both" v="no"/>
  <tag k="ref" v="904"/>
 </way>
 <way id="1352322523" visible="true" version="2" changeset="170461737" timestamp="2025-08-15T03:29:08Z" user="mendines" uid="7147307">
  <nd ref="12512219235"/>
  <nd ref="11104980895"/>
  <nd ref="12117686106"/>
  <nd ref="3657649021"/>
  <nd ref="5192792469"/>
  <nd ref="529483882"/>
  <nd ref="10857999995"/>
  <nd ref="10857999993"/>
  <nd ref="529458593"/>
  <nd ref="10857624419"/>
  <nd ref="10857624418"/>
  <nd ref="3657649020"/>
  <nd ref="3657649016"/>
  <nd ref="3657649012"/>
  <tag k="cycleway:right" v="track"/>
  <tag k="cycleway:right:segregated" v="no"/>
  <tag k="highway" v="tertiary"/>
  <tag k="lanes" v="4"/>
  <tag k="name" v="강변로"/>
  <tag k="name:el" v="Γκάνγκμπιον-ρο"/>
  <tag k="name:en" v="Gangbyeon-ro"/>
  <tag k="name:ko" v="강변로"/>
  <tag k="parking:both" v="no"/>
  <tag k="sidewalk" v="both"/>
  <tag k="surface" v="asphalt"/>
 </way>
 <way id="1352322524" visible="true" version="1" changeset="161491413" timestamp="2025-01-18T13:25:05Z" user="DanielAgos" uid="20972402">
  <nd ref="12512219236"/>
  <nd ref="12512219235"/>
  <tag k="cycleway:right" v="track"/>
  <tag k="cycleway:right:segregated" v="no"/>
  <tag k="highway" v="tertiary"/>
  <tag k="name" v="강변로"/>
  <tag k="name:el" v="Γκάνγκμπιον-ρο"/>
  <tag k="name:en" v="Gangbyeon-ro"/>
  <tag k="name:ko" v="강변로"/>
  <tag k="parking:both" v="no"/>
  <tag k="sidewalk" v="both"/>
  <tag k="surface" v="asphalt"/>
 </way>
 <way id="1352322525" visible="true" version="2" changeset="173834288" timestamp="2025-10-27T11:49:27Z" user="이재윤" uid="3018052">
  <nd ref="12512219243"/>
  <nd ref="5391243054"/>
  <tag k="cycleway:right" v="track"/>
  <tag k="cycleway:right:segregated" v="no"/>
  <tag k="highway" v="tertiary"/>
  <tag k="name" v="강변로"/>
  <tag k="name:el" v="Γκάνγκμπιον-ρο"/>
  <tag k="name:en" v="Gangbyeon-ro"/>
  <tag k="name:ko" v="강변로"/>
  <tag k="parking:both" v="no"/>
  <tag k="sidewalk" v="both"/>
  <tag k="surface" v="asphalt"/>
 </way>
 <way id="1352322526" visible="true" version="1" changeset="161491413" timestamp="2025-01-18T13:25:05Z" user="DanielAgos" uid="20972402">
  <nd ref="811058967"/>
  <nd ref="12512219239"/>
  <nd ref="12512219238"/>
  <nd ref="12512219237"/>
  <nd ref="12512219236"/>
  <tag k="highway" v="secondary_link"/>
  <tag k="oneway" v="yes"/>
 </way>
 <way id="1352322527" visible="true" version="1" changeset="161491413" timestamp="2025-01-18T13:25:05Z" user="DanielAgos" uid="20972402">
  <nd ref="12512219243"/>
  <nd ref="12512219242"/>
  <nd ref="12512219241"/>
  <nd ref="12512219240"/>
  <nd ref="811058967"/>
  <tag k="highway" v="secondary_link"/>
  <tag k="oneway" v="yes"/>
 </way>
 <way id="1352322528" visible="true" version="1" changeset="161491413" timestamp="2025-01-18T13:25:05Z" user="DanielAgos" uid="20972402">
  <nd ref="12512219235"/>
  <nd ref="12512219234"/>
  <nd ref="12512219233"/>
  <nd ref="12512219232"/>
  <nd ref="12512219231"/>
  <nd ref="12512219230"/>
  <tag k="highway" v="secondary_link"/>
  <tag k="oneway" v="yes"/>
 </way>
 <way id="1352322529" visible="true" version="1" changeset="161491413" timestamp="2025-01-18T13:25:05Z" user="DanielAgos" uid="20972402">
  <nd ref="12512219247"/>
  <nd ref="12512219246"/>
  <nd ref="12512219245"/>
  <nd ref="12512219244"/>
  <nd ref="12512219243"/>
  <tag k="highway" v="secondary_link"/>
  <tag k="oneway" v="yes"/>
 </way>
 <way id="1420433404" visible="true" version="2" changeset="170158025" timestamp="2025-08-08T14:12:28Z" user="Dmitry2013" uid="1185631">
  <nd ref="13052310519"/>
  <nd ref="13052310520"/>
  <nd ref="13052310521"/>
  <nd ref="13052310522"/>
  <nd ref="13052310523"/>
  <nd ref="13052310524"/>
  <nd ref="13052310519"/>
  <tag k="building" v="apartments"/>
  <tag k="building:flats" v="54"/>
  <tag k="building:levels" v="10"/>
  <tag k="start_date" v="2004"/>
 </way>
 <way id="1420957681" visible="true" version="1" changeset="170157965" timestamp="2025-08-08T14:11:19Z" user="Dmitry2013" uid="1185631">
  <nd ref="13058082621"/>
  <nd ref="13058082622"/>
  <nd ref="13058082623"/>
  <nd ref="13058082624"/>
  <nd ref="13058082625"/>
  <nd ref="13058082621"/>
  <tag k="flats" v="131"/>
  <tag k="landuse" v="residential"/>
  <tag k="residential" v="apartments"/>
  <tag k="start_date" v="2018"/>
 </way>
 <way id="1431683205" visible="true" version="1" changeset="172244548" timestamp="2025-09-21T13:09:03Z" user="이재윤" uid="3018052">
  <nd ref="529483905"/>
  <nd ref="529483915"/>
  <nd ref="529483914"/>
  <nd ref="529483913"/>
  <nd ref="529483912"/>
  <nd ref="529483910"/>
  <nd ref="529483909"/>
  <nd ref="529483907"/>
  <nd ref="530495115"/>
  <nd ref="12117612099"/>
  <nd ref="12512219243"/>
  <tag k="cycleway:right" v="track"/>
  <tag k="cycleway:right:segregated" v="no"/>
  <tag k="highway" v="tertiary"/>
  <tag k="name" v="강변로"/>
  <tag k="name:el" v="Γκάνγκμπιον-ρο"/>
  <tag k="name:en" v="Gangbyeon-ro"/>
  <tag k="name:ko" v="강변로"/>
  <tag k="parking:both" v="no"/>
  <tag k="sidewalk" v="both"/>
  <tag k="surface" v="asphalt"/>
 </way>
 <way id="1445399630" visible="true" version="1" changeset="173834288" timestamp="2025-10-27T11:49:27Z" user="이재윤" uid="3018052">
  <nd ref="12512219247"/>
  <nd ref="5391243054"/>
  <tag k="highway" v="secondary"/>
  <tag k="name" v="용담로"/>
  <tag k="name:en" v="Yongdam-ro"/>
  <tag k="name:ko" v="용담로"/>
  <tag k="parking:both" v="no"/>
  <tag k="ref" v="904"/>
 </way>
 <way id="1445399631" visible="true" version="1" changeset="173834288" timestamp="2025-10-27T11:49:27Z" user="이재윤" uid="3018052">
  <nd ref="5391243054"/>
  <nd ref="12512219236"/>
  <tag k="cycleway:right" v="track"/>
  <tag k="cycleway:right:segregated" v="no"/>
  <tag k="highway" v="tertiary"/>
  <tag k="name" v="강변로"/>
  <tag k="name:el" v="Γκάνγκμπιον-ρο"/>
  <tag k="name:en" v="Gangbyeon-ro"/>
  <tag k="name:ko" v="강변로"/>
  <tag k="parking:both" v="no"/>
  <tag k="sidewalk" v="both"/>
  <tag k="surface" v="asphalt"/>
 </way>
 <way id="1452612551" visible="true" version="1" changeset="174946814" timestamp="2025-11-21T12:28:25Z" user="이재윤" uid="3018052">
  <nd ref="437088177"/>
  <nd ref="11104981039"/>
  <nd ref="12512219230"/>
  <tag k="highway" v="secondary"/>
  <tag k="name" v="용담로"/>
  <tag k="name:en" v="Yongdam-ro"/>
  <tag k="name:ko" v="용담로"/>
  <tag k="parking:both" v="no"/>
  <tag k="ref" v="904"/>
 </way>
 <relation id="7740688" visible="true" version="22" changeset="165498115" timestamp="2025-04-27T10:02:58Z" user="Myuhi" uid="16430319">
  <member type="node" ref="257370656" role="label"/>
  <member type="way" ref="541465750" role="outer"/>
  <member type="way" ref="568637379" role="outer"/>
  <member type="way" ref="568637385" role="outer"/>
  <member type="way" ref="670182903" role="outer"/>
  <member type="way" ref="568637382" role="outer"/>
  <member type="way" ref="541373772" role="outer"/>
  <member type="way" ref="670182898" role="outer"/>
  <member type="way" ref="541373762" role="outer"/>
  <member type="way" ref="568637391" role="outer"/>
  <member type="way" ref="610200463" role="outer"/>
  <member type="way" ref="541373754" role="outer"/>
  <member type="way" ref="568637390" role="outer"/>
  <member type="way" ref="993384631" role="outer"/>
  <member type="way" ref="637565380" role="outer"/>
  <member type="way" ref="568637387" role="outer"/>
  <member type="way" ref="568637363" role="outer"/>
  <member type="way" ref="637565405" role="outer"/>
  <member type="way" ref="541373765" role="outer"/>
  <member type="way" ref="637565401" role="outer"/>
  <member type="way" ref="568637373" role="outer"/>
  <member type="way" ref="568637372" role="outer"/>
  <member type="way" ref="541373764" role="outer"/>
  <member type="way" ref="182250391" role="outer"/>
  <member type="way" ref="1322778693" role="outer"/>
  <member type="way" ref="568637360" role="outer"/>
  <member type="way" ref="1381624425" role="outer"/>
  <member type="way" ref="1381624424" role="outer"/>
  <member type="way" ref="179404889" role="outer"/>
  <member type="way" ref="571036010" role="outer"/>
  <member type="way" ref="568637356" role="outer"/>
  <member type="way" ref="568637375" role="outer"/>
  <member type="relation" ref="8100790" role="subarea"/>
  <member type="relation" ref="8100789" role="subarea"/>
  <member type="relation" ref="8100794" role="subarea"/>
  <member type="relation" ref="8100786" role="subarea"/>
  <member type="relation" ref="8100796" role="subarea"/>
  <member type="relation" ref="8100785" role="subarea"/>
  <member type="relation" ref="8100791" role="subarea"/>
  <member type="relation" ref="8100792" role="subarea"/>
  <member type="relation" ref="8100787" role="subarea"/>
  <member type="relation" ref="8100788" role="subarea"/>
  <member type="relation" ref="8100795" role="subarea"/>
  <member type="relation" ref="8100793" role="subarea"/>
  <member type="relation" ref="8100779" role="subarea"/>
  <member type="relation" ref="8100776" role="subarea"/>
  <member type="relation" ref="8100775" role="subarea"/>
  <member type="relation" ref="8100784" role="subarea"/>
  <member type="relation" ref="8100783" role="subarea"/>
  <member type="relation" ref="8100774" role="subarea"/>
  <member type="relation" ref="8100777" role="subarea"/>
  <member type="relation" ref="8100781" role="subarea"/>
  <member type="relation" ref="8100778" role="subarea"/>
  <member type="relation" ref="8100782" role="subarea"/>
  <member type="relation" ref="8100780" role="subarea"/>
  <tag k="admin_level" v="6"/>
  <tag k="boundary" v="administrative"/>
  <tag k="name" v="경주시"/>
  <tag k="name:en" v="Gyeongju-si"/>
  <tag k="name:ja" v="慶州市"/>
  <tag k="name:ko" v="경주시"/>
  <tag k="name:ko-Hani" v="慶州市"/>
  <tag k="name:zh-Hans" v="庆州市"/>
  <tag k="name:zh-Hant" v="慶州市"/>
  <tag k="type" v="boundary"/>
  <tag k="wikidata" v="Q42097"/>
  <tag k="wikipedia" v="ko:경주시"/>
 </relation>
 <relation id="8100772" visible="true" version="5" changeset="137745918" timestamp="2023-06-25T10:38:57Z" user="Lepuse" uid="9560399">
  <member type="node" ref="415148392" role="label"/>
  <member type="way" ref="568637347" role="outer"/>
  <member type="way" ref="568637344" role="outer"/>
  <member type="way" ref="568637333" role="outer"/>
  <member type="way" ref="568637342" role="outer"/>
  <member type="way" ref="568637346" role="outer"/>
  <tag k="boundary" v="legal"/>
  <tag k="description" v="법정동(legal-status)"/>
  <tag k="name" v="황성동"/>
  <tag k="name:en" v="Hwangseong-dong"/>
  <tag k="name:ja" v="隍城洞"/>
  <tag k="name:ko" v="황성동"/>
  <tag k="name:ko-Hani" v="隍城洞"/>
  <tag k="name:zh" v="隍城洞"/>
  <tag k="name:zh-Hant" v="隍城洞"/>
  <tag k="type" v="boundary"/>
 </relation>
 <relation id="8100782" visible="true" version="5" changeset="137176070" timestamp="2023-06-10T15:19:11Z" user="Lepuse" uid="9560399">
  <member type="way" ref="568637347" role="outer"/>
  <member type="way" ref="568637344" role="outer"/>
  <member type="way" ref="568637333" role="outer"/>
  <member type="way" ref="568637342" role="outer"/>
  <member type="way" ref="568637346" role="outer"/>
  <tag k="admin_level" v="8"/>
  <tag k="boundary" v="administrative"/>
  <tag k="name" v="황성동"/>
  <tag k="name:en" v="Hwangseong-dong"/>
  <tag k="name:ja" v="隍城洞"/>
  <tag k="name:ko" v="황성동"/>
  <tag k="name:ko-Hani" v="隍城洞"/>
  <tag k="name:zh" v="隍城洞"/>
  <tag k="name:zh-Hant" v="隍城洞"/>
  <tag k="type" v="boundary"/>
 </relation>
 <relation id="8100793" visible="true" version="3" changeset="122459399" timestamp="2022-06-16T11:20:20Z" user="Lepuse" uid="9560399">
  <member type="way" ref="568637378" role="outer"/>
  <member type="way" ref="568637370" role="outer"/>
  <member type="way" ref="568637351" role="outer"/>
  <member type="way" ref="568637383" role="outer"/>
  <member type="way" ref="568637347" role="outer"/>
  <member type="way" ref="568637345" role="outer"/>
  <member type="way" ref="568637381" role="outer"/>
  <member type="way" ref="568637386" role="outer"/>
  <member type="way" ref="568637382" role="outer"/>
  <tag k="admin_level" v="8"/>
  <tag k="boundary" v="administrative"/>
  <tag k="name" v="현곡면"/>
  <tag k="name:en" v="Hyeongok-myeon"/>
  <tag k="name:ko" v="현곡면"/>
  <tag k="name:ko-Hani" v="見谷面"/>
  <tag k="name:zh" v="見谷面"/>
  <tag k="name:zh-Hans" v="见谷面"/>
  <tag k="name:zh-Hant" v="見谷面"/>
  <tag k="type" v="boundary"/>
 </relation>
 <relation id="10749593" visible="true" version="125" changeset="177347194" timestamp="2026-01-17T18:25:07Z" user="aaei924" uid="10626814">
  <member type="way" ref="327402850" role=""/>
  <member type="way" ref="772738790" role=""/>
  <member type="way" ref="137309298" role=""/>
  <member type="way" ref="327401644" role=""/>
  <member type="way" ref="137309300" role=""/>
  <member type="way" ref="664114211" role=""/>
  <member type="way" ref="664114212" role=""/>
  <member type="way" ref="35309615" role=""/>
  <member type="way" ref="325852721" role=""/>
  <member type="way" ref="325852716" role=""/>
  <member type="way" ref="1070815404" role=""/>
  <member type="way" ref="536078671" role=""/>
  <member type="way" ref="1165937677" role=""/>
  <member type="way" ref="1165937676" role=""/>
  <member type="way" ref="325852718" role=""/>
  <member type="way" ref="106486689" role=""/>
  <member type="way" ref="556839599" role=""/>
  <member type="way" ref="38805072" role=""/>
  <member type="way" ref="806578584" role=""/>
  <member type="way" ref="106486739" role=""/>
  <member type="way" ref="884610614" role=""/>
  <member type="way" ref="884610615" role=""/>
  <member type="way" ref="327401642" role=""/>
  <member type="way" ref="327401646" role=""/>
  <member type="way" ref="327401649" role=""/>
  <member type="way" ref="667860483" role=""/>
  <member type="way" ref="884610626" role=""/>
  <member type="way" ref="884610628" role=""/>
  <member type="way" ref="884610627" role=""/>
  <member type="way" ref="884610631" role=""/>
  <member type="way" ref="1301155379" role=""/>
  <member type="way" ref="1301155380" role=""/>
  <member type="way" ref="556839594" role=""/>
  <member type="way" ref="637039887" role=""/>
  <member type="way" ref="637039885" role=""/>
  <member type="way" ref="637039891" role=""/>
  <member type="way" ref="979190869" role=""/>
  <member type="way" ref="884610636" role=""/>
  <member type="way" ref="979190868" role=""/>
  <member type="way" ref="637039888" role=""/>
  <member type="way" ref="637039889" role=""/>
  <member type="way" ref="637039892" role=""/>
  <member type="way" ref="637039886" role=""/>
  <member type="way" ref="637039884" role=""/>
  <member type="way" ref="1301155382" role=""/>
  <member type="way" ref="1301155381" role=""/>
  <member type="way" ref="556839639" role=""/>
  <member type="way" ref="556839642" role=""/>
  <member type="way" ref="327401645" role=""/>
  <member type="way" ref="327401648" role=""/>
  <member type="way" ref="327401643" role=""/>
  <member type="way" ref="327401636" role=""/>
  <member type="way" ref="327361039" role=""/>
  <member type="way" ref="536078676" role=""/>
  <member type="way" ref="327401637" role=""/>
  <member type="way" ref="327401647" role=""/>
  <member type="way" ref="327401639" role=""/>
  <member type="way" ref="556839627" role=""/>
  <member type="way" ref="536078673" role=""/>
  <member type="way" ref="106486685" role=""/>
  <member type="way" ref="660143010" role=""/>
  <member type="way" ref="1222619876" role=""/>
  <member type="way" ref="535552602" role=""/>
  <member type="way" ref="1222614789" role=""/>
  <member type="way" ref="120492557" role=""/>
  <member type="way" ref="1222614784" role=""/>
  <member type="way" ref="884610640" role=""/>
  <member type="way" ref="1222619874" role=""/>
  <member type="way" ref="884610639" role=""/>
  <member type="way" ref="884610641" role=""/>
  <member type="way" ref="37408968" role=""/>
  <member type="way" ref="49332201" role=""/>
  <member type="way" ref="37408966" role=""/>
  <member type="way" ref="326332432" role=""/>
  <member type="way" ref="1442149979" role=""/>
  <member type="way" ref="1442145834" role=""/>
  <member type="way" ref="326332433" role=""/>
  <member type="way" ref="688530280" role=""/>
  <member type="way" ref="688530279" role=""/>
  <member type="way" ref="884610644" role=""/>
  <member type="way" ref="689566143" role=""/>
  <member type="way" ref="689566149" role=""/>
  <member type="way" ref="689566148" role=""/>
  <member type="way" ref="689566145" role=""/>
  <member type="way" ref="32945817" role=""/>
  <member type="way" ref="689295526" role=""/>
  <member type="way" ref="884610645" role=""/>
  <member type="way" ref="1025369446" role=""/>
  <member type="way" ref="1025369445" role=""/>
  <member type="way" ref="132614378" role=""/>
  <member type="way" ref="688296601" role=""/>
  <member type="way" ref="132614380" role=""/>
  <member type="way" ref="241588456" role=""/>
  <member type="way" ref="884610646" role=""/>
  <member type="way" ref="34847883" role=""/>
  <member type="way" ref="884610642" role=""/>
  <member type="way" ref="132616319" role=""/>
  <member type="way" ref="1286731881" role=""/>
  <member type="way" ref="1286731882" role=""/>
  <member type="way" ref="884610647" role=""/>
  <member type="way" ref="1286731874" role=""/>
  <member type="way" ref="1286731871" role=""/>
  <member type="way" ref="1025369472" role=""/>
  <member type="way" ref="1025369473" role=""/>
  <member type="way" ref="562292799" role=""/>
  <member type="way" ref="549748022" role=""/>
  <member type="way" ref="663494405" role=""/>
  <member type="way" ref="663494406" role=""/>
  <member type="way" ref="549748024" role=""/>
  <member type="way" ref="562292802" role=""/>
  <member type="way" ref="37408953" role=""/>
  <member type="way" ref="1107325831" role=""/>
  <member type="way" ref="1107325830" role=""/>
  <member type="way" ref="358794501" role=""/>
  <member type="way" ref="358794490" role=""/>
  <member type="way" ref="37408950" role=""/>
  <member type="way" ref="165714981" role=""/>
  <member type="way" ref="165714979" role=""/>
  <member type="way" ref="413899774" role=""/>
  <member type="way" ref="1078724421" role=""/>
  <member type="way" ref="977819651" role=""/>
  <member type="way" ref="165714987" role=""/>
  <member type="way" ref="165714985" role=""/>
  <member type="way" ref="165714988" role=""/>
  <member type="way" ref="165714982" role=""/>
  <member type="way" ref="165714993" role=""/>
  <member type="way" ref="199570499" role=""/>
  <member type="way" ref="165714991" role=""/>
  <member type="way" ref="776130183" role=""/>
  <member type="way" ref="165714984" role=""/>
  <member type="way" ref="165714992" role=""/>
  <member type="way" ref="776130184" role=""/>
  <member type="way" ref="199570496" role=""/>
  <member type="way" ref="199570497" role=""/>
  <member type="way" ref="492144705" role=""/>
  <member type="way" ref="492144704" role=""/>
  <member type="way" ref="1360826152" role=""/>
  <member type="way" ref="776130188" role=""/>
  <member type="way" ref="1389540027" role=""/>
  <member type="way" ref="1360826154" role=""/>
  <member type="way" ref="1126152146" role=""/>
  <member type="way" ref="199570500" role=""/>
  <member type="way" ref="199570491" role=""/>
  <member type="way" ref="1126152145" role=""/>
  <member type="way" ref="41291930" role=""/>
  <member type="way" ref="27840556" role=""/>
  <member type="way" ref="112557288" role=""/>
  <member type="way" ref="112557305" role=""/>
  <member type="way" ref="41291931" role=""/>
  <member type="way" ref="660630409" role=""/>
  <member type="way" ref="792904089" role=""/>
  <member type="way" ref="41291932" role=""/>
  <member type="way" ref="38417894" role=""/>
  <member type="way" ref="38417893" role=""/>
  <member type="way" ref="536078640" role=""/>
  <member type="way" ref="39515599" role=""/>
  <member type="way" ref="1388911772" role=""/>
  <member type="way" ref="1388911771" role=""/>
  <member type="way" ref="39515600" role=""/>
  <member type="way" ref="1233471149" role=""/>
  <member type="way" ref="1233471148" role=""/>
  <member type="way" ref="1125225890" role=""/>
  <member type="way" ref="1011245531" role=""/>
  <member type="way" ref="1011245532" role=""/>
  <member type="way" ref="772738791" role=""/>
  <member type="way" ref="358794498" role=""/>
  <member type="way" ref="358794607" role=""/>
  <member type="way" ref="358794503" role=""/>
  <member type="way" ref="358794506" role=""/>
  <member type="way" ref="165714986" role=""/>
  <member type="way" ref="165714983" role=""/>
  <member type="way" ref="530738526" role=""/>
  <member type="way" ref="884671860" role=""/>
  <member type="way" ref="884671859" role=""/>
  <member type="way" ref="884671865" role=""/>
  <member type="way" ref="530738528" role=""/>
  <member type="way" ref="166323600" role=""/>
  <member type="way" ref="38561514" role=""/>
  <member type="way" ref="166323602" role=""/>
  <member type="way" ref="38561513" role=""/>
  <member type="way" ref="38561512" role=""/>
  <member type="way" ref="166323609" role=""/>
  <member type="way" ref="530738525" role=""/>
  <member type="way" ref="530738529" role=""/>
  <member type="way" ref="166323610" role=""/>
  <member type="way" ref="166323606" role=""/>
  <member type="way" ref="166323605" role=""/>
  <member type="way" ref="166323607" role=""/>
  <member type="way" ref="166323597" role=""/>
  <member type="way" ref="166323596" role=""/>
  <member type="way" ref="166323611" role=""/>
  <member type="way" ref="166323595" role=""/>
  <member type="way" ref="816060432" role=""/>
  <member type="way" ref="28570642" role=""/>
  <member type="way" ref="37408951" role=""/>
  <member type="way" ref="37408945" role=""/>
  <member type="way" ref="166323601" role=""/>
  <member type="way" ref="166323604" role=""/>
  <member type="way" ref="166323608" role=""/>
  <member type="way" ref="166323603" role=""/>
  <member type="way" ref="36812913" role=""/>
  <member type="way" ref="683244085" role=""/>
  <member type="way" ref="58780709" role=""/>
  <member type="way" ref="58780704" role=""/>
  <member type="way" ref="37864159" role=""/>
  <member type="way" ref="683244086" role=""/>
  <member type="way" ref="58780707" role=""/>
  <member type="way" ref="511607538" role=""/>
  <member type="way" ref="605284345" role=""/>
  <member type="way" ref="511607541" role=""/>
  <member type="way" ref="511607546" role=""/>
  <member type="way" ref="511607543" role=""/>
  <member type="way" ref="605284346" role=""/>
  <member type="way" ref="605284353" role=""/>
  <member type="way" ref="511607544" role=""/>
  <member type="way" ref="511607545" role=""/>
  <member type="way" ref="511607542" role=""/>
  <member type="way" ref="1228195983" role=""/>
  <member type="way" ref="1228195982" role=""/>
  <member type="way" ref="602879609" role=""/>
  <member type="way" ref="318927820" role=""/>
  <member type="way" ref="735118581" role=""/>
  <member type="way" ref="318927818" role=""/>
  <member type="way" ref="735118583" role=""/>
  <member type="way" ref="735118584" role=""/>
  <member type="way" ref="658343592" role=""/>
  <member type="way" ref="43366371" role=""/>
  <member type="way" ref="37406837" role=""/>
  <member type="way" ref="735118587" role=""/>
  <member type="way" ref="735146544" role=""/>
  <member type="way" ref="735146545" role=""/>
  <member type="way" ref="735146548" role=""/>
  <member type="way" ref="735146547" role=""/>
  <member type="way" ref="466037588" role=""/>
  <member type="way" ref="735118586" role=""/>
  <member type="way" ref="735146543" role=""/>
  <member type="way" ref="537936536" role=""/>
  <member type="way" ref="735236360" role=""/>
  <member type="way" ref="884820098" role=""/>
  <member type="way" ref="884820099" role=""/>
  <member type="way" ref="884820100" role=""/>
  <member type="way" ref="735146571" role=""/>
  <member type="way" ref="1393173575" role=""/>
  <member type="way" ref="1393173574" role=""/>
  <member type="way" ref="884820103" role=""/>
  <member type="way" ref="884820104" role=""/>
  <member type="way" ref="884820105" role=""/>
  <member type="way" ref="884820106" role=""/>
  <member type="way" ref="884820107" role=""/>
  <member type="way" ref="735146538" role=""/>
  <member type="way" ref="884820108" role=""/>
  <member type="way" ref="884820109" role=""/>
  <member type="way" ref="865204320" role=""/>
  <member type="way" ref="787906748" role=""/>
  <member type="way" ref="466037609" role=""/>
  <member type="way" ref="466037606" role=""/>
  <member type="way" ref="466037604" role=""/>
  <member type="way" ref="466037602" role=""/>
  <member type="way" ref="466037600" role=""/>
  <member type="way" ref="466037598" role=""/>
  <member type="way" ref="1393173576" role=""/>
  <member type="way" ref="1393173577" role=""/>
  <member type="way" ref="466037596" role=""/>
  <member type="way" ref="466037594" role=""/>
  <member type="way" ref="466037593" role=""/>
  <member type="way" ref="36699538" role=""/>
  <member type="way" ref="51806927" role=""/>
  <member type="way" ref="884820113" role=""/>
  <member type="way" ref="884820112" role=""/>
  <member type="way" ref="884820111" role=""/>
  <member type="way" ref="884820117" role=""/>
  <member type="way" ref="884820118" role=""/>
  <member type="way" ref="1137759523" role=""/>
  <member type="way" ref="587016467" role=""/>
  <member type="way" ref="587016468" role=""/>
  <member type="way" ref="51807018" role=""/>
  <member type="way" ref="51807013" role=""/>
  <member type="way" ref="787906757" role=""/>
  <member type="way" ref="884975505" role=""/>
  <member type="way" ref="787906753" role=""/>
  <member type="way" ref="1298248577" role=""/>
  <member type="way" ref="1298248576" role=""/>
  <member type="way" ref="1301715640" role=""/>
  <member type="way" ref="1193375183" role=""/>
  <member type="way" ref="787906756" role=""/>
  <member type="way" ref="787906755" role=""/>
  <member type="way" ref="787906754" role=""/>
  <member type="way" ref="1013045240" role=""/>
  <member type="way" ref="965280003" role=""/>
  <member type="way" ref="37408927" role=""/>
  <member type="way" ref="1301661429" role=""/>
  <member type="way" ref="928259005" role=""/>
  <member type="way" ref="1301661414" role=""/>
  <member type="way" ref="1301661415" role=""/>
  <member type="way" ref="1301661418" role=""/>
  <member type="way" ref="1301661424" role=""/>
  <member type="way" ref="1301661425" role=""/>
  <member type="way" ref="1301661426" role=""/>
  <member type="way" ref="1301982288" role=""/>
  <member type="way" ref="1301982289" role=""/>
  <member type="way" ref="1012666002" role=""/>
  <member type="way" ref="1452499877" role=""/>
  <member type="way" ref="1452499878" role=""/>
  <member type="way" ref="1453452509" role=""/>
  <member type="way" ref="1453452510" role=""/>
  <member type="way" ref="474136590" role=""/>
  <member type="way" ref="1361463784" role=""/>
  <member type="way" ref="1452856904" role=""/>
  <member type="way" ref="1452856905" role=""/>
  <member type="way" ref="489530665" role=""/>
  <member type="way" ref="1376663828" role=""/>
  <member type="way" ref="1376663826" role=""/>
  <member type="way" ref="496462794" role=""/>
  <member type="way" ref="884975533" role=""/>
  <member type="way" ref="1117951308" role=""/>
  <member type="way" ref="1117951309" role=""/>
  <member type="way" ref="1117951310" role=""/>
  <member type="way" ref="1117951311" role=""/>
  <member type="way" ref="1117951312" role=""/>
  <member type="way" ref="1117951313" role=""/>
  <member type="way" ref="37408993" role=""/>
  <member type="way" ref="1319720412" role=""/>
  <member type="way" ref="1319720413" role=""/>
  <member type="way" ref="37406564" role=""/>
  <member type="way" ref="55336068" role=""/>
  <member type="way" ref="1336992400" role=""/>
  <member type="way" ref="1336992399" role=""/>
  <member type="way" ref="954897998" role=""/>
  <member type="way" ref="954897997" role=""/>
  <member type="way" ref="1378019715" role=""/>
  <member type="way" ref="1378019711" role=""/>
  <member type="way" ref="51808252" role=""/>
  <member type="way" ref="51808254" role=""/>
  <member type="way" ref="37406753" role=""/>
  <member type="way" ref="51810297" role=""/>
  <member type="way" ref="1301715657" role=""/>
  <member type="way" ref="418292775" role=""/>
  <member type="way" ref="418292779" role=""/>
  <member type="way" ref="1015703974" role=""/>
  <member type="way" ref="1351695731" role=""/>
  <member type="way" ref="418282577" role=""/>
  <member type="way" ref="930194395" role=""/>
  <member type="way" ref="418282629" role=""/>
  <member type="way" ref="418282599" role=""/>
  <member type="way" ref="418282588" role=""/>
  <member type="way" ref="899155340" role=""/>
  <member type="way" ref="418282608" role=""/>
  <member type="way" ref="418282637" role=""/>
  <member type="way" ref="418282611" role=""/>
  <member type="way" ref="418282602" role=""/>
  <member type="way" ref="418282625" role=""/>
  <member type="way" ref="899155342" role=""/>
  <member type="way" ref="418282621" role=""/>
  <member type="way" ref="418282601" role=""/>
  <member type="way" ref="418282630" role=""/>
  <member type="way" ref="418282634" role=""/>
  <member type="way" ref="418282618" role=""/>
  <member type="way" ref="418282624" role=""/>
  <member type="way" ref="899155341" role=""/>
  <member type="way" ref="418282622" role=""/>
  <member type="way" ref="418282615" role=""/>
  <member type="way" ref="418282613" role=""/>
  <member type="way" ref="418282638" role=""/>
  <member type="way" ref="418282609" role=""/>
  <member type="way" ref="899155339" role=""/>
  <member type="way" ref="418282590" role=""/>
  <member type="way" ref="418282617" role=""/>
  <member type="way" ref="418282628" role=""/>
  <member type="way" ref="549576997" role=""/>
  <member type="way" ref="1351695732" role=""/>
  <member type="way" ref="418282578" role=""/>
  <member type="way" ref="418292777" role=""/>
  <member type="way" ref="898281701" role=""/>
  <member type="way" ref="1013424774" role=""/>
  <member type="way" ref="1013045241" role=""/>
  <member type="way" ref="1376663820" role=""/>
  <member type="way" ref="1376663821" role=""/>
  <member type="way" ref="1376663827" role=""/>
  <member type="way" ref="963597890" role=""/>
  <member type="way" ref="1301407209" role=""/>
  <member type="way" ref="963597891" role=""/>
  <member type="way" ref="1301407206" role=""/>
  <member type="way" ref="1301407210" role=""/>
  <member type="way" ref="474136614" role=""/>
  <member type="way" ref="474136615" role=""/>
  <member type="way" ref="474136616" role=""/>
  <member type="way" ref="928259006" role=""/>
  <member type="way" ref="1301661428" role=""/>
  <member type="way" ref="989270728" role=""/>
  <member type="way" ref="898261969" role=""/>
  <member type="way" ref="55338313" role=""/>
  <member type="way" ref="963696970" role=""/>
  <member type="way" ref="647210927" role=""/>
  <member type="way" ref="963696969" role=""/>
  <member type="way" ref="1016808100" role=""/>
  <member type="way" ref="963696972" role=""/>
  <member type="way" ref="963696971" role=""/>
  <member type="way" ref="1298036273" role=""/>
  <member type="way" ref="1052676928" role=""/>
  <member type="way" ref="55338312" role=""/>
  <member type="way" ref="55338311" role=""/>
  <member type="way" ref="66828826" role=""/>
  <member type="way" ref="66828800" role=""/>
  <member type="way" ref="32689536" role=""/>
  <member type="way" ref="1337858681" role=""/>
  <member type="way" ref="1337858680" role=""/>
  <member type="way" ref="1052676930" role=""/>
  <member type="way" ref="1052676929" role=""/>
  <member type="way" ref="1097289654" role=""/>
  <member type="way" ref="1240348325" role=""/>
  <member type="way" ref="1240348326" role=""/>
  <member type="way" ref="939692169" role=""/>
  <member type="way" ref="939692170" role=""/>
  <member type="way" ref="939692163" role=""/>
  <member type="way" ref="939692164" role=""/>
  <member type="way" ref="939692161" role=""/>
  <member type="way" ref="939692162" role=""/>
  <member type="way" ref="939692158" role=""/>
  <member type="way" ref="939692159" role=""/>
  <member type="way" ref="939692156" role=""/>
  <member type="way" ref="939692160" role=""/>
  <member type="way" ref="939692157" role=""/>
  <member type="way" ref="1374411837" role=""/>
  <member type="way" ref="939682658" role=""/>
  <member type="way" ref="1072863717" role=""/>
  <member type="way" ref="1072863716" role=""/>
  <member type="way" ref="939682659" role=""/>
  <member type="way" ref="1097289659" role=""/>
  <member type="way" ref="1074988963" role=""/>
  <member type="way" ref="1074988965" role=""/>
  <member type="way" ref="939682657" role=""/>
  <member type="way" ref="1097289657" role=""/>
  <member type="way" ref="1097289658" role=""/>
  <member type="way" ref="32689570" role=""/>
  <member type="way" ref="1072863718" role=""/>
  <member type="way" ref="1072863719" role=""/>
  <member type="way" ref="925791790" role=""/>
  <member type="way" ref="1374411838" role=""/>
  <member type="way" ref="32689501" role=""/>
  <member type="way" ref="32689499" role=""/>
  <member type="way" ref="769670278" role=""/>
  <member type="way" ref="32689495" role=""/>
  <member type="way" ref="32689496" role=""/>
  <member type="way" ref="32689497" role=""/>
  <member type="way" ref="32689498" role=""/>
  <member type="way" ref="32689489" role=""/>
  <member type="way" ref="939692171" role=""/>
  <member type="way" ref="939692172" role=""/>
  <member type="way" ref="32689490" role=""/>
  <member type="way" ref="1240348327" role=""/>
  <member type="way" ref="1240348328" role=""/>
  <member type="way" ref="875375604" role=""/>
  <member type="way" ref="1097289653" role=""/>
  <member type="way" ref="1251530618" role=""/>
  <member type="way" ref="37408974" role=""/>
  <member type="way" ref="1097289660" role=""/>
  <member type="way" ref="1374410456" role=""/>
  <member type="way" ref="1374410457" role=""/>
  <member type="way" ref="784414174" role=""/>
  <member type="way" ref="839994983" role=""/>
  <member type="way" ref="839994985" role=""/>
  <member type="way" ref="839994988" role=""/>
  <member type="way" ref="839991940" role=""/>
  <member type="way" ref="1191570098" role=""/>
  <member type="way" ref="672284156" role=""/>
  <member type="way" ref="1422937652" role=""/>
  <member type="way" ref="1422937653" role=""/>
  <member type="way" ref="839991924" role=""/>
  <member type="way" ref="839991926" role=""/>
  <member type="way" ref="1097289669" role=""/>
  <member type="way" ref="1097289667" role=""/>
  <member type="way" ref="839984552" role=""/>
  <member type="way" ref="839984551" role=""/>
  <member type="way" ref="839984556" role=""/>
  <member type="way" ref="839984553" role=""/>
  <member type="way" ref="957153969" role=""/>
  <member type="way" ref="957153968" role=""/>
  <member type="way" ref="281244841" role=""/>
  <member type="way" ref="985064970" role=""/>
  <member type="way" ref="1413808956" role=""/>
  <member type="way" ref="985064969" role=""/>
  <member type="way" ref="1097289673" role=""/>
  <member type="way" ref="1332176107" role=""/>
  <member type="way" ref="671483996" role=""/>
  <member type="way" ref="671483997" role=""/>
  <member type="way" ref="671483990" role=""/>
  <member type="way" ref="671483988" role=""/>
  <member type="way" ref="671483989" role=""/>
  <member type="way" ref="671483985" role=""/>
  <member type="way" ref="1332176106" role=""/>
  <member type="way" ref="671483987" role=""/>
  <member type="way" ref="671483986" role=""/>
  <member type="way" ref="1314360013" role=""/>
  <member type="way" ref="1314360015" role=""/>
  <member type="way" ref="1314360016" role=""/>
  <member type="way" ref="671483976" role=""/>
  <member type="way" ref="671483975" role=""/>
  <member type="way" ref="37408930" role=""/>
  <member type="way" ref="1332095331" role=""/>
  <member type="way" ref="1177161588" role=""/>
  <member type="way" ref="1181289125" role=""/>
  <member type="way" ref="1448609856" role=""/>
  <member type="way" ref="1330375468" role=""/>
  <member type="way" ref="531945767" role=""/>
  <member type="way" ref="1177161589" role=""/>
  <member type="way" ref="1097289676" role=""/>
  <member type="way" ref="55695934" role=""/>
  <member type="way" ref="1097289678" role=""/>
  <member type="way" ref="1097289677" role=""/>
  <member type="way" ref="1097289679" role=""/>
  <member type="way" ref="670381999" role=""/>
  <member type="way" ref="588784441" role=""/>
  <member type="way" ref="588784442" role=""/>
  <member type="way" ref="469692041" role=""/>
  <member type="way" ref="469692039" role=""/>
  <member type="way" ref="588784425" role=""/>
  <member type="way" ref="588784428" role=""/>
  <member type="way" ref="588784438" role=""/>
  <member type="way" ref="588784436" role=""/>
  <member type="way" ref="588784437" role=""/>
  <member type="way" ref="588784439" role=""/>
  <member type="way" ref="1331965634" role=""/>
  <member type="way" ref="1330115770" role=""/>
  <member type="way" ref="991860668" role=""/>
  <member type="way" ref="991860669" role=""/>
  <member type="way" ref="991860670" role=""/>
  <member type="way" ref="1330115971" role=""/>
  <member type="way" ref="1330115972" role=""/>
  <member type="way" ref="1318028349" role=""/>
  <member type="way" ref="1318028348" role=""/>
  <member type="way" ref="991860671" role=""/>
  <member type="way" ref="1330115973" role=""/>
  <member type="way" ref="37408883" role=""/>
  <member type="way" ref="1097299214" role=""/>
  <member type="way" ref="1097299213" role=""/>
  <member type="way" ref="670264140" role=""/>
  <member type="way" ref="202943884" role=""/>
  <member type="way" ref="202943883" role=""/>
  <member type="way" ref="670264139" role=""/>
  <member type="way" ref="577291027" role=""/>
  <member type="way" ref="1315086469" role=""/>
  <member type="way" ref="577291028" role=""/>
  <member type="way" ref="662606712" role=""/>
  <member type="way" ref="662606711" role=""/>
  <member type="way" ref="662606710" role=""/>
  <member type="way" ref="662807986" role=""/>
  <member type="way" ref="655782016" role=""/>
  <member type="way" ref="202944067" role=""/>
  <member type="way" ref="1222652409" role=""/>
  <member type="way" ref="1315674285" role=""/>
  <member type="way" ref="1315674287" role=""/>
  <member type="way" ref="574318631" role=""/>
  <member type="way" ref="1315674284" role=""/>
  <member type="way" ref="574318632" role=""/>
  <member type="way" ref="1315674281" role=""/>
  <member type="way" ref="574295077" role=""/>
  <member type="way" ref="1315671722" role=""/>
  <member type="way" ref="1315671721" role=""/>
  <member type="way" ref="574295078" role=""/>
  <member type="way" ref="1315671718" role=""/>
  <member type="way" ref="1220633092" role=""/>
  <member type="way" ref="202944063" role=""/>
  <member type="way" ref="1315689668" role=""/>
  <member type="way" ref="1315680117" role=""/>
  <member type="way" ref="202944066" role=""/>
  <member type="way" ref="202944065" role=""/>
  <member type="way" ref="202944062" role=""/>
  <member type="way" ref="202944064" role=""/>
  <member type="way" ref="1315680121" role=""/>
  <member type="way" ref="1315685411" role=""/>
  <member type="way" ref="828216890" role=""/>
  <member type="way" ref="828216889" role=""/>
  <member type="way" ref="828216891" role=""/>
  <member type="way" ref="999860416" role=""/>
  <member type="way" ref="828216892" role=""/>
  <member type="way" ref="37408873" role=""/>
  <member type="way" ref="1445399627" role=""/>
  <member type="way" ref="1431495712" role=""/>
  <member type="way" ref="67147284" role=""/>
  <member type="way" ref="67147307" role=""/>
  <member type="way" ref="828216875" role=""/>
  <member type="way" ref="828216876" role=""/>
  <member type="way" ref="1333211332" role=""/>
  <member type="way" ref="1337356393" role=""/>
  <member type="way" ref="86124697" role=""/>
  <member type="way" ref="1097299220" role=""/>
  <member type="way" ref="1097299222" role=""/>
  <member type="way" ref="1000658359" role=""/>
  <member type="way" ref="1000658358" role=""/>
  <member type="way" ref="1431504097" role=""/>
  <member type="way" ref="1220633095" role=""/>
  <member type="way" ref="1000658364" role=""/>
  <member type="way" ref="1000658365" role=""/>
  <member type="way" ref="1097299221" role=""/>
  <member type="way" ref="961490499" role=""/>
  <member type="way" ref="961490500" role=""/>
  <member type="way" ref="1097299224" role=""/>
  <member type="way" ref="177788556" role=""/>
  <member type="way" ref="1453090587" role=""/>
  <member type="way" ref="177788594" role=""/>
  <member type="way" ref="177788577" role=""/>
  <member type="way" ref="133901447" role=""/>
  <member type="way" ref="177788582" role=""/>
  <member type="way" ref="177788555" role=""/>
  <member type="way" ref="177788545" role=""/>
  <member type="way" ref="177788543" role=""/>
  <member type="way" ref="177788578" role=""/>
  <member type="way" ref="177788565" role=""/>
  <member type="way" ref="177788568" role=""/>
  <member type="way" ref="177788579" role=""/>
  <member type="way" ref="177788570" role=""/>
  <member type="way" ref="177788580" role=""/>
  <member type="way" ref="177788547" role=""/>
  <member type="way" ref="177788559" role=""/>
  <member type="way" ref="177788585" role=""/>
  <member type="way" ref="177788563" role=""/>
  <member type="way" ref="177788551" role=""/>
  <member type="way" ref="177788549" role=""/>
  <member type="way" ref="177788548" role=""/>
  <member type="way" ref="177788560" role=""/>
  <member type="way" ref="177788591" role=""/>
  <member type="way" ref="177788569" role=""/>
  <member type="way" ref="556087799" role=""/>
  <member type="way" ref="556087800" role=""/>
  <member type="way" ref="133901449" role=""/>
  <member type="way" ref="133901448" role=""/>
  <member type="way" ref="1165014287" role=""/>
  <member type="way" ref="1171255986" role=""/>
  <member type="way" ref="1334229161" role=""/>
  <member type="way" ref="1431683202" role=""/>
  <member type="way" ref="37408970" role=""/>
  <member type="way" ref="1452612551" role=""/>
  <member type="way" ref="1352322522" role=""/>
  <member type="way" ref="1445399630" role=""/>
  <member type="way" ref="1352322521" role=""/>
  <member type="way" ref="67147285" role=""/>
  <member type="way" ref="177788562" role=""/>
  <member type="way" ref="1334229162" role=""/>
  <member type="way" ref="1334626933" role=""/>
  <member type="way" ref="1167349092" role=""/>
  <member type="way" ref="1167349091" role=""/>
  <member type="way" ref="1167349087" role=""/>
  <member type="way" ref="1167349090" role=""/>
  <member type="way" ref="177788553" role=""/>
  <member type="way" ref="177788552" role=""/>
  <member type="way" ref="1167972015" role=""/>
  <member type="way" ref="1167972016" role=""/>
  <member type="way" ref="1453087270" role=""/>
  <member type="way" ref="177788542" role=""/>
  <member type="way" ref="1097301988" role=""/>
  <member type="way" ref="1097301986" role=""/>
  <member type="way" ref="1097301983" role=""/>
  <member type="way" ref="1467849769" role=""/>
  <member type="way" ref="1467849768" role=""/>
  <member type="way" ref="1097301984" role=""/>
  <member type="way" ref="1097301981" role=""/>
  <member type="way" ref="1097301982" role=""/>
  <member type="way" ref="1097301979" role=""/>
  <member type="way" ref="1097301980" role=""/>
  <member type="way" ref="1097301977" role=""/>
  <member type="way" ref="1097301978" role=""/>
  <member type="way" ref="1097301975" role=""/>
  <member type="way" ref="1097301976" role=""/>
  <member type="way" ref="1097301973" role=""/>
  <member type="way" ref="1097301974" role=""/>
  <member type="way" ref="1097299245" role=""/>
  <member type="way" ref="1097299246" role=""/>
  <member type="way" ref="1097299243" role=""/>
  <member type="way" ref="1097299244" role=""/>
  <member type="way" ref="1097299239" role=""/>
  <member type="way" ref="1097299240" role=""/>
  <member type="way" ref="1097299233" role=""/>
  <member type="way" ref="1097299238" role=""/>
  <member type="way" ref="1097299237" role=""/>
  <member type="way" ref="1097299234" role=""/>
  <member type="way" ref="1097299229" role=""/>
  <member type="way" ref="1097299236" role=""/>
  <member type="way" ref="1097299235" role=""/>
  <member type="way" ref="1097299230" role=""/>
  <member type="way" ref="1097299227" role=""/>
  <member type="way" ref="1097299228" role=""/>
  <member type="way" ref="1097299226" role=""/>
  <member type="way" ref="177788572" role=""/>
  <member type="way" ref="1097299225" role=""/>
  <member type="way" ref="961490505" role=""/>
  <member type="way" ref="961490504" role=""/>
  <member type="way" ref="441635142" role=""/>
  <member type="way" ref="177788575" role=""/>
  <member type="way" ref="177788571" role=""/>
  <member type="way" ref="556087791" role=""/>
  <member type="way" ref="1467849771" role=""/>
  <member type="way" ref="1467849770" role=""/>
  <member type="way" ref="556087790" role=""/>
  <member type="way" ref="556087785" role=""/>
  <member type="way" ref="51806909" role=""/>
  <member type="way" ref="1137759524" role=""/>
  <member type="way" ref="1222619875" role=""/>
  <member type="way" ref="35309842" role=""/>
  <member type="way" ref="1222619872" role=""/>
  <member type="way" ref="1301715641" role=""/>
  <member type="way" ref="1301715643" role=""/>
  <member type="way" ref="1301715645" role=""/>
  <member type="way" ref="36704774" role=""/>
  <member type="way" ref="51810313" role=""/>
  <member type="way" ref="1301715639" role=""/>
  <member type="way" ref="1314109255" role=""/>
  <member type="way" ref="1301715658" role=""/>
  <member type="way" ref="1301715644" role=""/>
  <member type="way" ref="1314109256" role=""/>
  <member type="way" ref="1165340772" role=""/>
  <member type="way" ref="1377803510" role=""/>
  <member type="way" ref="1378019712" role=""/>
  <member type="way" ref="1378019716" role=""/>
  <member type="way" ref="1332093317" role=""/>
  <member type="way" ref="1448609857" role=""/>
  <member type="way" ref="1448609858" role=""/>
  <tag k="name" v="대한민국 국가지원지방도 제68호선"/>
  <tag k="name:en" v="Local Road 68 (South Korea)"/>
  <tag k="name:ko" v="대한민국 국가지원지방도 제68호선"/>
  <tag k="network" v="KR:local"/>
  <tag k="ref" v="68"/>
  <tag k="route" v="road"/>
  <tag k="type" v="route"/>
 </relation>
 <relation id="10985160" visible="true" version="18" changeset="180776335" timestamp="2026-04-02T16:16:26Z" user="ljc_jlyb" uid="14280033">
  <member type="relation" ref="19469182" role=""/>
  <member type="relation" ref="13184034" role=""/>
  <member type="relation" ref="13186159" role=""/>
  <member type="relation" ref="14615982" role=""/>
  <member type="relation" ref="13186200" role=""/>
  <member type="relation" ref="8372579" role=""/>
  <member type="relation" ref="9043750" role=""/>
  <member type="relation" ref="13186449" role=""/>
  <member type="relation" ref="8253845" role=""/>
  <member type="relation" ref="13186461" role=""/>
  <member type="relation" ref="10759594" role=""/>
  <member type="relation" ref="11018556" role=""/>
  <member type="relation" ref="13186479" role=""/>
  <member type="relation" ref="13186484" role=""/>
  <member type="relation" ref="10727745" role=""/>
  <member type="relation" ref="13186499" role=""/>
  <member type="relation" ref="6729351" role=""/>
  <member type="relation" ref="13186525" role=""/>
  <member type="relation" ref="10749593" role=""/>
  <member type="relation" ref="12002745" role=""/>
  <member type="relation" ref="10714314" role=""/>
  <member type="relation" ref="10977392" role=""/>
  <member type="relation" ref="13186604" role=""/>
  <member type="relation" ref="10717787" role=""/>
  <member type="relation" ref="10985159" role=""/>
  <member type="relation" ref="11033440" role=""/>
  <member type="relation" ref="11023449" role=""/>
  <member type="relation" ref="11974599" role=""/>
  <member type="relation" ref="7883995" role=""/>
  <member type="relation" ref="13184002" role=""/>
  <member type="relation" ref="10963535" role=""/>
  <member type="relation" ref="8847398" role=""/>
  <member type="relation" ref="19469224" role=""/>
  <member type="relation" ref="19469253" role=""/>
  <tag k="name" v="대한민국 국가지원지방도"/>
  <tag k="name:en" v="Local Roads (State funded) of South Korea"/>
  <tag k="name:ko" v="대한민국 국가지원지방도"/>
  <tag k="name:ko-Hani" v="大韓民國 國家支援地方道"/>
  <tag k="name:zh" v="大韓民國國家支援地方道"/>
  <tag k="name:zh-Hans" v="大韩民国国家支援地方道"/>
  <tag k="name:zh-Hant" v="大韓民國國家支援地方道"/>
  <tag k="type" v="network"/>
 </relation>
 <relation id="11075791" visible="true" version="4" changeset="177857775" timestamp="2026-01-29T17:08:27Z" user="aaei924" uid="10626814">
  <member type="relation" ref="11075790" role=""/>
  <member type="relation" ref="20136502" role=""/>
  <member type="relation" ref="20136501" role=""/>
  <member type="relation" ref="15762109" role=""/>
  <member type="relation" ref="20136500" role=""/>
  <member type="relation" ref="20136499" role=""/>
  <member type="relation" ref="20136498" role=""/>
  <member type="relation" ref="7186036" role=""/>
  <member type="relation" ref="20136497" role=""/>
  <member type="relation" ref="20136496" role=""/>
  <member type="relation" ref="20136495" role=""/>
  <member type="relation" ref="20136494" role=""/>
  <member type="relation" ref="20136493" role=""/>
  <member type="relation" ref="20136492" role=""/>
  <member type="relation" ref="20136491" role=""/>
  <member type="relation" ref="20136490" role=""/>
  <member type="relation" ref="20136489" role=""/>
  <member type="relation" ref="20136488" role=""/>
  <member type="relation" ref="20136487" role=""/>
  <member type="relation" ref="20136486" role=""/>
  <member type="relation" ref="20136485" role=""/>
  <member type="relation" ref="20136484" role=""/>
  <member type="relation" ref="20136483" role=""/>
  <member type="relation" ref="20136482" role=""/>
  <member type="relation" ref="20136481" role=""/>
  <member type="relation" ref="20136480" role=""/>
  <member type="relation" ref="20136479" role=""/>
  <member type="relation" ref="20136478" role=""/>
  <member type="relation" ref="20150087" role=""/>
  <member type="relation" ref="20136477" role=""/>
  <member type="relation" ref="20136475" role=""/>
  <member type="relation" ref="20136476" role=""/>
  <tag k="name" v="대한민국 지방도 (경상북도)"/>
  <tag k="name:en" v="Local Roads of Gyeongsangbuk-do, South Korea"/>
  <tag k="name:ko" v="대한민국 지방도 (경상북도)"/>
  <tag k="network" v="KR:local"/>
  <tag k="type" v="network"/>
 </relation>
 <relation id="15762109" visible="true" version="57" changeset="181795375" timestamp="2026-04-25T08:08:43Z" user="Min_T" uid="8386494">
  <member type="way" ref="253446857" role=""/>
  <member type="way" ref="253446878" role=""/>
  <member type="way" ref="253446893" role=""/>
  <member type="way" ref="1165014296" role=""/>
  <member type="way" ref="1165014295" role=""/>
  <member type="way" ref="253446886" role=""/>
  <member type="way" ref="791258678" role=""/>
  <member type="way" ref="1339046225" role=""/>
  <member type="way" ref="1339046223" role=""/>
  <member type="way" ref="1339046222" role=""/>
  <member type="way" ref="1339147294" role=""/>
  <member type="way" ref="791258679" role=""/>
  <member type="way" ref="483994622" role=""/>
  <member type="way" ref="1354144717" role=""/>
  <member type="way" ref="1198651985" role=""/>
  <member type="way" ref="1354144719" role=""/>
  <member type="way" ref="1354144723" role=""/>
  <member type="way" ref="1339046219" role=""/>
  <member type="way" ref="1354144726" role=""/>
  <member type="way" ref="1198651983" role=""/>
  <member type="way" ref="1165014303" role=""/>
  <member type="way" ref="1198651980" role=""/>
  <member type="way" ref="1165014302" role=""/>
  <member type="way" ref="483994634" role=""/>
  <member type="way" ref="1431178885" role=""/>
  <member type="way" ref="177788567" role=""/>
  <member type="way" ref="177788573" role=""/>
  <member type="way" ref="1097301989" role=""/>
  <member type="way" ref="1453087270" role=""/>
  <member type="way" ref="1167972016" role=""/>
  <member type="way" ref="1167972015" role=""/>
  <member type="way" ref="177788552" role=""/>
  <member type="way" ref="177788553" role=""/>
  <member type="way" ref="1167349090" role=""/>
  <member type="way" ref="1167349087" role=""/>
  <member type="way" ref="1167349091" role=""/>
  <member type="way" ref="1167349092" role=""/>
  <member type="way" ref="1334626933" role=""/>
  <member type="way" ref="1334229162" role=""/>
  <member type="way" ref="177788562" role=""/>
  <member type="way" ref="67147285" role=""/>
  <member type="way" ref="1352322521" role=""/>
  <member type="way" ref="1445399630" role=""/>
  <member type="way" ref="1352322522" role=""/>
  <member type="way" ref="1452612551" role=""/>
  <member type="way" ref="37408970" role=""/>
  <member type="way" ref="1431683202" role=""/>
  <member type="way" ref="1334229161" role=""/>
  <member type="way" ref="1171255986" role=""/>
  <member type="way" ref="1165014287" role=""/>
  <member type="way" ref="1163498915" role=""/>
  <member type="way" ref="1165014310" role=""/>
  <member type="way" ref="1165014307" role=""/>
  <member type="way" ref="1436677994" role=""/>
  <member type="way" ref="42409266" role=""/>
  <member type="way" ref="1165014319" role=""/>
  <member type="way" ref="1167971997" role=""/>
  <member type="way" ref="1167971998" role=""/>
  <member type="way" ref="1434036019" role=""/>
  <member type="way" ref="202234978" role=""/>
  <member type="way" ref="1328473923" role=""/>
  <member type="way" ref="1164294705" role=""/>
  <member type="way" ref="1328483207" role=""/>
  <member type="way" ref="1164294658" role=""/>
  <member type="way" ref="1164294652" role=""/>
  <member type="way" ref="1435074285" role=""/>
  <member type="way" ref="1435074284" role=""/>
  <member type="way" ref="1164294713" role=""/>
  <member type="way" ref="1164294714" role=""/>
  <member type="way" ref="1308525817" role=""/>
  <member type="way" ref="1164294716" role=""/>
  <member type="way" ref="1165014322" role=""/>
  <member type="way" ref="1164294701" role=""/>
  <member type="way" ref="1165014320" role=""/>
  <member type="way" ref="1165014321" role=""/>
  <member type="way" ref="1164294659" role=""/>
  <member type="way" ref="1167971996" role=""/>
  <member type="way" ref="1167971995" role=""/>
  <member type="way" ref="1165014304" role=""/>
  <member type="way" ref="1435307990" role=""/>
  <member type="way" ref="1165014305" role=""/>
  <member type="way" ref="1165014308" role=""/>
  <member type="way" ref="1164294715" role=""/>
  <member type="way" ref="202234980" role=""/>
  <member type="way" ref="1164294700" role=""/>
  <member type="way" ref="1164614096" role=""/>
  <member type="way" ref="1435074287" role=""/>
  <member type="way" ref="1332577947" role=""/>
  <member type="way" ref="1330086604" role=""/>
  <member type="way" ref="202234982" role=""/>
  <member type="way" ref="1308525818" role=""/>
  <member type="way" ref="1164614195" role=""/>
  <member type="way" ref="202234977" role=""/>
  <member type="way" ref="1446265314" role=""/>
  <member type="way" ref="773774681" role=""/>
  <member type="way" ref="1167498404" role=""/>
  <member type="way" ref="1353619774" role=""/>
  <member type="way" ref="153288458" role=""/>
  <member type="way" ref="1447112638" role=""/>
  <member type="way" ref="1446505280" role=""/>
  <member type="way" ref="1165014327" role=""/>
  <member type="way" ref="1165014328" role=""/>
  <member type="way" ref="1388128037" role=""/>
  <member type="way" ref="1330847778" role=""/>
  <member type="way" ref="604578090" role=""/>
  <member type="way" ref="1435101777" role=""/>
  <member type="way" ref="604578086" role=""/>
  <member type="way" ref="604551812" role=""/>
  <member type="way" ref="604551813" role=""/>
  <member type="way" ref="1435081458" role=""/>
  <member type="way" ref="710474972" role=""/>
  <member type="way" ref="1435111502" role=""/>
  <member type="way" ref="710474973" role=""/>
  <member type="way" ref="1435111503" role=""/>
  <member type="way" ref="178252181" role=""/>
  <member type="way" ref="1435111505" role=""/>
  <member type="way" ref="178252183" role=""/>
  <member type="way" ref="178252176" role=""/>
  <member type="way" ref="1453319290" role=""/>
  <member type="way" ref="178252177" role=""/>
  <member type="way" ref="215598307" role=""/>
  <member type="way" ref="710474974" role=""/>
  <member type="way" ref="710474975" role=""/>
  <member type="way" ref="1449385932" role=""/>
  <member type="way" ref="550288230" role=""/>
  <member type="way" ref="550288232" role=""/>
  <member type="way" ref="550288235" role=""/>
  <member type="way" ref="1419336282" role=""/>
  <member type="way" ref="1450020285" role=""/>
  <member type="way" ref="1419336281" role=""/>
  <member type="way" ref="1450020287" role=""/>
  <member type="way" ref="215598290" role=""/>
  <member type="way" ref="215598304" role=""/>
  <member type="way" ref="1352099364" role=""/>
  <member type="way" ref="1352099363" role=""/>
  <member type="way" ref="1165014294" role=""/>
  <member type="way" ref="215598289" role=""/>
  <member type="way" ref="1451053942" role=""/>
  <member type="way" ref="1436338672" role=""/>
  <member type="way" ref="1436582917" role=""/>
  <member type="way" ref="1499892333" role=""/>
  <member type="way" ref="1499892334" role=""/>
  <member type="way" ref="1499892335" role=""/>
  <member type="way" ref="1499892336" role=""/>
  <member type="way" ref="173222514" role=""/>
  <member type="way" ref="1006372138" role=""/>
  <member type="way" ref="143754726" role=""/>
  <member type="way" ref="1453319289" role=""/>
  <member type="way" ref="1499892332" role=""/>
  <member type="way" ref="1499892337" role=""/>
  <member type="way" ref="559663768" role=""/>
  <member type="way" ref="1436582915" role=""/>
  <member type="way" ref="1453319296" role=""/>
  <member type="way" ref="37412946" role=""/>
  <member type="way" ref="153370086" role=""/>
  <member type="way" ref="1436341983" role=""/>
  <member type="way" ref="1436572433" role=""/>
  <member type="way" ref="153370082" role=""/>
  <member type="way" ref="1165014290" role=""/>
  <member type="way" ref="153504459" role=""/>
  <member type="way" ref="576329016" role=""/>
  <member type="way" ref="1177453685" role=""/>
  <member type="way" ref="1177453686" role=""/>
  <member type="way" ref="576329017" role=""/>
  <member type="way" ref="576325327" role=""/>
  <member type="way" ref="576325332" role=""/>
  <member type="way" ref="576325320" role=""/>
  <member type="way" ref="576325321" role=""/>
  <member type="way" ref="1366012478" role=""/>
  <member type="way" ref="1419336283" role=""/>
  <member type="way" ref="1279011145" role=""/>
  <member type="way" ref="1447115809" role=""/>
  <member type="way" ref="1447370450" role=""/>
  <member type="way" ref="463772515" role=""/>
  <tag k="name" v="지방도 제904호선"/>
  <tag k="network" v="KR:local"/>
  <tag k="ref" v="904"/>
  <tag k="route" v="road"/>
  <tag k="type" v="route"/>
 </relation>
 <relation id="16299799" visible="true" version="4" changeset="152714553" timestamp="2024-06-15T10:18:40Z" user="adreamy" uid="2750856">
  <member type="way" ref="1205913909" role=""/>
  <member type="way" ref="361265539" role=""/>
  <member type="way" ref="361265511" role=""/>
  <member type="way" ref="1205919143" role=""/>
  <member type="way" ref="1205919144" role=""/>
  <member type="way" ref="1205921154" role=""/>
  <tag k="name" v="형산강 자전거길"/>
  <tag k="network" v="lcn"/>
  <tag k="route" v="bicycle"/>
  <tag k="type" v="route"/>
 </relation>
 <relation id="17946834" visible="true" version="37" changeset="182338221" timestamp="2026-05-07T13:02:32Z" user="Weathering" uid="12509199">
  <member type="node" ref="9292574766" role=""/>
  <member type="node" ref="9292574765" role=""/>
  <member type="node" ref="4166653389" role=""/>
  <member type="node" ref="9292574764" role=""/>
  <member type="node" ref="9292574763" role=""/>
  <member type="node" ref="6836687687" role=""/>
  <member type="node" ref="4166651590" role=""/>
  <member type="node" ref="9292574754" role=""/>
  <member type="node" ref="9292574755" role=""/>
  <member type="node" ref="9292574760" role=""/>
  <member type="node" ref="5513427622" role=""/>
  <member type="node" ref="9292574761" role=""/>
  <member type="node" ref="5513104389" role=""/>
  <member type="node" ref="9292574762" role=""/>
  <member type="node" ref="4166641690" role=""/>
  <member type="node" ref="5513104391" role=""/>
  <member type="node" ref="1780115793" role=""/>
  <member type="node" ref="3774238668" role=""/>
  <member type="node" ref="12117684444" role=""/>
  <member type="node" ref="12117684443" role=""/>
  <member type="node" ref="12117684442" role=""/>
  <member type="way" ref="1163500005" role=""/>
  <member type="way" ref="178262631" role=""/>
  <member type="way" ref="1191535541" role=""/>
  <member type="way" ref="1422729274" role=""/>
  <member type="way" ref="1191535545" role=""/>
  <member type="way" ref="1238736207" role=""/>
  <member type="way" ref="712300388" role=""/>
  <member type="way" ref="712300390" role=""/>
  <member type="way" ref="1238736205" role=""/>
  <member type="way" ref="1238736208" role=""/>
  <member type="way" ref="712300391" role=""/>
  <member type="way" ref="1238736204" role=""/>
  <member type="way" ref="42432306" role=""/>
  <member type="way" ref="1238736203" role=""/>
  <member type="way" ref="178262615" role=""/>
  <member type="way" ref="178262626" role=""/>
  <member type="way" ref="1200047856" role=""/>
  <member type="way" ref="1167540465" role=""/>
  <member type="way" ref="1328483975" role=""/>
  <member type="way" ref="1167540466" role=""/>
  <member type="way" ref="216551457" role=""/>
  <member type="way" ref="1308526105" role=""/>
  <member type="way" ref="1171255998" role=""/>
  <member type="way" ref="1171255997" role=""/>
  <member type="way" ref="1167540468" role=""/>
  <member type="way" ref="1330085331" role=""/>
  <member type="way" ref="216551466" role=""/>
  <member type="way" ref="533136970" role=""/>
  <member type="way" ref="1328483211" role=""/>
  <member type="way" ref="1328483210" role=""/>
  <member type="way" ref="1167540472" role=""/>
  <member type="way" ref="1167540471" role=""/>
  <member type="way" ref="1436680200" role=""/>
  <member type="way" ref="1444409314" role=""/>
  <member type="way" ref="153506211" role=""/>
  <member type="way" ref="394233419" role=""/>
  <member type="way" ref="1167897506" role=""/>
  <member type="way" ref="1328473925" role=""/>
  <member type="way" ref="1330086606" role=""/>
  <member type="way" ref="1435311648" role=""/>
  <member type="way" ref="153506209" role=""/>
  <member type="way" ref="202234979" role=""/>
  <member type="way" ref="1164294714" role=""/>
  <member type="way" ref="1164294713" role=""/>
  <member type="way" ref="1435074284" role=""/>
  <member type="way" ref="1164294718" role=""/>
  <member type="way" ref="1165014322" role=""/>
  <member type="way" ref="1164294719" role=""/>
  <member type="way" ref="202234980" role=""/>
  <member type="way" ref="1164294700" role=""/>
  <member type="way" ref="1164614096" role=""/>
  <member type="way" ref="1435074287" role=""/>
  <member type="way" ref="1332577947" role=""/>
  <member type="way" ref="1330086604" role=""/>
  <member type="way" ref="202234982" role=""/>
  <member type="way" ref="1308525818" role=""/>
  <member type="way" ref="1164614195" role=""/>
  <member type="way" ref="1164614200" role=""/>
  <member type="way" ref="1164614204" role=""/>
  <member type="way" ref="1328473919" role=""/>
  <member type="way" ref="1164294695" role=""/>
  <member type="way" ref="1164294694" role=""/>
  <member type="way" ref="1328473918" role=""/>
  <member type="way" ref="1164614201" role=""/>
  <member type="way" ref="1328483752" role=""/>
  <member type="way" ref="1164294693" role=""/>
  <member type="way" ref="1164614197" role=""/>
  <member type="way" ref="1434036018" role=""/>
  <member type="way" ref="1168285767" role=""/>
  <member type="way" ref="550137577" role=""/>
  <member type="way" ref="1168285768" role=""/>
  <member type="way" ref="1352322533" role=""/>
  <member type="way" ref="1352322532" role=""/>
  <member type="way" ref="361265533" role=""/>
  <member type="way" ref="361265528" role=""/>
  <member type="way" ref="1352322523" role=""/>
  <member type="way" ref="1352322524" role=""/>
  <member type="way" ref="1445399631" role=""/>
  <member type="way" ref="1352322525" role=""/>
  <member type="way" ref="1431683205" role=""/>
  <member type="way" ref="1436677991" role=""/>
  <member type="way" ref="1435307994" role=""/>
  <member type="way" ref="1436677993" role=""/>
  <member type="way" ref="1164348272" role=""/>
  <member type="way" ref="1330059383" role=""/>
  <member type="way" ref="1308740016" role=""/>
  <member type="way" ref="1445399629" role=""/>
  <member type="way" ref="1164348270" role=""/>
  <member type="way" ref="182388424" role=""/>
  <member type="way" ref="1164348271" role=""/>
  <member type="way" ref="1431512940" role=""/>
  <member type="way" ref="1164348278" role=""/>
  <member type="way" ref="550137579" role=""/>
  <member type="way" ref="550137578" role=""/>
  <member type="way" ref="1168285796" role=""/>
  <member type="way" ref="1168285795" role=""/>
  <member type="way" ref="550137610" role=""/>
  <member type="way" ref="550137606" role=""/>
  <member type="way" ref="1168285799" role=""/>
  <member type="way" ref="1168285797" role=""/>
  <member type="way" ref="1168285798" role=""/>
  <member type="way" ref="1168285800" role=""/>
  <member type="way" ref="1431511525" role=""/>
  <member type="way" ref="1006372140" role=""/>
  <member type="way" ref="1006372139" role=""/>
  <member type="way" ref="1431647890" role=""/>
  <member type="way" ref="1431647889" role=""/>
  <member type="way" ref="55675787" role=""/>
  <member type="way" ref="55675823" role=""/>
  <member type="way" ref="55675788" role=""/>
  <member type="way" ref="55675760" role=""/>
  <member type="way" ref="1308526106" role=""/>
  <member type="way" ref="182388411" role=""/>
  <member type="way" ref="55675748" role=""/>
  <member type="way" ref="489771791" role=""/>
  <member type="way" ref="489771792" role=""/>
  <member type="way" ref="489771796" role=""/>
  <member type="way" ref="489771797" role=""/>
  <member type="way" ref="489771799" role=""/>
  <member type="way" ref="489771798" role=""/>
  <member type="way" ref="769001559" role=""/>
  <member type="way" ref="769001558" role=""/>
  <member type="way" ref="489771806" role=""/>
  <member type="way" ref="489771808" role=""/>
  <member type="way" ref="489771811" role=""/>
  <member type="way" ref="1308526414" role=""/>
  <member type="way" ref="634226967" role=""/>
  <member type="way" ref="634226966" role=""/>
  <member type="way" ref="629739003" role=""/>
  <member type="way" ref="629739006" role=""/>
  <member type="way" ref="480868822" role=""/>
  <member type="way" ref="480872788" role=""/>
  <member type="way" ref="778181307" role=""/>
  <member type="way" ref="778181306" role=""/>
  <member type="way" ref="778181305" role=""/>
  <member type="way" ref="778181304" role=""/>
  <member type="way" ref="778181303" role=""/>
  <member type="way" ref="778181302" role=""/>
  <member type="way" ref="778181300" role=""/>
  <member type="way" ref="202506069" role=""/>
  <member type="way" ref="778181301" role=""/>
  <member type="way" ref="778181296" role=""/>
  <member type="way" ref="778181295" role=""/>
  <member type="way" ref="778181298" role=""/>
  <member type="way" ref="778181297" role=""/>
  <member type="way" ref="1424545564" role=""/>
  <member type="way" ref="1424545563" role=""/>
  <member type="way" ref="778181294" role=""/>
  <member type="way" ref="778181293" role=""/>
  <member type="way" ref="778181292" role=""/>
  <member type="way" ref="550101049" role=""/>
  <member type="way" ref="778181288" role=""/>
  <member type="way" ref="1312227459" role=""/>
  <member type="way" ref="778181290" role=""/>
  <member type="way" ref="778181289" role=""/>
  <member type="way" ref="576817046" role=""/>
  <member type="way" ref="1340827149" role=""/>
  <member type="way" ref="1340827150" role=""/>
  <member type="way" ref="576817044" role=""/>
  <member type="way" ref="662557974" role=""/>
  <member type="way" ref="662557973" role=""/>
  <member type="way" ref="1308254288" role=""/>
  <member type="way" ref="320322483" role=""/>
  <member type="way" ref="320322490" role=""/>
  <member type="way" ref="974310456" role=""/>
  <member type="way" ref="1306352847" role=""/>
  <member type="way" ref="996746738" role=""/>
  <member type="way" ref="481068202" role=""/>
  <member type="way" ref="202506068" role=""/>
  <member type="way" ref="368637131" role=""/>
  <member type="way" ref="368637133" role=""/>
  <member type="way" ref="532326498" role=""/>
  <member type="way" ref="532326502" role=""/>
  <member type="way" ref="532326499" role=""/>
  <member type="way" ref="1424545562" role=""/>
  <member type="way" ref="1424545561" role=""/>
  <member type="way" ref="532326497" role=""/>
  <member type="way" ref="202506072" role=""/>
  <member type="way" ref="404275750" role=""/>
  <member type="way" ref="532326515" role=""/>
  <member type="way" ref="532326520" role=""/>
  <member type="way" ref="404275749" role=""/>
  <member type="way" ref="403110944" role=""/>
  <member type="way" ref="403110945" role=""/>
  <member type="way" ref="202506060" role=""/>
  <member type="way" ref="480872787" role=""/>
  <member type="way" ref="392374060" role=""/>
  <member type="way" ref="392374061" role=""/>
  <member type="way" ref="629739005" role=""/>
  <member type="way" ref="629739008" role=""/>
  <member type="way" ref="634226965" role=""/>
  <member type="way" ref="1308526413" role=""/>
  <member type="way" ref="1349718205" role=""/>
  <member type="way" ref="55675825" role=""/>
  <member type="way" ref="489771820" role=""/>
  <member type="way" ref="489771819" role=""/>
  <member type="way" ref="489771805" role=""/>
  <member type="way" ref="489771804" role=""/>
  <member type="way" ref="769001557" role=""/>
  <member type="way" ref="769001556" role=""/>
  <member type="way" ref="489771800" role=""/>
  <member type="way" ref="489771801" role=""/>
  <member type="way" ref="489771795" role=""/>
  <member type="way" ref="489771794" role=""/>
  <member type="way" ref="489771790" role=""/>
  <member type="way" ref="489771789" role=""/>
  <member type="way" ref="489771786" role=""/>
  <member type="way" ref="1308526108" role=""/>
  <member type="way" ref="1510265362" role=""/>
  <member type="way" ref="1510265363" role=""/>
  <member type="way" ref="55675762" role=""/>
  <member type="way" ref="1306352846" role=""/>
  <member type="way" ref="1328483209" role=""/>
  <member type="way" ref="1328473924" role=""/>
  <tag k="from" v="경주월드.캘리포니아비치"/>
  <tag k="name" v="경주 버스 1000 (보문-포항공항-보문)"/>
  <tag k="operator" v="새천년미소"/>
  <tag k="ref" v="1000"/>
  <tag k="route" v="bus"/>
  <tag k="to" v="포항경주공항"/>
  <tag k="type" v="route"/>
 </relation>
 <relation id="17946835" visible="true" version="232" changeset="177925976" timestamp="2026-01-31T13:34:17Z" user="이재윤" uid="3018052">
  <member type="relation" ref="17946834" role=""/>
  <member type="relation" ref="18214142" role=""/>
  <member type="relation" ref="18214150" role=""/>
  <member type="relation" ref="18214154" role=""/>
  <member type="relation" ref="18240236" role=""/>
  <member type="relation" ref="18240362" role=""/>
  <member type="relation" ref="18240380" role=""/>
  <member type="relation" ref="18279656" role=""/>
  <member type="relation" ref="18282506" role=""/>
  <member type="relation" ref="18282529" role=""/>
  <member type="relation" ref="18282530" role=""/>
  <member type="relation" ref="18282604" role=""/>
  <member type="relation" ref="18282605" role=""/>
  <member type="relation" ref="18282633" role=""/>
  <member type="relation" ref="18286068" role=""/>
  <member type="relation" ref="18286069" role=""/>
  <member type="relation" ref="18290547" role=""/>
  <member type="relation" ref="18290548" role=""/>
  <member type="relation" ref="18290628" role=""/>
  <member type="relation" ref="18295425" role=""/>
  <member type="relation" ref="18295426" role=""/>
  <member type="relation" ref="18295427" role=""/>
  <member type="relation" ref="18295454" role=""/>
  <member type="relation" ref="18295455" role=""/>
  <member type="relation" ref="18295549" role=""/>
  <member type="relation" ref="18296639" role=""/>
  <member type="relation" ref="18296640" role=""/>
  <member type="relation" ref="18296641" role=""/>
  <member type="relation" ref="18300407" role=""/>
  <member type="relation" ref="18300408" role=""/>
  <member type="relation" ref="18322713" role=""/>
  <member type="relation" ref="18322736" role=""/>
  <member type="relation" ref="18322751" role=""/>
  <member type="relation" ref="18322775" role=""/>
  <member type="relation" ref="18323401" role=""/>
  <member type="relation" ref="18323923" role=""/>
  <member type="relation" ref="18323924" role=""/>
  <member type="relation" ref="18323947" role=""/>
  <member type="relation" ref="18323988" role=""/>
  <member type="relation" ref="18344578" role=""/>
  <member type="relation" ref="18350119" role=""/>
  <member type="relation" ref="18350120" role=""/>
  <member type="relation" ref="18350160" role=""/>
  <member type="relation" ref="18350161" role=""/>
  <member type="relation" ref="18350162" role=""/>
  <member type="relation" ref="18350215" role=""/>
  <member type="relation" ref="18353086" role=""/>
  <member type="relation" ref="18354582" role=""/>
  <member type="relation" ref="18354583" role=""/>
  <member type="relation" ref="18354787" role=""/>
  <member type="relation" ref="18354804" role=""/>
  <member type="relation" ref="18419839" role=""/>
  <member type="relation" ref="18419840" role=""/>
  <member type="relation" ref="18419858" role=""/>
  <member type="relation" ref="18419859" role=""/>
  <member type="relation" ref="19621928" role=""/>
  <member type="relation" ref="19621929" role=""/>
  <member type="relation" ref="19621941" role=""/>
  <member type="relation" ref="19621994" role=""/>
  <member type="relation" ref="19625914" role=""/>
  <member type="relation" ref="19625972" role=""/>
  <member type="relation" ref="19626254" role=""/>
  <member type="relation" ref="19626255" role=""/>
  <member type="relation" ref="19626435" role=""/>
  <member type="relation" ref="19626459" role=""/>
  <member type="relation" ref="19626460" role=""/>
  <member type="relation" ref="19626504" role=""/>
  <member type="relation" ref="19626525" role=""/>
  <member type="relation" ref="19626526" role=""/>
  <member type="relation" ref="19626527" role=""/>
  <member type="relation" ref="19626584" role=""/>
  <member type="relation" ref="19626585" role=""/>
  <member type="relation" ref="19626613" role=""/>
  <member type="relation" ref="19628419" role=""/>
  <member type="relation" ref="19628496" role=""/>
  <member type="relation" ref="19628497" role=""/>
  <member type="relation" ref="19628671" role=""/>
  <member type="relation" ref="19628672" role=""/>
  <member type="relation" ref="19628673" role=""/>
  <member type="relation" ref="19628984" role=""/>
  <member type="relation" ref="19629021" role=""/>
  <member type="relation" ref="19629022" role=""/>
  <member type="relation" ref="19629023" role=""/>
  <member type="relation" ref="19629076" role=""/>
  <member type="relation" ref="19632128" role=""/>
  <member type="relation" ref="19632129" role=""/>
  <member type="relation" ref="19640082" role=""/>
  <member type="relation" ref="19644112" role=""/>
  <member type="relation" ref="19644113" role=""/>
  <member type="relation" ref="19644216" role=""/>
  <member type="relation" ref="19647395" role=""/>
  <member type="relation" ref="19647629" role=""/>
  <member type="relation" ref="19647945" role=""/>
  <member type="relation" ref="19650886" role=""/>
  <member type="relation" ref="19652833" role=""/>
  <member type="relation" ref="19652994" role=""/>
  <member type="relation" ref="19652995" role=""/>
  <member type="relation" ref="19652996" role=""/>
  <member type="relation" ref="19656360" role=""/>
  <member type="relation" ref="19656402" role=""/>
  <member type="relation" ref="19656403" role=""/>
  <member type="relation" ref="19656404" role=""/>
  <member type="relation" ref="19656444" role=""/>
  <member type="relation" ref="19656445" role=""/>
  <member type="relation" ref="19656446" role=""/>
  <member type="relation" ref="19659933" role=""/>
  <member type="relation" ref="19659934" role=""/>
  <member type="relation" ref="19660427" role=""/>
  <member type="relation" ref="19660428" role=""/>
  <member type="relation" ref="19663917" role=""/>
  <member type="relation" ref="19663924" role=""/>
  <member type="relation" ref="19664195" role=""/>
  <member type="relation" ref="19667053" role=""/>
  <member type="relation" ref="19670717" role=""/>
  <member type="relation" ref="19670767" role=""/>
  <member type="relation" ref="19673350" role=""/>
  <member type="relation" ref="19673355" role=""/>
  <member type="relation" ref="19673588" role=""/>
  <member type="relation" ref="19673747" role=""/>
  <member type="relation" ref="19673843" role=""/>
  <member type="relation" ref="19673876" role=""/>
  <member type="relation" ref="19673881" role=""/>
  <member type="relation" ref="19675540" role=""/>
  <member type="relation" ref="19675541" role=""/>
  <member type="relation" ref="19675549" role=""/>
  <member type="relation" ref="19675568" role=""/>
  <member type="relation" ref="19675582" role=""/>
  <member type="relation" ref="19676950" role=""/>
  <member type="relation" ref="19676951" role=""/>
  <member type="relation" ref="19677145" role=""/>
  <member type="relation" ref="19677178" role=""/>
  <member type="relation" ref="19677315" role=""/>
  <member type="relation" ref="19689998" role=""/>
  <member type="relation" ref="19690185" role=""/>
  <member type="relation" ref="19690231" role=""/>
  <member type="relation" ref="19690288" role=""/>
  <member type="relation" ref="19690363" role=""/>
  <member type="relation" ref="19690635" role=""/>
  <member type="relation" ref="19692553" role=""/>
  <member type="relation" ref="19692554" role=""/>
  <member type="relation" ref="19692555" role=""/>
  <member type="relation" ref="19692571" role=""/>
  <member type="relation" ref="19692587" role=""/>
  <member type="relation" ref="19692629" role=""/>
  <member type="relation" ref="19692646" role=""/>
  <member type="relation" ref="19692683" role=""/>
  <member type="relation" ref="19694133" role=""/>
  <member type="relation" ref="19694134" role=""/>
  <member type="relation" ref="19694154" role=""/>
  <member type="relation" ref="19697192" role=""/>
  <member type="relation" ref="19697311" role=""/>
  <member type="relation" ref="19697332" role=""/>
  <member type="relation" ref="19697385" role=""/>
  <member type="relation" ref="19698942" role=""/>
  <member type="relation" ref="19699011" role=""/>
  <member type="relation" ref="19699012" role=""/>
  <member type="relation" ref="19699023" role=""/>
  <member type="relation" ref="19699078" role=""/>
  <member type="relation" ref="19699079" role=""/>
  <member type="relation" ref="19699099" role=""/>
  <member type="relation" ref="19717504" role=""/>
  <member type="relation" ref="19720786" role=""/>
  <member type="relation" ref="19726962" role=""/>
  <member type="relation" ref="19727058" role=""/>
  <member type="relation" ref="19742024" role=""/>
  <member type="relation" ref="19742025" role=""/>
  <member type="relation" ref="19747751" role=""/>
  <member type="relation" ref="19747816" role=""/>
  <member type="relation" ref="19747817" role=""/>
  <member type="relation" ref="19747835" role=""/>
  <member type="relation" ref="19747855" role=""/>
  <member type="relation" ref="19747856" role=""/>
  <member type="relation" ref="19747872" role=""/>
  <member type="relation" ref="19747876" role=""/>
  <member type="relation" ref="19747951" role=""/>
  <member type="relation" ref="19747995" role=""/>
  <member type="relation" ref="19747996" role=""/>
  <member type="relation" ref="19748001" role=""/>
  <member type="relation" ref="19748003" role=""/>
  <member type="relation" ref="19748545" role=""/>
  <member type="relation" ref="19748546" role=""/>
  <member type="relation" ref="19748861" role=""/>
  <member type="relation" ref="19748889" role=""/>
  <member type="relation" ref="19748923" role=""/>
  <member type="relation" ref="19748951" role=""/>
  <member type="relation" ref="19749081" role=""/>
  <member type="relation" ref="19749087" role=""/>
  <member type="relation" ref="19749248" role=""/>
  <member type="relation" ref="19749249" role=""/>
  <member type="relation" ref="19749250" role=""/>
  <member type="relation" ref="19749251" role=""/>
  <member type="relation" ref="19749252" role=""/>
  <member type="relation" ref="19749253" role=""/>
  <member type="relation" ref="19749398" role=""/>
  <member type="relation" ref="19749399" role=""/>
  <member type="relation" ref="19749413" role=""/>
  <member type="relation" ref="19749431" role=""/>
  <member type="relation" ref="19750018" role=""/>
  <member type="relation" ref="19750611" role=""/>
  <member type="relation" ref="19750685" role=""/>
  <member type="relation" ref="19750756" role=""/>
  <member type="relation" ref="19750813" role=""/>
  <member type="relation" ref="19756937" role=""/>
  <member type="relation" ref="19757028" role=""/>
  <member type="relation" ref="19760503" role=""/>
  <member type="relation" ref="19760568" role=""/>
  <member type="relation" ref="19760749" role=""/>
  <member type="relation" ref="19760750" role=""/>
  <member type="relation" ref="19760858" role=""/>
  <member type="relation" ref="19764534" role=""/>
  <member type="relation" ref="19764601" role=""/>
  <member type="relation" ref="19764602" role=""/>
  <member type="relation" ref="19764930" role=""/>
  <member type="relation" ref="19764931" role=""/>
  <member type="relation" ref="19764957" role=""/>
  <member type="relation" ref="19764958" role=""/>
  <member type="relation" ref="19765003" role=""/>
  <member type="relation" ref="19765032" role=""/>
  <member type="relation" ref="19765223" role=""/>
  <member type="relation" ref="19765266" role=""/>
  <member type="relation" ref="19765267" role=""/>
  <member type="relation" ref="19765281" role=""/>
  <member type="relation" ref="19769484" role=""/>
  <member type="relation" ref="19769546" role=""/>
  <member type="relation" ref="19769569" role=""/>
  <member type="relation" ref="19769595" role=""/>
  <member type="relation" ref="19769680" role=""/>
  <member type="relation" ref="19769681" role=""/>
  <member type="relation" ref="19774157" role=""/>
  <member type="relation" ref="19774166" role=""/>
  <member type="relation" ref="19774214" role=""/>
  <member type="relation" ref="19777464" role=""/>
  <member type="relation" ref="19780983" role=""/>
  <member type="relation" ref="19788339" role=""/>
  <member type="relation" ref="19788340" role=""/>
  <member type="relation" ref="19788364" role=""/>
  <member type="relation" ref="19788388" role=""/>
  <member type="relation" ref="19791921" role=""/>
  <member type="relation" ref="19791966" role=""/>
  <member type="relation" ref="19792006" role=""/>
  <member type="relation" ref="19792056" role=""/>
  <member type="relation" ref="19792057" role=""/>
  <member type="relation" ref="19792111" role=""/>
  <member type="relation" ref="19802225" role=""/>
  <member type="relation" ref="19806068" role=""/>
  <member type="relation" ref="19807921" role=""/>
  <member type="relation" ref="19807926" role=""/>
  <member type="relation" ref="19808937" role=""/>
  <member type="relation" ref="19809177" role=""/>
  <member type="relation" ref="19809303" role=""/>
  <member type="relation" ref="19817154" role=""/>
  <member type="relation" ref="19817155" role=""/>
  <member type="relation" ref="19820579" role=""/>
  <member type="relation" ref="19826680" role=""/>
  <member type="relation" ref="19826681" role=""/>
  <member type="relation" ref="19830354" role=""/>
  <member type="relation" ref="19836983" role=""/>
  <member type="relation" ref="19837283" role=""/>
  <member type="relation" ref="19844735" role=""/>
  <member type="relation" ref="19845100" role=""/>
  <member type="relation" ref="19848682" role=""/>
  <member type="relation" ref="19848683" role=""/>
  <member type="relation" ref="19848755" role=""/>
  <member type="relation" ref="19848948" role=""/>
  <member type="relation" ref="19852901" role=""/>
  <member type="relation" ref="19852902" role=""/>
  <member type="relation" ref="19852954" role=""/>
  <member type="relation" ref="19855816" role=""/>
  <member type="relation" ref="19859347" role=""/>
  <member type="relation" ref="19859387" role=""/>
  <member type="relation" ref="19859415" role=""/>
  <member type="relation" ref="19859426" role=""/>
  <member type="relation" ref="19862678" role=""/>
  <member type="relation" ref="19869469" role=""/>
  <member type="relation" ref="19869548" role=""/>
  <member type="relation" ref="19869569" role=""/>
  <member type="relation" ref="19869974" role=""/>
  <member type="relation" ref="19869994" role=""/>
  <member type="relation" ref="19870035" role=""/>
  <member type="relation" ref="19870056" role=""/>
  <member type="relation" ref="19873014" role=""/>
  <member type="relation" ref="19873046" role=""/>
  <member type="relation" ref="19873047" role=""/>
  <member type="relation" ref="19873126" role=""/>
  <member type="relation" ref="19873183" role=""/>
  <member type="relation" ref="19873300" role=""/>
  <member type="relation" ref="19873465" role=""/>
  <member type="relation" ref="19873483" role=""/>
  <member type="relation" ref="19873559" role=""/>
  <member type="relation" ref="19873685" role=""/>
  <member type="relation" ref="19873771" role=""/>
  <member type="relation" ref="19873830" role=""/>
  <member type="relation" ref="19877296" role=""/>
  <member type="relation" ref="19877374" role=""/>
  <member type="relation" ref="19877524" role=""/>
  <member type="relation" ref="20156715" role=""/>
  <member type="relation" ref="20156747" role=""/>
  <member type="relation" ref="20156748" role=""/>
  <tag k="name" v="경주시 시내버스"/>
  <tag k="type" v="network"/>
 </relation>
 <relation id="18290628" visible="true" version="19" changeset="178403086" timestamp="2026-02-11T11:49:02Z" user="이재윤" uid="3018052">
  <member type="node" ref="4401151389" role=""/>
  <member type="node" ref="3774238668" role=""/>
  <member type="node" ref="12290911899" role=""/>
  <member type="node" ref="5558489429" role=""/>
  <member type="node" ref="12290932604" role=""/>
  <member type="node" ref="12290911900" role=""/>
  <member type="node" ref="12290932602" role=""/>
  <member type="node" ref="12290932605" role=""/>
  <member type="node" ref="12290932607" role=""/>
  <member type="node" ref="12290932608" role=""/>
  <member type="node" ref="12290932610" role=""/>
  <member type="node" ref="12306151889" role=""/>
  <member type="node" ref="12343738852" role=""/>
  <member type="node" ref="12343738854" role=""/>
  <member type="node" ref="12343738855" role=""/>
  <member type="node" ref="12343738857" role=""/>
  <member type="node" ref="12343738860" role=""/>
  <member type="node" ref="12306151887" role=""/>
  <member type="node" ref="12306151885" role=""/>
  <member type="node" ref="12306151884" role=""/>
  <member type="node" ref="12306151882" role=""/>
  <member type="node" ref="12343738865" role=""/>
  <member type="node" ref="12343738868" role=""/>
  <member type="node" ref="12343738870" role=""/>
  <member type="node" ref="12343738872" role=""/>
  <member type="node" ref="12343738871" role=""/>
  <member type="node" ref="12343738864" role=""/>
  <member type="node" ref="12343738862" role=""/>
  <member type="node" ref="12343738873" role=""/>
  <member type="node" ref="12343738874" role=""/>
  <member type="node" ref="12343738876" role=""/>
  <member type="node" ref="12343738875" role=""/>
  <member type="node" ref="12343738877" role=""/>
  <member type="node" ref="12343738878" role=""/>
  <member type="node" ref="12343738880" role=""/>
  <member type="node" ref="12343738879" role=""/>
  <member type="node" ref="12343738882" role=""/>
  <member type="node" ref="12343738881" role=""/>
  <member type="node" ref="12343738884" role=""/>
  <member type="node" ref="12343738883" role=""/>
  <member type="node" ref="12343738885" role=""/>
  <member type="node" ref="12343738886" role=""/>
  <member type="node" ref="12343738888" role=""/>
  <member type="node" ref="12343738887" role=""/>
  <member type="node" ref="12343738889" role=""/>
  <member type="node" ref="12343738890" role=""/>
  <member type="node" ref="12343738892" role=""/>
  <member type="node" ref="12343738891" role=""/>
  <member type="node" ref="12343738893" role=""/>
  <member type="node" ref="12343738894" role=""/>
  <member type="node" ref="12343738895" role=""/>
  <member type="node" ref="12343738896" role=""/>
  <member type="node" ref="12343738900" role=""/>
  <member type="node" ref="12343738899" role=""/>
  <member type="node" ref="12343777401" role=""/>
  <member type="node" ref="12343777402" role=""/>
  <member type="node" ref="12343777403" role=""/>
  <member type="node" ref="12343777404" role=""/>
  <member type="node" ref="12343777406" role=""/>
  <member type="node" ref="12343777405" role=""/>
  <member type="node" ref="12343777407" role=""/>
  <member type="node" ref="12343777408" role=""/>
  <member type="node" ref="12343777410" role=""/>
  <member type="node" ref="12343777409" role=""/>
  <member type="node" ref="12343777422" role=""/>
  <member type="node" ref="12343777423" role=""/>
  <member type="node" ref="12343777424" role=""/>
  <member type="node" ref="12343777425" role=""/>
  <member type="node" ref="12343777427" role=""/>
  <member type="node" ref="12343777426" role=""/>
  <member type="node" ref="12343777429" role=""/>
  <member type="node" ref="12343777428" role=""/>
  <member type="node" ref="12343777430" role=""/>
  <member type="node" ref="12343777431" role=""/>
  <member type="node" ref="12343777432" role=""/>
  <member type="node" ref="12343777433" role=""/>
  <member type="node" ref="12097186055" role=""/>
  <member type="node" ref="12097186056" role=""/>
  <member type="node" ref="12097209637" role=""/>
  <member type="node" ref="12097209636" role=""/>
  <member type="node" ref="12097209638" role=""/>
  <member type="node" ref="12097214135" role=""/>
  <member type="node" ref="12097214136" role=""/>
  <member type="node" ref="12097214134" role=""/>
  <member type="node" ref="12097214133" role=""/>
  <member type="node" ref="12097214137" role=""/>
  <member type="node" ref="12097214138" role=""/>
  <member type="node" ref="12097214140" role=""/>
  <member type="node" ref="12097214139" role=""/>
  <member type="node" ref="12097214142" role=""/>
  <member type="node" ref="12097214141" role=""/>
  <member type="node" ref="12097214143" role=""/>
  <member type="node" ref="12097214144" role=""/>
  <member type="node" ref="12097226173" role=""/>
  <member type="node" ref="12097226175" role=""/>
  <member type="node" ref="12097226176" role=""/>
  <member type="node" ref="12097226177" role=""/>
  <member type="node" ref="12097226178" role=""/>
  <member type="node" ref="12097726240" role=""/>
  <member type="node" ref="12097726241" role=""/>
  <member type="node" ref="12097726242" role=""/>
  <member type="node" ref="12097726243" role=""/>
  <member type="node" ref="12097726244" role=""/>
  <member type="node" ref="12097726245" role=""/>
  <member type="node" ref="12097726246" role=""/>
  <member type="node" ref="12097726247" role=""/>
  <member type="node" ref="12098606758" role=""/>
  <member type="node" ref="12098606759" role=""/>
  <member type="way" ref="303318791" role=""/>
  <member type="way" ref="1164614109" role=""/>
  <member type="way" ref="1164614105" role=""/>
  <member type="way" ref="1164294682" role=""/>
  <member type="way" ref="1164294688" role=""/>
  <member type="way" ref="1164294691" role=""/>
  <member type="way" ref="42409276" role=""/>
  <member type="way" ref="1164294696" role=""/>
  <member type="way" ref="1328473918" role=""/>
  <member type="way" ref="1164614201" role=""/>
  <member type="way" ref="1328483752" role=""/>
  <member type="way" ref="1164294693" role=""/>
  <member type="way" ref="1164614197" role=""/>
  <member type="way" ref="1328483751" role=""/>
  <member type="way" ref="912632010" role=""/>
  <member type="way" ref="1009231693" role=""/>
  <member type="way" ref="1009231694" role=""/>
  <member type="way" ref="177851900" role=""/>
  <member type="way" ref="1163497926" role=""/>
  <member type="way" ref="1163497929" role=""/>
  <member type="way" ref="1334229158" role=""/>
  <member type="way" ref="556087784" role=""/>
  <member type="way" ref="361265524" role=""/>
  <member type="way" ref="1352322531" role=""/>
  <member type="way" ref="1352322530" role=""/>
  <member type="way" ref="361265530" role=""/>
  <member type="way" ref="1334626931" role=""/>
  <member type="way" ref="1164614095" role=""/>
  <member type="way" ref="983627969" role=""/>
  <member type="way" ref="1164614091" role=""/>
  <member type="way" ref="1167498390" role=""/>
  <member type="way" ref="1164294680" role=""/>
  <member type="way" ref="1164294681" role=""/>
  <member type="way" ref="1164294683" role=""/>
  <member type="way" ref="1164294684" role=""/>
  <member type="way" ref="1164294663" role=""/>
  <member type="way" ref="1164294670" role=""/>
  <member type="way" ref="1164294664" role=""/>
  <member type="way" ref="1164294669" role=""/>
  <member type="way" ref="1164294665" role=""/>
  <member type="way" ref="535912240" role=""/>
  <member type="way" ref="202234978" role=""/>
  <member type="way" ref="1434036019" role=""/>
  <member type="way" ref="1167971998" role=""/>
  <member type="way" ref="1167971997" role=""/>
  <member type="way" ref="1165014319" role=""/>
  <member type="way" ref="42409266" role=""/>
  <member type="way" ref="1436677994" role=""/>
  <member type="way" ref="1165014307" role=""/>
  <member type="way" ref="1165014310" role=""/>
  <member type="way" ref="1163498915" role=""/>
  <member type="way" ref="1165014287" role=""/>
  <member type="way" ref="1171255986" role=""/>
  <member type="way" ref="1334229161" role=""/>
  <member type="way" ref="1431683202" role=""/>
  <member type="way" ref="37408970" role=""/>
  <member type="way" ref="1452612551" role=""/>
  <member type="way" ref="1352322522" role=""/>
  <member type="way" ref="1445399630" role=""/>
  <member type="way" ref="1352322521" role=""/>
  <member type="way" ref="67147285" role=""/>
  <member type="way" ref="177788562" role=""/>
  <member type="way" ref="202050497" role=""/>
  <member type="way" ref="1431178888" role=""/>
  <member type="way" ref="177851889" role=""/>
  <member type="way" ref="1279011141" role=""/>
  <member type="way" ref="1279011143" role=""/>
  <member type="way" ref="1279011144" role=""/>
  <member type="way" ref="1292590968" role=""/>
  <member type="way" ref="1292590969" role=""/>
  <member type="way" ref="1238003474" role=""/>
  <member type="way" ref="1238003475" role=""/>
  <member type="way" ref="1470438343" role=""/>
  <member type="way" ref="1470438342" role=""/>
  <member type="way" ref="1238003478" role=""/>
  <member type="way" ref="1238003479" role=""/>
  <member type="way" ref="1334726904" role=""/>
  <member type="way" ref="1338604706" role=""/>
  <member type="way" ref="177851891" role=""/>
  <member type="way" ref="659859381" role=""/>
  <member type="way" ref="1308517984" role=""/>
  <member type="way" ref="1308517985" role=""/>
  <member type="way" ref="1334627269" role=""/>
  <member type="way" ref="177788592" role=""/>
  <member type="way" ref="1429708523" role=""/>
  <member type="way" ref="1333473244" role=""/>
  <member type="way" ref="1306170592" role=""/>
  <member type="way" ref="394158702" role=""/>
  <member type="way" ref="913707827" role=""/>
  <member type="way" ref="1306170594" role=""/>
  <member type="way" ref="1306170595" role=""/>
  <member type="way" ref="821318890" role=""/>
  <member type="way" ref="1334229166" role=""/>
  <member type="way" ref="1334229165" role=""/>
  <member type="way" ref="1334229164" role=""/>
  <member type="way" ref="1334229163" role=""/>
  <member type="way" ref="1196816745" role=""/>
  <member type="way" ref="1334626929" role=""/>
  <member type="way" ref="686375757" role=""/>
  <member type="way" ref="1337359689" role=""/>
  <member type="way" ref="1306170719" role=""/>
  <member type="way" ref="383425068" role=""/>
  <member type="way" ref="1338859051" role=""/>
  <member type="way" ref="394158693" role=""/>
  <member type="way" ref="394158691" role=""/>
  <member type="node" ref="12098606760" role=""/>
  <member type="node" ref="12347042933" role=""/>
  <member type="node" ref="13142444021" role=""/>
  <member type="node" ref="13543070601" role=""/>
  <tag k="from" v="시외버스터미널"/>
  <tag k="name" v="경주 버스 210 (터미널-동국대-한동-터미널)"/>
  <tag k="operator" v="새천년미소"/>
  <tag k="ref" v="210"/>
  <tag k="route" v="bus"/>
  <tag k="to" v="산대리한동아파트/화성한동타운"/>
  <tag k="type" v="route"/>
 </relation>
 <relation id="18295425" visible="true" version="17" changeset="178403086" timestamp="2026-02-11T11:49:02Z" user="이재윤" uid="3018052">
  <member type="node" ref="12098606760" role=""/>
  <member type="node" ref="12347042933" role=""/>
  <member type="node" ref="12097726246" role=""/>
  <member type="node" ref="12097726242" role=""/>
  <member type="node" ref="12097726241" role=""/>
  <member type="node" ref="12097226178" role=""/>
  <member type="node" ref="12097226176" role=""/>
  <member type="node" ref="12097226173" role=""/>
  <member type="node" ref="12097214142" role=""/>
  <member type="node" ref="12097214143" role=""/>
  <member type="node" ref="12097214140" role=""/>
  <member type="node" ref="12097214137" role=""/>
  <member type="node" ref="12097214135" role=""/>
  <member type="node" ref="12097186055" role=""/>
  <member type="node" ref="12097209638" role=""/>
  <member type="node" ref="12097214134" role=""/>
  <member type="node" ref="12097209637" role=""/>
  <member type="node" ref="12343777433" role=""/>
  <member type="node" ref="12343777431" role=""/>
  <member type="node" ref="12343777428" role=""/>
  <member type="node" ref="12343777426" role=""/>
  <member type="node" ref="12343777425" role=""/>
  <member type="node" ref="12343777407" role=""/>
  <member type="node" ref="12343777405" role=""/>
  <member type="node" ref="12343777404" role=""/>
  <member type="node" ref="12343777402" role=""/>
  <member type="node" ref="12343738900" role=""/>
  <member type="node" ref="12343738895" role=""/>
  <member type="node" ref="12343738894" role=""/>
  <member type="node" ref="12343738891" role=""/>
  <member type="node" ref="12343738889" role=""/>
  <member type="node" ref="12343738888" role=""/>
  <member type="node" ref="12343738885" role=""/>
  <member type="node" ref="12343738883" role=""/>
  <member type="node" ref="12343738881" role=""/>
  <member type="node" ref="12343738880" role=""/>
  <member type="node" ref="12343738878" role=""/>
  <member type="node" ref="12343738875" role=""/>
  <member type="node" ref="12343738874" role=""/>
  <member type="node" ref="12343738871" role=""/>
  <member type="node" ref="12343738870" role=""/>
  <member type="node" ref="12343738868" role=""/>
  <member type="node" ref="12343738865" role=""/>
  <member type="node" ref="12306151882" role=""/>
  <member type="node" ref="12306151884" role=""/>
  <member type="node" ref="12306151885" role=""/>
  <member type="node" ref="12306151887" role=""/>
  <member type="node" ref="12306151889" role=""/>
  <member type="node" ref="12290932610" role=""/>
  <member type="node" ref="12290932608" role=""/>
  <member type="node" ref="12290932607" role=""/>
  <member type="node" ref="12290932604" role=""/>
  <member type="node" ref="5558489429" role=""/>
  <member type="node" ref="12290911899" role=""/>
  <member type="node" ref="4401151389" role=""/>
  <member type="node" ref="12343777422" role=""/>
  <member type="way" ref="394158691" role=""/>
  <member type="way" ref="394158693" role=""/>
  <member type="way" ref="1338859051" role=""/>
  <member type="way" ref="383425068" role=""/>
  <member type="way" ref="1306170719" role=""/>
  <member type="way" ref="1337359689" role=""/>
  <member type="way" ref="686375757" role=""/>
  <member type="way" ref="913707827" role=""/>
  <member type="way" ref="1306170594" role=""/>
  <member type="way" ref="1306170595" role=""/>
  <member type="way" ref="821318890" role=""/>
  <member type="way" ref="1429708523" role=""/>
  <member type="way" ref="177788592" role=""/>
  <member type="way" ref="1334627269" role=""/>
  <member type="way" ref="1308517985" role=""/>
  <member type="way" ref="1308517984" role=""/>
  <member type="way" ref="659859381" role=""/>
  <member type="way" ref="177851891" role=""/>
  <member type="way" ref="1338604706" role=""/>
  <member type="way" ref="1334726904" role=""/>
  <member type="way" ref="1238003479" role=""/>
  <member type="way" ref="1238003478" role=""/>
  <member type="way" ref="1470438342" role=""/>
  <member type="way" ref="1470438343" role=""/>
  <member type="way" ref="1238003475" role=""/>
  <member type="way" ref="1238003474" role=""/>
  <member type="way" ref="1292590969" role=""/>
  <member type="way" ref="1292590968" role=""/>
  <member type="way" ref="1279011144" role=""/>
  <member type="way" ref="1279011143" role=""/>
  <member type="way" ref="1279011141" role=""/>
  <member type="way" ref="177851889" role=""/>
  <member type="way" ref="1431178888" role=""/>
  <member type="way" ref="202050497" role=""/>
  <member type="way" ref="177788562" role=""/>
  <member type="way" ref="67147285" role=""/>
  <member type="way" ref="1352322521" role=""/>
  <member type="way" ref="1445399630" role=""/>
  <member type="way" ref="1352322522" role=""/>
  <member type="way" ref="1452612551" role=""/>
  <member type="way" ref="37408970" role=""/>
  <member type="way" ref="1431683202" role=""/>
  <member type="way" ref="1334229161" role=""/>
  <member type="way" ref="1171255986" role=""/>
  <member type="way" ref="1165014287" role=""/>
  <member type="way" ref="1163498915" role=""/>
  <member type="way" ref="1165014310" role=""/>
  <member type="way" ref="1165014307" role=""/>
  <member type="way" ref="1436677994" role=""/>
  <member type="way" ref="42409266" role=""/>
  <member type="way" ref="1165014319" role=""/>
  <member type="way" ref="1167971997" role=""/>
  <member type="way" ref="1167971998" role=""/>
  <member type="way" ref="1434036019" role=""/>
  <member type="way" ref="202234978" role=""/>
  <member type="way" ref="535912240" role=""/>
  <member type="way" ref="1164294665" role=""/>
  <member type="way" ref="1164294669" role=""/>
  <member type="way" ref="1164294664" role=""/>
  <member type="way" ref="1164294670" role=""/>
  <member type="way" ref="1164294663" role=""/>
  <member type="way" ref="1164294684" role=""/>
  <member type="way" ref="1164294683" role=""/>
  <member type="way" ref="1164294682" role=""/>
  <member type="way" ref="1164614105" role=""/>
  <member type="way" ref="1164614109" role=""/>
  <member type="way" ref="303318791" role=""/>
  <member type="way" ref="202234982" role=""/>
  <member type="way" ref="1164614197" role=""/>
  <member type="way" ref="1164294693" role=""/>
  <member type="way" ref="1328483751" role=""/>
  <member type="way" ref="1334229166" role=""/>
  <member type="way" ref="1334229165" role=""/>
  <member type="way" ref="1196816745" role=""/>
  <member type="way" ref="1334626929" role=""/>
  <member type="node" ref="13543070601" role=""/>
  <tag k="from" v="화성한동타운"/>
  <tag k="name" v="경주 버스 210 (한동-터미널)"/>
  <tag k="operator" v="새천년미소"/>
  <tag k="ref" v="210"/>
  <tag k="route" v="bus"/>
  <tag k="to" v="터미널 종점(하차전용)"/>
  <tag k="type" v="route"/>
 </relation>
 <relation id="18295426" visible="true" version="19" changeset="178403086" timestamp="2026-02-11T11:49:02Z" user="이재윤" uid="3018052">
  <member type="node" ref="4401151389" role=""/>
  <member type="node" ref="5558489429" role=""/>
  <member type="node" ref="12290911899" role=""/>
  <member type="node" ref="3774238668" role=""/>
  <member type="node" ref="12290932604" role=""/>
  <member type="node" ref="12290911900" role=""/>
  <member type="node" ref="12290932602" role=""/>
  <member type="node" ref="12290932605" role=""/>
  <member type="node" ref="12290932606" role=""/>
  <member type="node" ref="12290932607" role=""/>
  <member type="node" ref="12290932609" role=""/>
  <member type="node" ref="12290932608" role=""/>
  <member type="node" ref="12290932610" role=""/>
  <member type="node" ref="5909942588" role=""/>
  <member type="node" ref="12306151889" role=""/>
  <member type="node" ref="12306151888" role=""/>
  <member type="node" ref="12306151887" role=""/>
  <member type="node" ref="12306151885" role=""/>
  <member type="node" ref="12306151886" role=""/>
  <member type="node" ref="12306151883" role=""/>
  <member type="node" ref="12306151884" role=""/>
  <member type="node" ref="12306151881" role=""/>
  <member type="node" ref="12306151882" role=""/>
  <member type="node" ref="12343738865" role=""/>
  <member type="node" ref="12343738866" role=""/>
  <member type="node" ref="12343738868" role=""/>
  <member type="node" ref="12343738867" role=""/>
  <member type="node" ref="12343738869" role=""/>
  <member type="node" ref="12343738870" role=""/>
  <member type="node" ref="12343738871" role=""/>
  <member type="node" ref="12343738872" role=""/>
  <member type="node" ref="12343738873" role=""/>
  <member type="node" ref="12343738874" role=""/>
  <member type="node" ref="12343738876" role=""/>
  <member type="node" ref="12343738875" role=""/>
  <member type="node" ref="12343738877" role=""/>
  <member type="node" ref="12343738878" role=""/>
  <member type="node" ref="12343738879" role=""/>
  <member type="node" ref="12343738880" role=""/>
  <member type="node" ref="12343738884" role=""/>
  <member type="node" ref="12343738883" role=""/>
  <member type="node" ref="12343738886" role=""/>
  <member type="node" ref="12343738885" role=""/>
  <member type="node" ref="12343738887" role=""/>
  <member type="node" ref="12343738888" role=""/>
  <member type="node" ref="12343738890" role=""/>
  <member type="node" ref="12343738889" role=""/>
  <member type="node" ref="12343738891" role=""/>
  <member type="node" ref="12343738892" role=""/>
  <member type="node" ref="12343738893" role=""/>
  <member type="node" ref="12343738894" role=""/>
  <member type="node" ref="12343738896" role=""/>
  <member type="node" ref="12343738895" role=""/>
  <member type="node" ref="12343738899" role=""/>
  <member type="node" ref="12343738900" role=""/>
  <member type="node" ref="12343777401" role=""/>
  <member type="node" ref="12343777402" role=""/>
  <member type="node" ref="12343777403" role=""/>
  <member type="node" ref="12343777404" role=""/>
  <member type="node" ref="12343777406" role=""/>
  <member type="node" ref="12343777405" role=""/>
  <member type="node" ref="12343777408" role=""/>
  <member type="node" ref="12343777407" role=""/>
  <member type="node" ref="12343777409" role=""/>
  <member type="node" ref="12343777410" role=""/>
  <member type="node" ref="12343777423" role=""/>
  <member type="node" ref="12343777422" role=""/>
  <member type="node" ref="12343777425" role=""/>
  <member type="node" ref="12343777424" role=""/>
  <member type="node" ref="12343777427" role=""/>
  <member type="node" ref="12343777426" role=""/>
  <member type="node" ref="12343777429" role=""/>
  <member type="node" ref="12343777428" role=""/>
  <member type="node" ref="12343777430" role=""/>
  <member type="node" ref="12343777431" role=""/>
  <member type="node" ref="12343777432" role=""/>
  <member type="node" ref="12343777433" role=""/>
  <member type="node" ref="12097186055" role=""/>
  <member type="node" ref="12097186056" role=""/>
  <member type="node" ref="12097209637" role=""/>
  <member type="node" ref="12097209636" role=""/>
  <member type="node" ref="12097209638" role=""/>
  <member type="node" ref="12097214134" role=""/>
  <member type="node" ref="12097214133" role=""/>
  <member type="node" ref="12097214135" role=""/>
  <member type="node" ref="12097214136" role=""/>
  <member type="node" ref="12097214138" role=""/>
  <member type="node" ref="12097214137" role=""/>
  <member type="node" ref="12097214139" role=""/>
  <member type="node" ref="12097214140" role=""/>
  <member type="node" ref="12097214142" role=""/>
  <member type="node" ref="12097214141" role=""/>
  <member type="node" ref="12097214144" role=""/>
  <member type="node" ref="12097214143" role=""/>
  <member type="node" ref="12097226172" role=""/>
  <member type="node" ref="12097226173" role=""/>
  <member type="node" ref="12337001668" role=""/>
  <member type="node" ref="12337001669" role=""/>
  <member type="node" ref="12098606760" role=""/>
  <member type="node" ref="12347042933" role=""/>
  <member type="node" ref="12098606758" role=""/>
  <member type="node" ref="12097726246" role=""/>
  <member type="node" ref="12097226178" role=""/>
  <member type="node" ref="12097726241" role=""/>
  <member type="node" ref="12097726242" role=""/>
  <member type="node" ref="12097226176" role=""/>
  <member type="way" ref="1328483751" role=""/>
  <member type="way" ref="1164294693" role=""/>
  <member type="way" ref="1164614197" role=""/>
  <member type="way" ref="202234982" role=""/>
  <member type="way" ref="303318791" role=""/>
  <member type="way" ref="1164614109" role=""/>
  <member type="way" ref="1164614105" role=""/>
  <member type="way" ref="1164294682" role=""/>
  <member type="way" ref="1164294688" role=""/>
  <member type="way" ref="1164294691" role=""/>
  <member type="way" ref="42409276" role=""/>
  <member type="way" ref="1164294696" role=""/>
  <member type="way" ref="1328473918" role=""/>
  <member type="way" ref="1164614201" role=""/>
  <member type="way" ref="1328483752" role=""/>
  <member type="way" ref="1164294670" role=""/>
  <member type="way" ref="1164294664" role=""/>
  <member type="way" ref="1164294669" role=""/>
  <member type="way" ref="1164294665" role=""/>
  <member type="way" ref="535912240" role=""/>
  <member type="way" ref="202234978" role=""/>
  <member type="way" ref="1434036019" role=""/>
  <member type="way" ref="1167971998" role=""/>
  <member type="way" ref="1167971997" role=""/>
  <member type="way" ref="1165014319" role=""/>
  <member type="way" ref="42409266" role=""/>
  <member type="way" ref="1436677994" role=""/>
  <member type="way" ref="1165014307" role=""/>
  <member type="way" ref="1165014310" role=""/>
  <member type="way" ref="1163498915" role=""/>
  <member type="way" ref="1165014287" role=""/>
  <member type="way" ref="1171255986" role=""/>
  <member type="way" ref="1334229161" role=""/>
  <member type="way" ref="216609209" role=""/>
  <member type="way" ref="216609208" role=""/>
  <member type="way" ref="42479215" role=""/>
  <member type="way" ref="1334229159" role=""/>
  <member type="way" ref="1165014308" role=""/>
  <member type="way" ref="1165014305" role=""/>
  <member type="way" ref="1435307990" role=""/>
  <member type="way" ref="1165014304" role=""/>
  <member type="way" ref="1167971995" role=""/>
  <member type="way" ref="1167971996" role=""/>
  <member type="way" ref="1164294659" role=""/>
  <member type="way" ref="1165014321" role=""/>
  <member type="way" ref="1164294706" role=""/>
  <member type="way" ref="1328473922" role=""/>
  <member type="way" ref="1164294647" role=""/>
  <member type="way" ref="1164294667" role=""/>
  <member type="way" ref="983627970" role=""/>
  <member type="way" ref="1164294673" role=""/>
  <member type="way" ref="1164294661" role=""/>
  <member type="way" ref="1328483206" role=""/>
  <member type="way" ref="1164294681" role=""/>
  <member type="way" ref="1164294683" role=""/>
  <member type="way" ref="1164294684" role=""/>
  <member type="way" ref="1431683202" role=""/>
  <member type="way" ref="37408970" role=""/>
  <member type="way" ref="1452612551" role=""/>
  <member type="way" ref="1352322522" role=""/>
  <member type="way" ref="1445399630" role=""/>
  <member type="way" ref="1352322521" role=""/>
  <member type="way" ref="67147285" role=""/>
  <member type="way" ref="177788562" role=""/>
  <member type="way" ref="202050497" role=""/>
  <member type="way" ref="1431178888" role=""/>
  <member type="way" ref="177851889" role=""/>
  <member type="way" ref="1279011141" role=""/>
  <member type="way" ref="1279011143" role=""/>
  <member type="way" ref="1279011144" role=""/>
  <member type="way" ref="1292590968" role=""/>
  <member type="way" ref="1292590969" role=""/>
  <member type="way" ref="1238003474" role=""/>
  <member type="way" ref="1238003475" role=""/>
  <member type="way" ref="1470438343" role=""/>
  <member type="way" ref="1470438342" role=""/>
  <member type="way" ref="1238003478" role=""/>
  <member type="way" ref="1238003479" role=""/>
  <member type="way" ref="1334726904" role=""/>
  <member type="way" ref="1338604706" role=""/>
  <member type="way" ref="177851891" role=""/>
  <member type="way" ref="659859381" role=""/>
  <member type="way" ref="1308517984" role=""/>
  <member type="way" ref="1308517985" role=""/>
  <member type="way" ref="1334627269" role=""/>
  <member type="way" ref="177788592" role=""/>
  <member type="way" ref="1429708523" role=""/>
  <member type="way" ref="1333473244" role=""/>
  <member type="way" ref="1306170592" role=""/>
  <member type="way" ref="1306170593" role=""/>
  <member type="way" ref="961490507" role=""/>
  <member type="way" ref="1306170721" role=""/>
  <member type="way" ref="394158691" role=""/>
  <member type="way" ref="1334229165" role=""/>
  <member type="way" ref="1334229166" role=""/>
  <member type="way" ref="1196816745" role=""/>
  <member type="way" ref="1334626929" role=""/>
  <member type="way" ref="1334229163" role=""/>
  <member type="way" ref="1334229164" role=""/>
  <member type="way" ref="394158693" role=""/>
  <member type="way" ref="1338859051" role=""/>
  <member type="way" ref="383425068" role=""/>
  <member type="way" ref="1306170719" role=""/>
  <member type="way" ref="1337359689" role=""/>
  <member type="way" ref="686375757" role=""/>
  <member type="way" ref="913707827" role=""/>
  <member type="way" ref="1306170594" role=""/>
  <member type="way" ref="1306170595" role=""/>
  <member type="way" ref="821318890" role=""/>
  <member type="node" ref="13142444021" role=""/>
  <member type="node" ref="13543070601" role=""/>
  <tag k="from" v="시외버스터미널"/>
  <tag k="name" v="경주 버스 210 (터미널-(우방X)한동-터미널)"/>
  <tag k="operator" v="새천년미소"/>
  <tag k="ref" v="210"/>
  <tag k="route" v="bus"/>
  <tag k="to" v="산대리한동아파트/화성한동타운"/>
  <tag k="type" v="route"/>
 </relation>
 <relation id="18295427" visible="true" version="19" changeset="178403086" timestamp="2026-02-11T11:49:02Z" user="이재윤" uid="3018052">
  <member type="node" ref="4401151389" role=""/>
  <member type="node" ref="5558489429" role=""/>
  <member type="node" ref="12290911899" role=""/>
  <member type="node" ref="3774238668" role=""/>
  <member type="node" ref="12290911900" role=""/>
  <member type="node" ref="12290932602" role=""/>
  <member type="node" ref="12290932604" role=""/>
  <member type="node" ref="12290932606" role=""/>
  <member type="node" ref="12290932607" role=""/>
  <member type="node" ref="12290932609" role=""/>
  <member type="node" ref="12290932608" role=""/>
  <member type="node" ref="12290932610" role=""/>
  <member type="node" ref="5909942588" role=""/>
  <member type="node" ref="12306151889" role=""/>
  <member type="node" ref="12306151888" role=""/>
  <member type="node" ref="12306151887" role=""/>
  <member type="node" ref="12306151885" role=""/>
  <member type="node" ref="12306151886" role=""/>
  <member type="node" ref="12306151884" role=""/>
  <member type="node" ref="12306151883" role=""/>
  <member type="node" ref="12306151881" role=""/>
  <member type="node" ref="12306151882" role=""/>
  <member type="node" ref="12343738865" role=""/>
  <member type="node" ref="12343738866" role=""/>
  <member type="node" ref="12343738868" role=""/>
  <member type="node" ref="12343738867" role=""/>
  <member type="node" ref="12343738870" role=""/>
  <member type="node" ref="12343738869" role=""/>
  <member type="node" ref="12343738871" role=""/>
  <member type="node" ref="12343738872" role=""/>
  <member type="node" ref="12343738873" role=""/>
  <member type="node" ref="12343738874" role=""/>
  <member type="node" ref="12343738875" role=""/>
  <member type="node" ref="12343738876" role=""/>
  <member type="node" ref="12343738877" role=""/>
  <member type="node" ref="12343738878" role=""/>
  <member type="node" ref="12343738879" role=""/>
  <member type="node" ref="12343738880" role=""/>
  <member type="node" ref="12343738882" role=""/>
  <member type="node" ref="12343738881" role=""/>
  <member type="node" ref="12343738884" role=""/>
  <member type="node" ref="12343738883" role=""/>
  <member type="node" ref="12343738885" role=""/>
  <member type="node" ref="12343738886" role=""/>
  <member type="node" ref="12343738887" role=""/>
  <member type="node" ref="12343738888" role=""/>
  <member type="node" ref="12343738889" role=""/>
  <member type="node" ref="12343738890" role=""/>
  <member type="node" ref="12343738892" role=""/>
  <member type="node" ref="12343738891" role=""/>
  <member type="node" ref="12343738893" role=""/>
  <member type="node" ref="12343738894" role=""/>
  <member type="node" ref="12343738895" role=""/>
  <member type="node" ref="12343738896" role=""/>
  <member type="node" ref="12343738899" role=""/>
  <member type="node" ref="12343738900" role=""/>
  <member type="node" ref="12343777401" role=""/>
  <member type="node" ref="12343777402" role=""/>
  <member type="node" ref="12343777404" role=""/>
  <member type="node" ref="12343777403" role=""/>
  <member type="node" ref="12343777406" role=""/>
  <member type="node" ref="12343777405" role=""/>
  <member type="node" ref="12343777408" role=""/>
  <member type="node" ref="12343777407" role=""/>
  <member type="node" ref="12343777410" role=""/>
  <member type="node" ref="12343777409" role=""/>
  <member type="node" ref="12343777423" role=""/>
  <member type="node" ref="12343777422" role=""/>
  <member type="node" ref="12343777425" role=""/>
  <member type="node" ref="12343777424" role=""/>
  <member type="node" ref="12343777427" role=""/>
  <member type="node" ref="12343777426" role=""/>
  <member type="node" ref="12343777429" role=""/>
  <member type="node" ref="12343777428" role=""/>
  <member type="node" ref="12343777430" role=""/>
  <member type="node" ref="12343777431" role=""/>
  <member type="node" ref="12343777433" role=""/>
  <member type="node" ref="12343777432" role=""/>
  <member type="node" ref="12097186056" role=""/>
  <member type="node" ref="12097186055" role=""/>
  <member type="node" ref="12097209637" role=""/>
  <member type="node" ref="12097209636" role=""/>
  <member type="node" ref="12097209638" role=""/>
  <member type="node" ref="12097214133" role=""/>
  <member type="node" ref="12097214134" role=""/>
  <member type="node" ref="12097214135" role=""/>
  <member type="node" ref="12097214136" role=""/>
  <member type="node" ref="12097214139" role=""/>
  <member type="node" ref="12097214140" role=""/>
  <member type="node" ref="12097214142" role=""/>
  <member type="node" ref="12097214141" role=""/>
  <member type="node" ref="12097214137" role=""/>
  <member type="node" ref="12097214138" role=""/>
  <member type="node" ref="12097214143" role=""/>
  <member type="node" ref="12097214144" role=""/>
  <member type="node" ref="12097226173" role=""/>
  <member type="node" ref="12097226175" role=""/>
  <member type="node" ref="12097226176" role=""/>
  <member type="node" ref="12097226177" role=""/>
  <member type="node" ref="12097226178" role=""/>
  <member type="node" ref="12097726246" role=""/>
  <member type="node" ref="12097726247" role=""/>
  <member type="node" ref="12097726240" role=""/>
  <member type="node" ref="12097726241" role=""/>
  <member type="node" ref="12097726242" role=""/>
  <member type="node" ref="12097726243" role=""/>
  <member type="node" ref="12097726244" role=""/>
  <member type="node" ref="12097726245" role=""/>
  <member type="node" ref="12098606758" role=""/>
  <member type="node" ref="12098606759" role=""/>
  <member type="way" ref="1328483751" role=""/>
  <member type="way" ref="1164294693" role=""/>
  <member type="way" ref="1164614197" role=""/>
  <member type="way" ref="202234982" role=""/>
  <member type="way" ref="303318791" role=""/>
  <member type="way" ref="1164614109" role=""/>
  <member type="way" ref="1164614105" role=""/>
  <member type="way" ref="1164294682" role=""/>
  <member type="way" ref="1164294683" role=""/>
  <member type="way" ref="1164294684" role=""/>
  <member type="way" ref="1164294663" role=""/>
  <member type="way" ref="1164294670" role=""/>
  <member type="way" ref="1164294664" role=""/>
  <member type="way" ref="1164294669" role=""/>
  <member type="way" ref="1164294665" role=""/>
  <member type="way" ref="535912240" role=""/>
  <member type="way" ref="202234978" role=""/>
  <member type="way" ref="1434036019" role=""/>
  <member type="way" ref="1167971998" role=""/>
  <member type="way" ref="1167971997" role=""/>
  <member type="way" ref="1165014319" role=""/>
  <member type="way" ref="42409266" role=""/>
  <member type="way" ref="1436677994" role=""/>
  <member type="way" ref="1165014307" role=""/>
  <member type="way" ref="1165014310" role=""/>
  <member type="way" ref="1163498915" role=""/>
  <member type="way" ref="1165014287" role=""/>
  <member type="way" ref="1171255986" role=""/>
  <member type="way" ref="1334229161" role=""/>
  <member type="way" ref="216609209" role=""/>
  <member type="way" ref="216609208" role=""/>
  <member type="way" ref="42479215" role=""/>
  <member type="way" ref="1334229159" role=""/>
  <member type="way" ref="1165014308" role=""/>
  <member type="way" ref="1165014305" role=""/>
  <member type="way" ref="1435307990" role=""/>
  <member type="way" ref="1165014304" role=""/>
  <member type="way" ref="1167971995" role=""/>
  <member type="way" ref="1167971996" role=""/>
  <member type="way" ref="1164294659" role=""/>
  <member type="way" ref="1165014321" role=""/>
  <member type="way" ref="1164294706" role=""/>
  <member type="way" ref="1328473922" role=""/>
  <member type="way" ref="1164294647" role=""/>
  <member type="way" ref="1164294667" role=""/>
  <member type="way" ref="983627970" role=""/>
  <member type="way" ref="1164294673" role=""/>
  <member type="way" ref="1164294661" role=""/>
  <member type="way" ref="1328483206" role=""/>
  <member type="way" ref="1164294681" role=""/>
  <member type="way" ref="1164294688" role=""/>
  <member type="way" ref="1164294691" role=""/>
  <member type="way" ref="42409276" role=""/>
  <member type="way" ref="1164294696" role=""/>
  <member type="way" ref="1328473918" role=""/>
  <member type="way" ref="1164614201" role=""/>
  <member type="way" ref="1328483752" role=""/>
  <member type="way" ref="1431683202" role=""/>
  <member type="way" ref="37408970" role=""/>
  <member type="way" ref="1452612551" role=""/>
  <member type="way" ref="1352322522" role=""/>
  <member type="way" ref="1445399630" role=""/>
  <member type="way" ref="1352322521" role=""/>
  <member type="way" ref="67147285" role=""/>
  <member type="way" ref="177788562" role=""/>
  <member type="way" ref="202050497" role=""/>
  <member type="way" ref="1431178888" role=""/>
  <member type="way" ref="177851889" role=""/>
  <member type="way" ref="1279011141" role=""/>
  <member type="way" ref="1279011143" role=""/>
  <member type="way" ref="1279011144" role=""/>
  <member type="way" ref="1292590968" role=""/>
  <member type="way" ref="1292590969" role=""/>
  <member type="way" ref="1238003474" role=""/>
  <member type="way" ref="1238003475" role=""/>
  <member type="way" ref="1470438343" role=""/>
  <member type="way" ref="1470438342" role=""/>
  <member type="way" ref="1238003478" role=""/>
  <member type="way" ref="1238003479" role=""/>
  <member type="way" ref="1334726904" role=""/>
  <member type="way" ref="1338604706" role=""/>
  <member type="way" ref="177851891" role=""/>
  <member type="way" ref="659859381" role=""/>
  <member type="way" ref="1308517984" role=""/>
  <member type="way" ref="1308517985" role=""/>
  <member type="way" ref="1334627269" role=""/>
  <member type="way" ref="177788592" role=""/>
  <member type="way" ref="1429708523" role=""/>
  <member type="way" ref="1333473244" role=""/>
  <member type="way" ref="1306170592" role=""/>
  <member type="way" ref="394158702" role=""/>
  <member type="way" ref="913707827" role=""/>
  <member type="way" ref="1306170594" role=""/>
  <member type="way" ref="1306170595" role=""/>
  <member type="way" ref="821318890" role=""/>
  <member type="way" ref="1334229166" role=""/>
  <member type="way" ref="1334229165" role=""/>
  <member type="way" ref="1334229163" role=""/>
  <member type="way" ref="1334229164" role=""/>
  <member type="way" ref="1196816745" role=""/>
  <member type="way" ref="1334626929" role=""/>
  <member type="way" ref="686375757" role=""/>
  <member type="way" ref="1337359689" role=""/>
  <member type="way" ref="383425068" role=""/>
  <member type="way" ref="1338859051" role=""/>
  <member type="way" ref="394158693" role=""/>
  <member type="way" ref="394158691" role=""/>
  <member type="node" ref="12098606760" role=""/>
  <member type="node" ref="12347042933" role=""/>
  <member type="node" ref="13142444021" role=""/>
  <member type="node" ref="13543070601" role=""/>
  <tag k="from" v="시외버스터미널"/>
  <tag k="name" v="경주 버스 210"/>
  <tag k="operator" v="새천년미소"/>
  <tag k="ref" v="210"/>
  <tag k="route" v="bus"/>
  <tag k="to" v="산대리한동아파트/화성한동타운"/>
  <tag k="type" v="route"/>
 </relation>
 <relation id="18295454" visible="true" version="15" changeset="177704827" timestamp="2026-01-26T03:36:51Z" user="morago" uid="11113946">
  <member type="node" ref="3774238668" role=""/>
  <member type="node" ref="12290911900" role=""/>
  <member type="node" ref="12290932602" role=""/>
  <member type="node" ref="12290932605" role=""/>
  <member type="node" ref="12290932606" role=""/>
  <member type="node" ref="12290932609" role=""/>
  <member type="node" ref="5909942588" role=""/>
  <member type="node" ref="12306151888" role=""/>
  <member type="node" ref="12306151886" role=""/>
  <member type="node" ref="12306151883" role=""/>
  <member type="node" ref="12306151881" role=""/>
  <member type="node" ref="12343738866" role=""/>
  <member type="node" ref="12343738867" role=""/>
  <member type="node" ref="12343738869" role=""/>
  <member type="node" ref="12343738872" role=""/>
  <member type="node" ref="12343738873" role=""/>
  <member type="node" ref="12343738876" role=""/>
  <member type="node" ref="12343738877" role=""/>
  <member type="node" ref="12343738879" role=""/>
  <member type="node" ref="12343738882" role=""/>
  <member type="node" ref="12343738884" role=""/>
  <member type="node" ref="12343738886" role=""/>
  <member type="node" ref="12343738887" role=""/>
  <member type="node" ref="12343738890" role=""/>
  <member type="node" ref="12343738892" role=""/>
  <member type="node" ref="12343738893" role=""/>
  <member type="node" ref="12343738896" role=""/>
  <member type="node" ref="12343738899" role=""/>
  <member type="node" ref="12343777403" role=""/>
  <member type="node" ref="12343777406" role=""/>
  <member type="node" ref="12343777408" role=""/>
  <member type="node" ref="12343777410" role=""/>
  <member type="node" ref="12343777423" role=""/>
  <member type="node" ref="12343777424" role=""/>
  <member type="node" ref="12343777427" role=""/>
  <member type="node" ref="12343777429" role=""/>
  <member type="node" ref="12343777430" role=""/>
  <member type="node" ref="12343777432" role=""/>
  <member type="node" ref="12097186056" role=""/>
  <member type="node" ref="12097209636" role=""/>
  <member type="node" ref="12097214133" role=""/>
  <member type="node" ref="12097214136" role=""/>
  <member type="node" ref="12097214138" role=""/>
  <member type="node" ref="12097214141" role=""/>
  <member type="node" ref="12097214144" role=""/>
  <member type="node" ref="12097214139" role=""/>
  <member type="node" ref="12097226175" role=""/>
  <member type="node" ref="12097226174" role=""/>
  <member type="node" ref="12097226177" role=""/>
  <member type="node" ref="12097726240" role=""/>
  <member type="node" ref="12097726243" role=""/>
  <member type="node" ref="12097726245" role=""/>
  <member type="node" ref="12097726247" role=""/>
  <member type="node" ref="12098606759" role=""/>
  <member type="node" ref="12098606760" role=""/>
  <member type="way" ref="1328483751" role=""/>
  <member type="way" ref="1328483752" role=""/>
  <member type="way" ref="1164614201" role=""/>
  <member type="way" ref="1328473918" role=""/>
  <member type="way" ref="1164294696" role=""/>
  <member type="way" ref="42409276" role=""/>
  <member type="way" ref="1164294691" role=""/>
  <member type="way" ref="1164294688" role=""/>
  <member type="way" ref="1164294681" role=""/>
  <member type="way" ref="1328483206" role=""/>
  <member type="way" ref="1164294661" role=""/>
  <member type="way" ref="1164294673" role=""/>
  <member type="way" ref="983627970" role=""/>
  <member type="way" ref="1164294667" role=""/>
  <member type="way" ref="1164294647" role=""/>
  <member type="way" ref="1328473922" role=""/>
  <member type="way" ref="1164294706" role=""/>
  <member type="way" ref="1165014321" role=""/>
  <member type="way" ref="1164294659" role=""/>
  <member type="way" ref="1167971996" role=""/>
  <member type="way" ref="1167971995" role=""/>
  <member type="way" ref="1165014304" role=""/>
  <member type="way" ref="1435307990" role=""/>
  <member type="way" ref="1165014305" role=""/>
  <member type="way" ref="1165014308" role=""/>
  <member type="way" ref="1334229159" role=""/>
  <member type="way" ref="42479215" role=""/>
  <member type="way" ref="216609208" role=""/>
  <member type="way" ref="216609209" role=""/>
  <member type="way" ref="1431683202" role=""/>
  <member type="way" ref="37408970" role=""/>
  <member type="way" ref="1452612551" role=""/>
  <member type="way" ref="1352322522" role=""/>
  <member type="way" ref="1445399630" role=""/>
  <member type="way" ref="1352322521" role=""/>
  <member type="way" ref="67147285" role=""/>
  <member type="way" ref="177788562" role=""/>
  <member type="way" ref="202050497" role=""/>
  <member type="way" ref="1431178888" role=""/>
  <member type="way" ref="177851889" role=""/>
  <member type="way" ref="1279011141" role=""/>
  <member type="way" ref="1279011143" role=""/>
  <member type="way" ref="1279011144" role=""/>
  <member type="way" ref="1292590968" role=""/>
  <member type="way" ref="1292590969" role=""/>
  <member type="way" ref="1238003474" role=""/>
  <member type="way" ref="1238003475" role=""/>
  <member type="way" ref="1470438343" role=""/>
  <member type="way" ref="1470438342" role=""/>
  <member type="way" ref="1238003478" role=""/>
  <member type="way" ref="1238003479" role=""/>
  <member type="way" ref="1334726904" role=""/>
  <member type="way" ref="1338604706" role=""/>
  <member type="way" ref="177851891" role=""/>
  <member type="way" ref="659859381" role=""/>
  <member type="way" ref="1308517984" role=""/>
  <member type="way" ref="1308517985" role=""/>
  <member type="way" ref="1334627269" role=""/>
  <member type="way" ref="177788592" role=""/>
  <member type="way" ref="1429708523" role=""/>
  <member type="way" ref="1333473244" role=""/>
  <member type="way" ref="1306170592" role=""/>
  <member type="way" ref="394158702" role=""/>
  <member type="way" ref="686375757" role=""/>
  <member type="way" ref="1337359689" role=""/>
  <member type="way" ref="1306170719" role=""/>
  <member type="way" ref="383425068" role=""/>
  <member type="way" ref="1338859051" role=""/>
  <member type="way" ref="394158693" role=""/>
  <member type="way" ref="394158691" role=""/>
  <member type="way" ref="1334229163" role=""/>
  <member type="way" ref="1334229164" role=""/>
  <member type="way" ref="1334229165" role=""/>
  <member type="way" ref="1334229166" role=""/>
  <member type="way" ref="1196816745" role=""/>
  <member type="node" ref="13142444021" role=""/>
  <tag k="from" v="시외버스터미널"/>
  <tag k="name" v="경주 버스 210 (터미널-한동)"/>
  <tag k="operator" v="새천년미소"/>
  <tag k="ref" v="210"/>
  <tag k="route" v="bus"/>
  <tag k="to" v="산대리한동아파트/화성한동타운"/>
  <tag k="type" v="route"/>
 </relation>
 <relation id="18295455" visible="true" version="19" changeset="178403086" timestamp="2026-02-11T11:49:02Z" user="이재윤" uid="3018052">
  <member type="node" ref="4401151389" role=""/>
  <member type="node" ref="5558489429" role=""/>
  <member type="node" ref="3774238668" role=""/>
  <member type="node" ref="12290932604" role=""/>
  <member type="node" ref="12290911900" role=""/>
  <member type="node" ref="12290932605" role=""/>
  <member type="node" ref="12290932606" role=""/>
  <member type="node" ref="12290932609" role=""/>
  <member type="node" ref="12290932602" role=""/>
  <member type="node" ref="12343738853" role=""/>
  <member type="node" ref="12343738856" role=""/>
  <member type="node" ref="12343738858" role=""/>
  <member type="node" ref="12343738859" role=""/>
  <member type="node" ref="12306151888" role=""/>
  <member type="node" ref="5909942588" role=""/>
  <member type="node" ref="12306151886" role=""/>
  <member type="node" ref="12306151883" role=""/>
  <member type="node" ref="12306151881" role=""/>
  <member type="node" ref="12343738866" role=""/>
  <member type="node" ref="12343738867" role=""/>
  <member type="node" ref="12343738869" role=""/>
  <member type="node" ref="12343738872" role=""/>
  <member type="node" ref="12347075190" role=""/>
  <member type="node" ref="12343738863" role=""/>
  <member type="node" ref="12343738861" role=""/>
  <member type="node" ref="12343738873" role=""/>
  <member type="node" ref="12343738874" role=""/>
  <member type="node" ref="12343738876" role=""/>
  <member type="node" ref="12343738875" role=""/>
  <member type="node" ref="12343738877" role=""/>
  <member type="node" ref="12343738878" role=""/>
  <member type="node" ref="12343738880" role=""/>
  <member type="node" ref="12343738879" role=""/>
  <member type="node" ref="12343738882" role=""/>
  <member type="node" ref="12343738881" role=""/>
  <member type="node" ref="12343738884" role=""/>
  <member type="node" ref="12343738883" role=""/>
  <member type="node" ref="12343738886" role=""/>
  <member type="node" ref="12343738885" role=""/>
  <member type="node" ref="12343738887" role=""/>
  <member type="node" ref="12343738888" role=""/>
  <member type="node" ref="12343738890" role=""/>
  <member type="node" ref="12343738889" role=""/>
  <member type="node" ref="12343738892" role=""/>
  <member type="node" ref="12343738891" role=""/>
  <member type="node" ref="12343738893" role=""/>
  <member type="node" ref="12343738894" role=""/>
  <member type="node" ref="12343738895" role=""/>
  <member type="node" ref="12343738896" role=""/>
  <member type="node" ref="12343738900" role=""/>
  <member type="node" ref="12343738899" role=""/>
  <member type="node" ref="12343777401" role=""/>
  <member type="node" ref="12343777402" role=""/>
  <member type="node" ref="12343777403" role=""/>
  <member type="node" ref="12343777404" role=""/>
  <member type="node" ref="12343777406" role=""/>
  <member type="node" ref="12343777405" role=""/>
  <member type="node" ref="12343777407" role=""/>
  <member type="node" ref="12343777408" role=""/>
  <member type="node" ref="12343777410" role=""/>
  <member type="node" ref="12343777409" role=""/>
  <member type="node" ref="12343777423" role=""/>
  <member type="node" ref="12343777422" role=""/>
  <member type="node" ref="12343777424" role=""/>
  <member type="node" ref="12343777425" role=""/>
  <member type="node" ref="12343777427" role=""/>
  <member type="node" ref="12343777426" role=""/>
  <member type="node" ref="12343777429" role=""/>
  <member type="node" ref="12343777428" role=""/>
  <member type="node" ref="12343777430" role=""/>
  <member type="node" ref="12343777431" role=""/>
  <member type="node" ref="12343777432" role=""/>
  <member type="node" ref="12343777433" role=""/>
  <member type="node" ref="12097186055" role=""/>
  <member type="node" ref="12097186056" role=""/>
  <member type="node" ref="12097209637" role=""/>
  <member type="node" ref="12097209636" role=""/>
  <member type="node" ref="12097214134" role=""/>
  <member type="node" ref="12097214133" role=""/>
  <member type="node" ref="12097209638" role=""/>
  <member type="node" ref="12097214135" role=""/>
  <member type="node" ref="12097214136" role=""/>
  <member type="node" ref="12097214138" role=""/>
  <member type="node" ref="12097214137" role=""/>
  <member type="node" ref="12097214142" role=""/>
  <member type="node" ref="12097214141" role=""/>
  <member type="node" ref="12097214139" role=""/>
  <member type="node" ref="12097214140" role=""/>
  <member type="node" ref="12097214144" role=""/>
  <member type="node" ref="12097214143" role=""/>
  <member type="node" ref="12097226173" role=""/>
  <member type="node" ref="12097226174" role=""/>
  <member type="node" ref="12097226175" role=""/>
  <member type="node" ref="12097226176" role=""/>
  <member type="node" ref="12097226177" role=""/>
  <member type="node" ref="12097226178" role=""/>
  <member type="node" ref="12097726240" role=""/>
  <member type="node" ref="12097726241" role=""/>
  <member type="node" ref="12097726242" role=""/>
  <member type="node" ref="12097726243" role=""/>
  <member type="node" ref="12097726244" role=""/>
  <member type="node" ref="12097726245" role=""/>
  <member type="node" ref="12097726246" role=""/>
  <member type="node" ref="12097726247" role=""/>
  <member type="node" ref="12098606758" role=""/>
  <member type="node" ref="12098606759" role=""/>
  <member type="node" ref="12347042933" role=""/>
  <member type="way" ref="1328483751" role=""/>
  <member type="way" ref="1164294693" role=""/>
  <member type="way" ref="1164614197" role=""/>
  <member type="way" ref="202234982" role=""/>
  <member type="way" ref="303318791" role=""/>
  <member type="way" ref="1164614109" role=""/>
  <member type="way" ref="1164614105" role=""/>
  <member type="way" ref="1164294682" role=""/>
  <member type="way" ref="1164294688" role=""/>
  <member type="way" ref="1164294691" role=""/>
  <member type="way" ref="42409276" role=""/>
  <member type="way" ref="1164294696" role=""/>
  <member type="way" ref="1328473918" role=""/>
  <member type="way" ref="1164614201" role=""/>
  <member type="way" ref="1328483752" role=""/>
  <member type="way" ref="1334626929" role=""/>
  <member type="way" ref="1196816745" role=""/>
  <member type="way" ref="1334229165" role=""/>
  <member type="way" ref="1334229166" role=""/>
  <member type="way" ref="1334229164" role=""/>
  <member type="way" ref="1334229163" role=""/>
  <member type="way" ref="821318890" role=""/>
  <member type="way" ref="1306170595" role=""/>
  <member type="way" ref="1306170594" role=""/>
  <member type="way" ref="913707827" role=""/>
  <member type="way" ref="394158702" role=""/>
  <member type="way" ref="1306170592" role=""/>
  <member type="way" ref="1333473244" role=""/>
  <member type="way" ref="1429708523" role=""/>
  <member type="way" ref="177788592" role=""/>
  <member type="way" ref="1334627269" role=""/>
  <member type="way" ref="1308517985" role=""/>
  <member type="way" ref="1308517984" role=""/>
  <member type="way" ref="659859381" role=""/>
  <member type="way" ref="177851891" role=""/>
  <member type="way" ref="1338604706" role=""/>
  <member type="way" ref="1334726904" role=""/>
  <member type="way" ref="1238003479" role=""/>
  <member type="way" ref="1238003478" role=""/>
  <member type="way" ref="1470438342" role=""/>
  <member type="way" ref="1470438343" role=""/>
  <member type="way" ref="1238003475" role=""/>
  <member type="way" ref="1238003474" role=""/>
  <member type="way" ref="1292590969" role=""/>
  <member type="way" ref="1292590968" role=""/>
  <member type="way" ref="1279011144" role=""/>
  <member type="way" ref="1279011143" role=""/>
  <member type="way" ref="1279011141" role=""/>
  <member type="way" ref="177851889" role=""/>
  <member type="way" ref="1431178888" role=""/>
  <member type="way" ref="202050497" role=""/>
  <member type="way" ref="177788562" role=""/>
  <member type="way" ref="67147285" role=""/>
  <member type="way" ref="1352322521" role=""/>
  <member type="way" ref="1445399630" role=""/>
  <member type="way" ref="1352322522" role=""/>
  <member type="way" ref="1452612551" role=""/>
  <member type="way" ref="37408970" role=""/>
  <member type="way" ref="1431683202" role=""/>
  <member type="way" ref="216609209" role=""/>
  <member type="way" ref="216609208" role=""/>
  <member type="way" ref="42479215" role=""/>
  <member type="way" ref="1334229159" role=""/>
  <member type="way" ref="1165014308" role=""/>
  <member type="way" ref="1165014305" role=""/>
  <member type="way" ref="1435307990" role=""/>
  <member type="way" ref="1165014304" role=""/>
  <member type="way" ref="1167971995" role=""/>
  <member type="way" ref="1167971996" role=""/>
  <member type="way" ref="1164294659" role=""/>
  <member type="way" ref="1165014321" role=""/>
  <member type="way" ref="1164294706" role=""/>
  <member type="way" ref="1328473922" role=""/>
  <member type="way" ref="1164294647" role=""/>
  <member type="way" ref="1164294667" role=""/>
  <member type="way" ref="983627970" role=""/>
  <member type="way" ref="1164294673" role=""/>
  <member type="way" ref="1164294661" role=""/>
  <member type="way" ref="1328483206" role=""/>
  <member type="way" ref="1164294681" role=""/>
  <member type="way" ref="1164294683" role=""/>
  <member type="way" ref="1436584749" role=""/>
  <member type="way" ref="1164294679" role=""/>
  <member type="way" ref="1167498389" role=""/>
  <member type="way" ref="361265530" role=""/>
  <member type="way" ref="1352322530" role=""/>
  <member type="way" ref="1352322531" role=""/>
  <member type="way" ref="361265524" role=""/>
  <member type="way" ref="556087784" role=""/>
  <member type="way" ref="1163497927" role=""/>
  <member type="way" ref="912632007" role=""/>
  <member type="way" ref="1293826165" role=""/>
  <member type="way" ref="1293826166" role=""/>
  <member type="way" ref="1293826167" role=""/>
  <member type="way" ref="1163497935" role=""/>
  <member type="way" ref="177851900" role=""/>
  <member type="way" ref="1009231694" role=""/>
  <member type="way" ref="1009231693" role=""/>
  <member type="way" ref="177851896" role=""/>
  <member type="way" ref="1334229162" role=""/>
  <member type="way" ref="686375757" role=""/>
  <member type="way" ref="1337359689" role=""/>
  <member type="way" ref="1306170719" role=""/>
  <member type="way" ref="383425068" role=""/>
  <member type="way" ref="1338859051" role=""/>
  <member type="way" ref="394158693" role=""/>
  <member type="way" ref="394158691" role=""/>
  <member type="node" ref="12098606760" role=""/>
  <member type="node" ref="13142444021" role=""/>
  <member type="node" ref="13543070601" role=""/>
  <tag k="from" v="시외버스터미널"/>
  <tag k="name" v="경주 버스 210 (터미널-한동-동국대-터미널)"/>
  <tag k="operator" v="새천년미소"/>
  <tag k="ref" v="210"/>
  <tag k="route" v="bus"/>
  <tag k="to" v="산대리한동아파트/화성한동타운"/>
  <tag k="type" v="route"/>
 </relation>
 <relation id="18300407" visible="true" version="10" changeset="177704827" timestamp="2026-01-26T03:36:51Z" user="morago" uid="11113946">
  <member type="node" ref="3774238668" role=""/>
  <member type="node" ref="12290911899" role=""/>
  <member type="node" ref="4401151389" role=""/>
  <member type="node" ref="5558489429" role=""/>
  <member type="node" ref="12290911900" role=""/>
  <member type="node" ref="12290932604" role=""/>
  <member type="node" ref="12290932602" role=""/>
  <member type="node" ref="12290932605" role=""/>
  <member type="node" ref="12290932607" role=""/>
  <member type="node" ref="12290932606" role=""/>
  <member type="node" ref="12290932608" role=""/>
  <member type="node" ref="12290932609" role=""/>
  <member type="node" ref="12290932610" role=""/>
  <member type="node" ref="5909942588" role=""/>
  <member type="node" ref="12306151889" role=""/>
  <member type="node" ref="12306151888" role=""/>
  <member type="node" ref="12306151887" role=""/>
  <member type="node" ref="12306151885" role=""/>
  <member type="node" ref="12306151886" role=""/>
  <member type="node" ref="12306151884" role=""/>
  <member type="node" ref="12306151883" role=""/>
  <member type="node" ref="12306151881" role=""/>
  <member type="node" ref="12306151882" role=""/>
  <member type="node" ref="12343738865" role=""/>
  <member type="node" ref="12343738866" role=""/>
  <member type="node" ref="12343738867" role=""/>
  <member type="node" ref="12343738868" role=""/>
  <member type="node" ref="12343738869" role=""/>
  <member type="node" ref="12343738870" role=""/>
  <member type="node" ref="12343738871" role=""/>
  <member type="node" ref="12343738872" role=""/>
  <member type="node" ref="12343738873" role=""/>
  <member type="node" ref="12343738874" role=""/>
  <member type="node" ref="12343738875" role=""/>
  <member type="node" ref="12343738876" role=""/>
  <member type="node" ref="12343738877" role=""/>
  <member type="node" ref="12343738878" role=""/>
  <member type="node" ref="12343738879" role=""/>
  <member type="node" ref="12343738880" role=""/>
  <member type="node" ref="12343738882" role=""/>
  <member type="node" ref="12343738881" role=""/>
  <member type="node" ref="12343738883" role=""/>
  <member type="node" ref="12343738884" role=""/>
  <member type="node" ref="12343738885" role=""/>
  <member type="node" ref="12343738886" role=""/>
  <member type="node" ref="12343738887" role=""/>
  <member type="node" ref="12343738888" role=""/>
  <member type="node" ref="12343738889" role=""/>
  <member type="node" ref="12343738890" role=""/>
  <member type="node" ref="12343738892" role=""/>
  <member type="node" ref="12343738891" role=""/>
  <member type="node" ref="12343738893" role=""/>
  <member type="node" ref="12343738894" role=""/>
  <member type="node" ref="12343738896" role=""/>
  <member type="node" ref="12343738895" role=""/>
  <member type="node" ref="12343738898" role=""/>
  <member type="node" ref="12343738897" role=""/>
  <member type="node" ref="12348141211" role=""/>
  <member type="way" ref="1328483751" role=""/>
  <member type="way" ref="1328483752" role=""/>
  <member type="way" ref="1164614201" role=""/>
  <member type="way" ref="1328473918" role=""/>
  <member type="way" ref="1164294696" role=""/>
  <member type="way" ref="42409276" role=""/>
  <member type="way" ref="1164294691" role=""/>
  <member type="way" ref="1164294688" role=""/>
  <member type="way" ref="1164294682" role=""/>
  <member type="way" ref="1164614105" role=""/>
  <member type="way" ref="1164614109" role=""/>
  <member type="way" ref="303318791" role=""/>
  <member type="way" ref="202234982" role=""/>
  <member type="way" ref="1164614197" role=""/>
  <member type="way" ref="1164294693" role=""/>
  <member type="way" ref="1165014308" role=""/>
  <member type="way" ref="1165014305" role=""/>
  <member type="way" ref="1435307990" role=""/>
  <member type="way" ref="1165014304" role=""/>
  <member type="way" ref="1167971995" role=""/>
  <member type="way" ref="1167971996" role=""/>
  <member type="way" ref="1164294659" role=""/>
  <member type="way" ref="1165014321" role=""/>
  <member type="way" ref="1164294706" role=""/>
  <member type="way" ref="1328473922" role=""/>
  <member type="way" ref="1164294647" role=""/>
  <member type="way" ref="1164294667" role=""/>
  <member type="way" ref="983627970" role=""/>
  <member type="way" ref="1164294673" role=""/>
  <member type="way" ref="1164294661" role=""/>
  <member type="way" ref="1328483206" role=""/>
  <member type="way" ref="1164294681" role=""/>
  <member type="way" ref="1164294683" role=""/>
  <member type="way" ref="1164294684" role=""/>
  <member type="way" ref="1164294663" role=""/>
  <member type="way" ref="1164294670" role=""/>
  <member type="way" ref="1164294664" role=""/>
  <member type="way" ref="1164294669" role=""/>
  <member type="way" ref="1164294665" role=""/>
  <member type="way" ref="535912240" role=""/>
  <member type="way" ref="202234978" role=""/>
  <member type="way" ref="1434036019" role=""/>
  <member type="way" ref="1167971998" role=""/>
  <member type="way" ref="1167971997" role=""/>
  <member type="way" ref="1165014319" role=""/>
  <member type="way" ref="42409266" role=""/>
  <member type="way" ref="1436677994" role=""/>
  <member type="way" ref="1165014307" role=""/>
  <member type="way" ref="1165014310" role=""/>
  <member type="way" ref="1163498915" role=""/>
  <member type="way" ref="1165014287" role=""/>
  <member type="way" ref="1171255986" role=""/>
  <member type="way" ref="1334229161" role=""/>
  <member type="way" ref="216609209" role=""/>
  <member type="way" ref="216609208" role=""/>
  <member type="way" ref="42479215" role=""/>
  <member type="way" ref="1334229159" role=""/>
  <member type="way" ref="1431683202" role=""/>
  <member type="way" ref="37408970" role=""/>
  <member type="way" ref="1452612551" role=""/>
  <member type="way" ref="1352322522" role=""/>
  <member type="way" ref="1445399630" role=""/>
  <member type="way" ref="1352322521" role=""/>
  <member type="way" ref="67147285" role=""/>
  <member type="way" ref="177788562" role=""/>
  <member type="way" ref="202050497" role=""/>
  <member type="way" ref="1431178888" role=""/>
  <member type="way" ref="177851889" role=""/>
  <member type="way" ref="1279011141" role=""/>
  <member type="way" ref="1279011143" role=""/>
  <member type="way" ref="1279011144" role=""/>
  <member type="way" ref="1292590968" role=""/>
  <member type="way" ref="1292590969" role=""/>
  <member type="way" ref="1238003474" role=""/>
  <member type="way" ref="1238003475" role=""/>
  <member type="way" ref="1470438343" role=""/>
  <member type="way" ref="1470438342" role=""/>
  <member type="way" ref="1238003478" role=""/>
  <member type="way" ref="1238003479" role=""/>
  <member type="way" ref="1334726904" role=""/>
  <member type="way" ref="1334726902" role=""/>
  <member type="way" ref="1334726908" role=""/>
  <member type="node" ref="12348141214" role=""/>
  <member type="node" ref="12348141213" role=""/>
  <tag k="from" v="시외버스터미널"/>
  <tag k="name" v="경주 버스 216 (터미널-사방역-터미널)"/>
  <tag k="operator" v="새천년미소"/>
  <tag k="ref" v="216"/>
  <tag k="route" v="bus"/>
  <tag k="to" v="사방초등학교"/>
  <tag k="type" v="route"/>
 </relation>
 <relation id="18300408" visible="true" version="12" changeset="177704827" timestamp="2026-01-26T03:36:51Z" user="morago" uid="11113946">
  <member type="node" ref="3774238668" role=""/>
  <member type="node" ref="12290911899" role=""/>
  <member type="node" ref="4401151389" role=""/>
  <member type="node" ref="5558489429" role=""/>
  <member type="node" ref="12290911900" role=""/>
  <member type="node" ref="12290932604" role=""/>
  <member type="node" ref="12290932605" role=""/>
  <member type="node" ref="12290932606" role=""/>
  <member type="node" ref="12290932607" role=""/>
  <member type="node" ref="12290932602" role=""/>
  <member type="node" ref="12290932609" role=""/>
  <member type="node" ref="12290932608" role=""/>
  <member type="node" ref="12290932610" role=""/>
  <member type="node" ref="5909942588" role=""/>
  <member type="node" ref="12306151889" role=""/>
  <member type="node" ref="12306151888" role=""/>
  <member type="node" ref="12306151887" role=""/>
  <member type="node" ref="12306151885" role=""/>
  <member type="node" ref="12306151886" role=""/>
  <member type="node" ref="12306151883" role=""/>
  <member type="node" ref="12306151884" role=""/>
  <member type="node" ref="12306151881" role=""/>
  <member type="node" ref="12306151882" role=""/>
  <member type="node" ref="12343738865" role=""/>
  <member type="node" ref="12343738866" role=""/>
  <member type="node" ref="12343738867" role=""/>
  <member type="node" ref="12343738868" role=""/>
  <member type="node" ref="12343738869" role=""/>
  <member type="node" ref="12343738870" role=""/>
  <member type="node" ref="12343738871" role=""/>
  <member type="node" ref="12343738872" role=""/>
  <member type="node" ref="12343738873" role=""/>
  <member type="node" ref="12343738874" role=""/>
  <member type="node" ref="12343738875" role=""/>
  <member type="node" ref="12343738876" role=""/>
  <member type="node" ref="12343738877" role=""/>
  <member type="node" ref="12343738878" role=""/>
  <member type="node" ref="12343738880" role=""/>
  <member type="node" ref="12343738879" role=""/>
  <member type="node" ref="12343738882" role=""/>
  <member type="node" ref="12343738881" role=""/>
  <member type="node" ref="12343738884" role=""/>
  <member type="node" ref="12343738883" role=""/>
  <member type="node" ref="12343738885" role=""/>
  <member type="node" ref="12343738886" role=""/>
  <member type="node" ref="12343738888" role=""/>
  <member type="node" ref="12343738887" role=""/>
  <member type="node" ref="12343738889" role=""/>
  <member type="node" ref="12343738890" role=""/>
  <member type="node" ref="12343738892" role=""/>
  <member type="node" ref="12343738891" role=""/>
  <member type="node" ref="12343738893" role=""/>
  <member type="node" ref="12343738894" role=""/>
  <member type="node" ref="12343738895" role=""/>
  <member type="node" ref="12343738896" role=""/>
  <member type="node" ref="12343738898" role=""/>
  <member type="node" ref="12343738897" role=""/>
  <member type="node" ref="12348141214" role=""/>
  <member type="node" ref="12348141213" role=""/>
  <member type="node" ref="12348141211" role=""/>
  <member type="node" ref="12348141212" role=""/>
  <member type="node" ref="12348141215" role=""/>
  <member type="node" ref="12348141216" role=""/>
  <member type="node" ref="12348141217" role=""/>
  <member type="node" ref="12348141219" role=""/>
  <member type="node" ref="12348141226" role=""/>
  <member type="node" ref="12348141229" role=""/>
  <member type="node" ref="12348141228" role=""/>
  <member type="node" ref="12348141225" role=""/>
  <member type="way" ref="1328483751" role=""/>
  <member type="way" ref="1164294693" role=""/>
  <member type="way" ref="1164614197" role=""/>
  <member type="way" ref="202234982" role=""/>
  <member type="way" ref="303318791" role=""/>
  <member type="way" ref="1164614109" role=""/>
  <member type="way" ref="1164614105" role=""/>
  <member type="way" ref="1164294682" role=""/>
  <member type="way" ref="1164294688" role=""/>
  <member type="way" ref="1164294691" role=""/>
  <member type="way" ref="42409276" role=""/>
  <member type="way" ref="1164294696" role=""/>
  <member type="way" ref="1328473918" role=""/>
  <member type="way" ref="1164614201" role=""/>
  <member type="way" ref="1328483752" role=""/>
  <member type="way" ref="1165014287" role=""/>
  <member type="way" ref="1163498915" role=""/>
  <member type="way" ref="1165014310" role=""/>
  <member type="way" ref="1165014307" role=""/>
  <member type="way" ref="1436677994" role=""/>
  <member type="way" ref="42409266" role=""/>
  <member type="way" ref="1165014319" role=""/>
  <member type="way" ref="1167971997" role=""/>
  <member type="way" ref="1167971998" role=""/>
  <member type="way" ref="1434036019" role=""/>
  <member type="way" ref="202234978" role=""/>
  <member type="way" ref="535912240" role=""/>
  <member type="way" ref="1164294665" role=""/>
  <member type="way" ref="1164294669" role=""/>
  <member type="way" ref="1164294664" role=""/>
  <member type="way" ref="1164294670" role=""/>
  <member type="way" ref="1164294663" role=""/>
  <member type="way" ref="1164294684" role=""/>
  <member type="way" ref="1164294683" role=""/>
  <member type="way" ref="1164294681" role=""/>
  <member type="way" ref="1328483206" role=""/>
  <member type="way" ref="1164294661" role=""/>
  <member type="way" ref="1164294673" role=""/>
  <member type="way" ref="983627970" role=""/>
  <member type="way" ref="1164294667" role=""/>
  <member type="way" ref="1164294647" role=""/>
  <member type="way" ref="1328473922" role=""/>
  <member type="way" ref="1164294706" role=""/>
  <member type="way" ref="1165014321" role=""/>
  <member type="way" ref="1164294659" role=""/>
  <member type="way" ref="1167971996" role=""/>
  <member type="way" ref="1167971995" role=""/>
  <member type="way" ref="1165014304" role=""/>
  <member type="way" ref="1435307990" role=""/>
  <member type="way" ref="1165014305" role=""/>
  <member type="way" ref="1165014308" role=""/>
  <member type="way" ref="1334229159" role=""/>
  <member type="way" ref="42479215" role=""/>
  <member type="way" ref="216609208" role=""/>
  <member type="way" ref="216609209" role=""/>
  <member type="way" ref="1334229161" role=""/>
  <member type="way" ref="1171255986" role=""/>
  <member type="way" ref="1431683202" role=""/>
  <member type="way" ref="37408970" role=""/>
  <member type="way" ref="1452612551" role=""/>
  <member type="way" ref="1352322522" role=""/>
  <member type="way" ref="1445399630" role=""/>
  <member type="way" ref="1352322521" role=""/>
  <member type="way" ref="67147285" role=""/>
  <member type="way" ref="177788562" role=""/>
  <member type="way" ref="202050497" role=""/>
  <member type="way" ref="1431178888" role=""/>
  <member type="way" ref="177851889" role=""/>
  <member type="way" ref="1279011141" role=""/>
  <member type="way" ref="1279011143" role=""/>
  <member type="way" ref="1279011144" role=""/>
  <member type="way" ref="1292590968" role=""/>
  <member type="way" ref="1292590969" role=""/>
  <member type="way" ref="1238003474" role=""/>
  <member type="way" ref="1238003475" role=""/>
  <member type="way" ref="1470438343" role=""/>
  <member type="way" ref="1470438342" role=""/>
  <member type="way" ref="1238003478" role=""/>
  <member type="way" ref="1238003479" role=""/>
  <member type="way" ref="1334726904" role=""/>
  <member type="way" ref="1334726902" role=""/>
  <member type="way" ref="1334726903" role=""/>
  <member type="way" ref="132537441" role=""/>
  <member type="way" ref="1337273922" role=""/>
  <member type="way" ref="132537797" role=""/>
  <member type="way" ref="1334726905" role=""/>
  <member type="way" ref="1334726906" role=""/>
  <member type="way" ref="1334726907" role=""/>
  <member type="node" ref="12348141221" role=""/>
  <member type="node" ref="12348141222" role=""/>
  <member type="node" ref="12348141223" role=""/>
  <member type="node" ref="12348141231" role=""/>
  <member type="node" ref="12348141230" role=""/>
  <member type="node" ref="12348141232" role=""/>
  <tag k="from" v="시외버스터미널"/>
  <tag k="name" v="경주 버스 216 (터미널-선리치-덕고개-검단-터미널)"/>
  <tag k="operator" v="새천년미소"/>
  <tag k="ref" v="216"/>
  <tag k="route" v="bus"/>
  <tag k="to" v="검단"/>
  <tag k="type" v="route"/>
 </relation>
 <relation id="18322713" visible="true" version="10" changeset="177704827" timestamp="2026-01-26T03:36:51Z" user="morago" uid="11113946">
  <member type="node" ref="12290911899" role=""/>
  <member type="node" ref="3774238668" role=""/>
  <member type="node" ref="4401151389" role=""/>
  <member type="node" ref="5558489429" role=""/>
  <member type="node" ref="12290932604" role=""/>
  <member type="node" ref="12290911900" role=""/>
  <member type="node" ref="12290932602" role=""/>
  <member type="node" ref="12290932605" role=""/>
  <member type="node" ref="12290932607" role=""/>
  <member type="node" ref="12290932606" role=""/>
  <member type="node" ref="12290932609" role=""/>
  <member type="node" ref="12290932608" role=""/>
  <member type="node" ref="12290932610" role=""/>
  <member type="node" ref="5909942588" role=""/>
  <member type="node" ref="12306151889" role=""/>
  <member type="node" ref="12306151888" role=""/>
  <member type="node" ref="12306151887" role=""/>
  <member type="node" ref="12306151886" role=""/>
  <member type="node" ref="12306151885" role=""/>
  <member type="node" ref="12306151883" role=""/>
  <member type="node" ref="12306151884" role=""/>
  <member type="node" ref="12306151881" role=""/>
  <member type="node" ref="12306151882" role=""/>
  <member type="node" ref="12343738866" role=""/>
  <member type="node" ref="12343738865" role=""/>
  <member type="node" ref="12343738867" role=""/>
  <member type="node" ref="12343738868" role=""/>
  <member type="node" ref="12343738869" role=""/>
  <member type="node" ref="12343738870" role=""/>
  <member type="node" ref="12343738871" role=""/>
  <member type="node" ref="12343738872" role=""/>
  <member type="node" ref="12343738873" role=""/>
  <member type="node" ref="12343738874" role=""/>
  <member type="node" ref="12343738876" role=""/>
  <member type="node" ref="12343738875" role=""/>
  <member type="node" ref="12343738877" role=""/>
  <member type="node" ref="12343738878" role=""/>
  <member type="node" ref="12343738882" role=""/>
  <member type="node" ref="12343738881" role=""/>
  <member type="node" ref="12343738884" role=""/>
  <member type="node" ref="12343738883" role=""/>
  <member type="node" ref="12343738886" role=""/>
  <member type="node" ref="12343738885" role=""/>
  <member type="node" ref="12343738887" role=""/>
  <member type="node" ref="12343738888" role=""/>
  <member type="node" ref="12343738890" role=""/>
  <member type="node" ref="12343738889" role=""/>
  <member type="node" ref="12343738892" role=""/>
  <member type="node" ref="12343738891" role=""/>
  <member type="node" ref="12343738893" role=""/>
  <member type="node" ref="12343738894" role=""/>
  <member type="node" ref="12343738895" role=""/>
  <member type="node" ref="12343738896" role=""/>
  <member type="node" ref="12343738898" role=""/>
  <member type="node" ref="12343738897" role=""/>
  <member type="node" ref="12348141214" role=""/>
  <member type="node" ref="12348141213" role=""/>
  <member type="node" ref="12348141211" role=""/>
  <member type="node" ref="12348141212" role=""/>
  <member type="node" ref="12348141215" role=""/>
  <member type="node" ref="12348141216" role=""/>
  <member type="node" ref="12348141217" role=""/>
  <member type="node" ref="12348141219" role=""/>
  <member type="node" ref="12348141225" role=""/>
  <member type="node" ref="12348141226" role=""/>
  <member type="node" ref="12348141229" role=""/>
  <member type="node" ref="12348141228" role=""/>
  <member type="node" ref="12348141231" role=""/>
  <member type="node" ref="12348141230" role=""/>
  <member type="node" ref="12348141232" role=""/>
  <member type="way" ref="1328483751" role=""/>
  <member type="way" ref="1164294693" role=""/>
  <member type="way" ref="1164614197" role=""/>
  <member type="way" ref="202234982" role=""/>
  <member type="way" ref="303318791" role=""/>
  <member type="way" ref="1164614109" role=""/>
  <member type="way" ref="1164614105" role=""/>
  <member type="way" ref="1164294682" role=""/>
  <member type="way" ref="1164294688" role=""/>
  <member type="way" ref="1164294691" role=""/>
  <member type="way" ref="42409276" role=""/>
  <member type="way" ref="1164294696" role=""/>
  <member type="way" ref="1328473918" role=""/>
  <member type="way" ref="1164614201" role=""/>
  <member type="way" ref="1328483752" role=""/>
  <member type="way" ref="216609209" role=""/>
  <member type="way" ref="216609208" role=""/>
  <member type="way" ref="42479215" role=""/>
  <member type="way" ref="1334229159" role=""/>
  <member type="way" ref="1165014308" role=""/>
  <member type="way" ref="1165014305" role=""/>
  <member type="way" ref="1435307990" role=""/>
  <member type="way" ref="1165014304" role=""/>
  <member type="way" ref="1167971995" role=""/>
  <member type="way" ref="1167971996" role=""/>
  <member type="way" ref="1164294659" role=""/>
  <member type="way" ref="1165014321" role=""/>
  <member type="way" ref="1164294706" role=""/>
  <member type="way" ref="1328473922" role=""/>
  <member type="way" ref="1164294647" role=""/>
  <member type="way" ref="1164294667" role=""/>
  <member type="way" ref="983627970" role=""/>
  <member type="way" ref="1164294673" role=""/>
  <member type="way" ref="1164294661" role=""/>
  <member type="way" ref="1328483206" role=""/>
  <member type="way" ref="1164294681" role=""/>
  <member type="way" ref="1164294683" role=""/>
  <member type="way" ref="1164294684" role=""/>
  <member type="way" ref="1164294663" role=""/>
  <member type="way" ref="1164294670" role=""/>
  <member type="way" ref="1164294664" role=""/>
  <member type="way" ref="1164294669" role=""/>
  <member type="way" ref="1164294665" role=""/>
  <member type="way" ref="535912240" role=""/>
  <member type="way" ref="202234978" role=""/>
  <member type="way" ref="1434036019" role=""/>
  <member type="way" ref="1167971998" role=""/>
  <member type="way" ref="1167971997" role=""/>
  <member type="way" ref="1165014319" role=""/>
  <member type="way" ref="42409266" role=""/>
  <member type="way" ref="1436677994" role=""/>
  <member type="way" ref="1165014307" role=""/>
  <member type="way" ref="1165014310" role=""/>
  <member type="way" ref="1163498915" role=""/>
  <member type="way" ref="1165014287" role=""/>
  <member type="way" ref="1171255986" role=""/>
  <member type="way" ref="1334229161" role=""/>
  <member type="way" ref="1431683202" role=""/>
  <member type="way" ref="37408970" role=""/>
  <member type="way" ref="1452612551" role=""/>
  <member type="way" ref="1352322522" role=""/>
  <member type="way" ref="1445399630" role=""/>
  <member type="way" ref="1352322521" role=""/>
  <member type="way" ref="67147285" role=""/>
  <member type="way" ref="177788562" role=""/>
  <member type="way" ref="202050497" role=""/>
  <member type="way" ref="1431178888" role=""/>
  <member type="way" ref="177851889" role=""/>
  <member type="way" ref="1279011141" role=""/>
  <member type="way" ref="1279011143" role=""/>
  <member type="way" ref="1279011144" role=""/>
  <member type="way" ref="1292590968" role=""/>
  <member type="way" ref="1292590969" role=""/>
  <member type="way" ref="1238003474" role=""/>
  <member type="way" ref="1238003475" role=""/>
  <member type="way" ref="1470438343" role=""/>
  <member type="way" ref="1470438342" role=""/>
  <member type="way" ref="1238003478" role=""/>
  <member type="way" ref="1238003479" role=""/>
  <member type="way" ref="1334726904" role=""/>
  <member type="way" ref="1334726902" role=""/>
  <member type="way" ref="1334726903" role=""/>
  <member type="way" ref="132537441" role=""/>
  <member type="way" ref="1334726907" role=""/>
  <member type="way" ref="1334726906" role=""/>
  <member type="way" ref="1334726905" role=""/>
  <member type="way" ref="1337273922" role=""/>
  <tag k="from" v="시외버스터미널"/>
  <tag k="name" v="경주 버스 216 (터미널-검단-터미널)"/>
  <tag k="operator" v="새천년미소"/>
  <tag k="ref" v="216"/>
  <tag k="route" v="bus"/>
  <tag k="to" v="검단"/>
  <tag k="type" v="route"/>
 </relation>
 <relation id="18322736" visible="true" version="10" changeset="177704827" timestamp="2026-01-26T03:36:51Z" user="morago" uid="11113946">
  <member type="node" ref="12290911899" role=""/>
  <member type="node" ref="3774238668" role=""/>
  <member type="node" ref="4401151389" role=""/>
  <member type="node" ref="5558489429" role=""/>
  <member type="node" ref="12290932604" role=""/>
  <member type="node" ref="12290911900" role=""/>
  <member type="node" ref="12290932602" role=""/>
  <member type="node" ref="12290932605" role=""/>
  <member type="node" ref="12290932606" role=""/>
  <member type="node" ref="12290932607" role=""/>
  <member type="node" ref="12290932609" role=""/>
  <member type="node" ref="12290932608" role=""/>
  <member type="node" ref="12290932610" role=""/>
  <member type="node" ref="5909942588" role=""/>
  <member type="node" ref="12306151889" role=""/>
  <member type="node" ref="12306151888" role=""/>
  <member type="node" ref="12306151887" role=""/>
  <member type="node" ref="12306151886" role=""/>
  <member type="node" ref="12306151885" role=""/>
  <member type="node" ref="12306151883" role=""/>
  <member type="node" ref="12306151884" role=""/>
  <member type="node" ref="12306151881" role=""/>
  <member type="node" ref="12306151882" role=""/>
  <member type="node" ref="12343738865" role=""/>
  <member type="node" ref="12343738866" role=""/>
  <member type="node" ref="12343738867" role=""/>
  <member type="node" ref="12343738868" role=""/>
  <member type="node" ref="12343738870" role=""/>
  <member type="node" ref="12343738869" role=""/>
  <member type="node" ref="12343738871" role=""/>
  <member type="node" ref="12343738872" role=""/>
  <member type="node" ref="12343738873" role=""/>
  <member type="node" ref="12343738874" role=""/>
  <member type="node" ref="12343738875" role=""/>
  <member type="node" ref="12343738876" role=""/>
  <member type="node" ref="12343738877" role=""/>
  <member type="node" ref="12343738878" role=""/>
  <member type="node" ref="12343738879" role=""/>
  <member type="node" ref="12343738880" role=""/>
  <member type="node" ref="12343738882" role=""/>
  <member type="node" ref="12343738881" role=""/>
  <member type="node" ref="12343738883" role=""/>
  <member type="node" ref="12343738884" role=""/>
  <member type="node" ref="12343738886" role=""/>
  <member type="node" ref="12343738885" role=""/>
  <member type="node" ref="12343738887" role=""/>
  <member type="node" ref="12343738888" role=""/>
  <member type="node" ref="12343738889" role=""/>
  <member type="node" ref="12343738890" role=""/>
  <member type="node" ref="12343738892" role=""/>
  <member type="node" ref="12343738891" role=""/>
  <member type="node" ref="12343738893" role=""/>
  <member type="node" ref="12343738894" role=""/>
  <member type="node" ref="12343738895" role=""/>
  <member type="node" ref="12343738896" role=""/>
  <member type="node" ref="12343738898" role=""/>
  <member type="node" ref="12343738897" role=""/>
  <member type="node" ref="12348141214" role=""/>
  <member type="node" ref="12348141213" role=""/>
  <member type="node" ref="12348141211" role=""/>
  <member type="node" ref="12348141212" role=""/>
  <member type="node" ref="12348141215" role=""/>
  <member type="node" ref="12348141216" role=""/>
  <member type="node" ref="12348141218" role=""/>
  <member type="node" ref="12348141220" role=""/>
  <member type="node" ref="12348141224" role=""/>
  <member type="node" ref="12348141227" role=""/>
  <member type="node" ref="12348141229" role=""/>
  <member type="node" ref="12348141228" role=""/>
  <member type="node" ref="12348141231" role=""/>
  <member type="node" ref="12348141230" role=""/>
  <member type="node" ref="12348141232" role=""/>
  <member type="way" ref="1328483751" role=""/>
  <member type="way" ref="1164294693" role=""/>
  <member type="way" ref="1164614197" role=""/>
  <member type="way" ref="202234982" role=""/>
  <member type="way" ref="303318791" role=""/>
  <member type="way" ref="1164614109" role=""/>
  <member type="way" ref="1164614105" role=""/>
  <member type="way" ref="1164294682" role=""/>
  <member type="way" ref="1164294688" role=""/>
  <member type="way" ref="1164294691" role=""/>
  <member type="way" ref="42409276" role=""/>
  <member type="way" ref="1164294696" role=""/>
  <member type="way" ref="1328473918" role=""/>
  <member type="way" ref="1164614201" role=""/>
  <member type="way" ref="1328483752" role=""/>
  <member type="way" ref="1171255986" role=""/>
  <member type="way" ref="1165014287" role=""/>
  <member type="way" ref="1163498915" role=""/>
  <member type="way" ref="1165014310" role=""/>
  <member type="way" ref="1165014307" role=""/>
  <member type="way" ref="1436677994" role=""/>
  <member type="way" ref="42409266" role=""/>
  <member type="way" ref="1165014319" role=""/>
  <member type="way" ref="1167971997" role=""/>
  <member type="way" ref="1167971998" role=""/>
  <member type="way" ref="1434036019" role=""/>
  <member type="way" ref="202234978" role=""/>
  <member type="way" ref="535912240" role=""/>
  <member type="way" ref="1164294665" role=""/>
  <member type="way" ref="1164294669" role=""/>
  <member type="way" ref="1164294664" role=""/>
  <member type="way" ref="1164294670" role=""/>
  <member type="way" ref="1164294663" role=""/>
  <member type="way" ref="1164294684" role=""/>
  <member type="way" ref="1164294683" role=""/>
  <member type="way" ref="1164294681" role=""/>
  <member type="way" ref="1328483206" role=""/>
  <member type="way" ref="1164294661" role=""/>
  <member type="way" ref="1164294673" role=""/>
  <member type="way" ref="983627970" role=""/>
  <member type="way" ref="1164294667" role=""/>
  <member type="way" ref="1164294647" role=""/>
  <member type="way" ref="1328473922" role=""/>
  <member type="way" ref="1164294706" role=""/>
  <member type="way" ref="1165014321" role=""/>
  <member type="way" ref="1164294659" role=""/>
  <member type="way" ref="1167971996" role=""/>
  <member type="way" ref="1167971995" role=""/>
  <member type="way" ref="1165014304" role=""/>
  <member type="way" ref="1435307990" role=""/>
  <member type="way" ref="1165014305" role=""/>
  <member type="way" ref="1165014308" role=""/>
  <member type="way" ref="1334229159" role=""/>
  <member type="way" ref="42479215" role=""/>
  <member type="way" ref="216609208" role=""/>
  <member type="way" ref="216609209" role=""/>
  <member type="way" ref="1334229161" role=""/>
  <member type="way" ref="1431683202" role=""/>
  <member type="way" ref="37408970" role=""/>
  <member type="way" ref="1452612551" role=""/>
  <member type="way" ref="1352322522" role=""/>
  <member type="way" ref="1445399630" role=""/>
  <member type="way" ref="1352322521" role=""/>
  <member type="way" ref="67147285" role=""/>
  <member type="way" ref="177788562" role=""/>
  <member type="way" ref="202050497" role=""/>
  <member type="way" ref="1431178888" role=""/>
  <member type="way" ref="177851889" role=""/>
  <member type="way" ref="1279011141" role=""/>
  <member type="way" ref="1279011143" role=""/>
  <member type="way" ref="1279011144" role=""/>
  <member type="way" ref="1292590968" role=""/>
  <member type="way" ref="1292590969" role=""/>
  <member type="way" ref="1238003474" role=""/>
  <member type="way" ref="1238003475" role=""/>
  <member type="way" ref="1470438343" role=""/>
  <member type="way" ref="1470438342" role=""/>
  <member type="way" ref="1238003478" role=""/>
  <member type="way" ref="1238003479" role=""/>
  <member type="way" ref="1334726904" role=""/>
  <member type="way" ref="1334726902" role=""/>
  <member type="way" ref="1334726903" role=""/>
  <member type="way" ref="132537441" role=""/>
  <member type="way" ref="1334726907" role=""/>
  <member type="way" ref="1334726906" role=""/>
  <member type="way" ref="1334726905" role=""/>
  <member type="way" ref="1337273922" role=""/>
  <member type="way" ref="132537797" role=""/>
  <member type="node" ref="12348141221" role=""/>
  <member type="node" ref="12348141222" role=""/>
  <member type="node" ref="12348141223" role=""/>
  <tag k="from" v="시외버스터미널"/>
  <tag k="name" v="경주 버스 216 (터미널-검단-덕고개-선리치-터미널)"/>
  <tag k="operator" v="새천년미소"/>
  <tag k="ref" v="216"/>
  <tag k="route" v="bus"/>
  <tag k="to" v="검단"/>
  <tag k="type" v="route"/>
 </relation>
 <relation id="18350120" visible="true" version="11" changeset="178402699" timestamp="2026-02-11T11:39:58Z" user="이재윤" uid="3018052">
  <member type="node" ref="3774238668" role=""/>
  <member type="node" ref="12290911900" role=""/>
  <member type="node" ref="12290932602" role=""/>
  <member type="node" ref="12290932605" role=""/>
  <member type="node" ref="12290932606" role=""/>
  <member type="node" ref="12290932609" role=""/>
  <member type="node" ref="5909942588" role=""/>
  <member type="node" ref="12306151888" role=""/>
  <member type="node" ref="12306151886" role=""/>
  <member type="node" ref="12306151883" role=""/>
  <member type="node" ref="12306151881" role=""/>
  <member type="node" ref="12343738866" role=""/>
  <member type="node" ref="12343738867" role=""/>
  <member type="node" ref="12343738869" role=""/>
  <member type="node" ref="12343738872" role=""/>
  <member type="node" ref="12343738873" role=""/>
  <member type="node" ref="12343738876" role=""/>
  <member type="node" ref="12343738877" role=""/>
  <member type="node" ref="12343738879" role=""/>
  <member type="node" ref="12343738882" role=""/>
  <member type="node" ref="12343738884" role=""/>
  <member type="node" ref="12343738886" role=""/>
  <member type="node" ref="12343738887" role=""/>
  <member type="node" ref="12343738890" role=""/>
  <member type="node" ref="12343738892" role=""/>
  <member type="node" ref="12343738893" role=""/>
  <member type="node" ref="12343738896" role=""/>
  <member type="node" ref="12343738899" role=""/>
  <member type="node" ref="12343777401" role=""/>
  <member type="node" ref="12343777403" role=""/>
  <member type="node" ref="12343777406" role=""/>
  <member type="node" ref="12343777408" role=""/>
  <member type="node" ref="12343777410" role=""/>
  <member type="node" ref="12343777424" role=""/>
  <member type="node" ref="12343777427" role=""/>
  <member type="node" ref="12343777429" role=""/>
  <member type="node" ref="12343777430" role=""/>
  <member type="node" ref="12343777432" role=""/>
  <member type="node" ref="12097186056" role=""/>
  <member type="node" ref="12097209636" role=""/>
  <member type="node" ref="12097214133" role=""/>
  <member type="node" ref="12097214136" role=""/>
  <member type="node" ref="12097214138" role=""/>
  <member type="node" ref="12097214139" role=""/>
  <member type="node" ref="12097214141" role=""/>
  <member type="node" ref="12097226174" role=""/>
  <member type="node" ref="12097226175" role=""/>
  <member type="node" ref="12097226177" role=""/>
  <member type="node" ref="12097726240" role=""/>
  <member type="node" ref="12097726243" role=""/>
  <member type="node" ref="12097726245" role=""/>
  <member type="node" ref="12097726247" role=""/>
  <member type="node" ref="12098606759" role=""/>
  <member type="way" ref="1328483751" role=""/>
  <member type="way" ref="1328483752" role=""/>
  <member type="way" ref="1164614201" role=""/>
  <member type="way" ref="1328473918" role=""/>
  <member type="way" ref="1164294696" role=""/>
  <member type="way" ref="42409276" role=""/>
  <member type="way" ref="1164294691" role=""/>
  <member type="way" ref="1164294688" role=""/>
  <member type="way" ref="1164294681" role=""/>
  <member type="way" ref="1328483206" role=""/>
  <member type="way" ref="1164294661" role=""/>
  <member type="way" ref="1164294673" role=""/>
  <member type="way" ref="983627970" role=""/>
  <member type="way" ref="1164294667" role=""/>
  <member type="way" ref="1164294647" role=""/>
  <member type="way" ref="1328473922" role=""/>
  <member type="way" ref="1164294706" role=""/>
  <member type="way" ref="1165014321" role=""/>
  <member type="way" ref="1164294659" role=""/>
  <member type="way" ref="1167971996" role=""/>
  <member type="way" ref="1167971995" role=""/>
  <member type="way" ref="1165014304" role=""/>
  <member type="way" ref="1435307990" role=""/>
  <member type="way" ref="1165014305" role=""/>
  <member type="way" ref="1165014308" role=""/>
  <member type="way" ref="1334229159" role=""/>
  <member type="way" ref="42479215" role=""/>
  <member type="way" ref="216609208" role=""/>
  <member type="way" ref="216609209" role=""/>
  <member type="way" ref="1431683202" role=""/>
  <member type="way" ref="37408970" role=""/>
  <member type="way" ref="1452612551" role=""/>
  <member type="way" ref="1352322522" role=""/>
  <member type="way" ref="1445399630" role=""/>
  <member type="way" ref="1352322521" role=""/>
  <member type="way" ref="67147285" role=""/>
  <member type="way" ref="177788562" role=""/>
  <member type="way" ref="202050497" role=""/>
  <member type="way" ref="1431178888" role=""/>
  <member type="way" ref="177851889" role=""/>
  <member type="way" ref="1279011141" role=""/>
  <member type="way" ref="1279011143" role=""/>
  <member type="way" ref="1279011144" role=""/>
  <member type="way" ref="1292590968" role=""/>
  <member type="way" ref="1292590969" role=""/>
  <member type="way" ref="1238003474" role=""/>
  <member type="way" ref="1238003475" role=""/>
  <member type="way" ref="1470438343" role=""/>
  <member type="way" ref="1470438342" role=""/>
  <member type="way" ref="1238003478" role=""/>
  <member type="way" ref="1238003479" role=""/>
  <member type="way" ref="1334726904" role=""/>
  <member type="way" ref="1338604706" role=""/>
  <member type="way" ref="177851891" role=""/>
  <member type="way" ref="659859381" role=""/>
  <member type="way" ref="1308517984" role=""/>
  <member type="way" ref="1308517985" role=""/>
  <member type="way" ref="1334627269" role=""/>
  <member type="way" ref="177788592" role=""/>
  <member type="way" ref="1429708523" role=""/>
  <member type="way" ref="1333473244" role=""/>
  <member type="way" ref="1306170592" role=""/>
  <member type="way" ref="394158702" role=""/>
  <member type="way" ref="686375757" role=""/>
  <member type="way" ref="1337359689" role=""/>
  <member type="way" ref="1306170719" role=""/>
  <member type="way" ref="383425068" role=""/>
  <member type="way" ref="1338859051" role=""/>
  <member type="way" ref="394158693" role=""/>
  <member type="way" ref="394158691" role=""/>
  <member type="node" ref="12098606760" role=""/>
  <member type="node" ref="13142444021" role=""/>
  <member type="node" ref="12097214144" role=""/>
  <tag k="from" v="시외버스터미널"/>
  <tag k="name" v="경주 버스 222 (경주터미널-금장-사방-한동APT)"/>
  <tag k="operator" v="새천년미소"/>
  <tag k="ref" v="222"/>
  <tag k="route" v="bus"/>
  <tag k="to" v="산대리한동아파트/화성한동타운"/>
  <tag k="type" v="route"/>
 </relation>
 <relation id="18350162" visible="true" version="9" changeset="177704827" timestamp="2026-01-26T03:36:51Z" user="morago" uid="11113946">
  <member type="node" ref="12117552388" role=""/>
  <member type="node" ref="12343777433" role=""/>
  <member type="node" ref="12343777431" role=""/>
  <member type="node" ref="12343777428" role=""/>
  <member type="node" ref="12343777426" role=""/>
  <member type="node" ref="12343777425" role=""/>
  <member type="node" ref="12343777409" role=""/>
  <member type="node" ref="12343777407" role=""/>
  <member type="node" ref="12343777405" role=""/>
  <member type="node" ref="12343777404" role=""/>
  <member type="node" ref="12343777402" role=""/>
  <member type="node" ref="12343738900" role=""/>
  <member type="node" ref="12343738895" role=""/>
  <member type="node" ref="12343738894" role=""/>
  <member type="node" ref="12343738891" role=""/>
  <member type="node" ref="12343738889" role=""/>
  <member type="node" ref="12343738888" role=""/>
  <member type="node" ref="12343738883" role=""/>
  <member type="node" ref="12343738881" role=""/>
  <member type="node" ref="12343738880" role=""/>
  <member type="node" ref="12343738878" role=""/>
  <member type="node" ref="12343738875" role=""/>
  <member type="node" ref="12343738874" role=""/>
  <member type="node" ref="12343738871" role=""/>
  <member type="node" ref="12343738870" role=""/>
  <member type="node" ref="12343738868" role=""/>
  <member type="node" ref="12306151882" role=""/>
  <member type="node" ref="12306151884" role=""/>
  <member type="node" ref="12306151885" role=""/>
  <member type="node" ref="12306151887" role=""/>
  <member type="node" ref="12290932610" role=""/>
  <member type="node" ref="12290932608" role=""/>
  <member type="node" ref="12290932607" role=""/>
  <member type="node" ref="12290932604" role=""/>
  <member type="node" ref="5558489429" role=""/>
  <member type="node" ref="4401151389" role=""/>
  <member type="node" ref="12290911899" role=""/>
  <member type="way" ref="1337356389" role=""/>
  <member type="way" ref="1308517984" role=""/>
  <member type="way" ref="659859381" role=""/>
  <member type="way" ref="177851891" role=""/>
  <member type="way" ref="1338604706" role=""/>
  <member type="way" ref="1334726904" role=""/>
  <member type="way" ref="1238003479" role=""/>
  <member type="way" ref="1238003478" role=""/>
  <member type="way" ref="1470438342" role=""/>
  <member type="way" ref="1470438343" role=""/>
  <member type="way" ref="1238003475" role=""/>
  <member type="way" ref="1238003474" role=""/>
  <member type="way" ref="1292590969" role=""/>
  <member type="way" ref="1292590968" role=""/>
  <member type="way" ref="1279011144" role=""/>
  <member type="way" ref="1279011143" role=""/>
  <member type="way" ref="1279011141" role=""/>
  <member type="way" ref="177851889" role=""/>
  <member type="way" ref="1431178888" role=""/>
  <member type="way" ref="202050497" role=""/>
  <member type="way" ref="177788562" role=""/>
  <member type="way" ref="67147285" role=""/>
  <member type="way" ref="1352322521" role=""/>
  <member type="way" ref="1445399630" role=""/>
  <member type="way" ref="1352322522" role=""/>
  <member type="way" ref="1452612551" role=""/>
  <member type="way" ref="37408970" role=""/>
  <member type="way" ref="1431683202" role=""/>
  <member type="way" ref="1334229161" role=""/>
  <member type="way" ref="1171255986" role=""/>
  <member type="way" ref="1165014287" role=""/>
  <member type="way" ref="1163498915" role=""/>
  <member type="way" ref="1165014310" role=""/>
  <member type="way" ref="1165014307" role=""/>
  <member type="way" ref="1436677994" role=""/>
  <member type="way" ref="42409266" role=""/>
  <member type="way" ref="1165014319" role=""/>
  <member type="way" ref="1167971997" role=""/>
  <member type="way" ref="1167971998" role=""/>
  <member type="way" ref="1434036019" role=""/>
  <member type="way" ref="202234978" role=""/>
  <member type="way" ref="535912240" role=""/>
  <member type="way" ref="1164294665" role=""/>
  <member type="way" ref="1164294669" role=""/>
  <member type="way" ref="1164294664" role=""/>
  <member type="way" ref="1164294670" role=""/>
  <member type="way" ref="1164294663" role=""/>
  <member type="way" ref="1164294684" role=""/>
  <member type="way" ref="1164294683" role=""/>
  <member type="way" ref="1164294682" role=""/>
  <member type="way" ref="1164614105" role=""/>
  <member type="way" ref="1164614109" role=""/>
  <member type="way" ref="303318791" role=""/>
  <member type="way" ref="202234982" role=""/>
  <member type="way" ref="1164614197" role=""/>
  <member type="way" ref="1164294693" role=""/>
  <member type="way" ref="1328483751" role=""/>
  <tag k="from" v="안강동부정류장"/>
  <tag k="name" v="경주 버스 222 (안강동부정류장-터미널 종점(하차전용))"/>
  <tag k="operator" v="새천년미소"/>
  <tag k="ref" v="222"/>
  <tag k="route" v="bus"/>
  <tag k="to" v="터미널 종점(하차전용)"/>
  <tag k="type" v="route"/>
 </relation>
 <relation id="18354582" visible="true" version="14" changeset="175025632" timestamp="2025-11-23T13:20:01Z" user="이재윤" uid="3018052">
  <member type="node" ref="3774238668" role=""/>
  <member type="node" ref="12290911899" role=""/>
  <member type="node" ref="4401151389" role=""/>
  <member type="node" ref="5558489429" role=""/>
  <member type="node" ref="12290932604" role=""/>
  <member type="node" ref="12290911900" role=""/>
  <member type="node" ref="12290932602" role=""/>
  <member type="node" ref="12290932605" role=""/>
  <member type="node" ref="12290932606" role=""/>
  <member type="node" ref="12290932607" role=""/>
  <member type="node" ref="12290932609" role=""/>
  <member type="node" ref="12290932608" role=""/>
  <member type="node" ref="12290932610" role=""/>
  <member type="node" ref="5909942588" role=""/>
  <member type="node" ref="12306151889" role=""/>
  <member type="node" ref="12306151888" role=""/>
  <member type="node" ref="12306151887" role=""/>
  <member type="node" ref="12306151886" role=""/>
  <member type="node" ref="12306151885" role=""/>
  <member type="node" ref="12306151884" role=""/>
  <member type="node" ref="12306151883" role=""/>
  <member type="node" ref="12306151881" role=""/>
  <member type="node" ref="12306151882" role=""/>
  <member type="node" ref="12343738865" role=""/>
  <member type="node" ref="12343738866" role=""/>
  <member type="node" ref="12343738867" role=""/>
  <member type="node" ref="12343738868" role=""/>
  <member type="node" ref="12343738870" role=""/>
  <member type="node" ref="12343738869" role=""/>
  <member type="node" ref="12343738871" role=""/>
  <member type="node" ref="12343738872" role=""/>
  <member type="node" ref="12386184959" role=""/>
  <member type="node" ref="12386184960" role=""/>
  <member type="node" ref="12386184961" role=""/>
  <member type="node" ref="12386184963" role=""/>
  <member type="node" ref="12386184962" role=""/>
  <member type="node" ref="12386184978" role=""/>
  <member type="node" ref="12386184964" role=""/>
  <member type="node" ref="12386184980" role=""/>
  <member type="node" ref="12386184979" role=""/>
  <member type="node" ref="12386184982" role=""/>
  <member type="node" ref="12386184981" role=""/>
  <member type="node" ref="12386184983" role=""/>
  <member type="node" ref="12386184984" role=""/>
  <member type="node" ref="12386184986" role=""/>
  <member type="node" ref="12386184985" role=""/>
  <member type="node" ref="12386184987" role=""/>
  <member type="node" ref="12386184988" role=""/>
  <member type="node" ref="12386184989" role=""/>
  <member type="node" ref="12386184990" role=""/>
  <member type="node" ref="12386184994" role=""/>
  <member type="node" ref="12386184993" role=""/>
  <member type="node" ref="12386184996" role=""/>
  <member type="node" ref="12386184999" role=""/>
  <member type="node" ref="12386184995" role=""/>
  <member type="way" ref="1328483751" role=""/>
  <member type="way" ref="1328483752" role=""/>
  <member type="way" ref="1164614201" role=""/>
  <member type="way" ref="1328473918" role=""/>
  <member type="way" ref="1164294696" role=""/>
  <member type="way" ref="42409276" role=""/>
  <member type="way" ref="1164294691" role=""/>
  <member type="way" ref="1164294688" role=""/>
  <member type="way" ref="1164294682" role=""/>
  <member type="way" ref="1164614105" role=""/>
  <member type="way" ref="1164614109" role=""/>
  <member type="way" ref="303318791" role=""/>
  <member type="way" ref="202234982" role=""/>
  <member type="way" ref="1164614197" role=""/>
  <member type="way" ref="1164294693" role=""/>
  <member type="way" ref="1334229161" role=""/>
  <member type="way" ref="1171255986" role=""/>
  <member type="way" ref="1165014287" role=""/>
  <member type="way" ref="1163498915" role=""/>
  <member type="way" ref="1165014310" role=""/>
  <member type="way" ref="1165014307" role=""/>
  <member type="way" ref="1436677994" role=""/>
  <member type="way" ref="42409266" role=""/>
  <member type="way" ref="1165014319" role=""/>
  <member type="way" ref="1167971997" role=""/>
  <member type="way" ref="1167971998" role=""/>
  <member type="way" ref="1434036019" role=""/>
  <member type="way" ref="202234978" role=""/>
  <member type="way" ref="535912240" role=""/>
  <member type="way" ref="1164294665" role=""/>
  <member type="way" ref="1164294669" role=""/>
  <member type="way" ref="1164294664" role=""/>
  <member type="way" ref="1164294670" role=""/>
  <member type="way" ref="1164294663" role=""/>
  <member type="way" ref="1164294684" role=""/>
  <member type="way" ref="1164294683" role=""/>
  <member type="way" ref="1164294681" role=""/>
  <member type="way" ref="1328483206" role=""/>
  <member type="way" ref="1164294661" role=""/>
  <member type="way" ref="1164294673" role=""/>
  <member type="way" ref="983627970" role=""/>
  <member type="way" ref="1164294667" role=""/>
  <member type="way" ref="1164294647" role=""/>
  <member type="way" ref="1328473922" role=""/>
  <member type="way" ref="1164294706" role=""/>
  <member type="way" ref="1165014321" role=""/>
  <member type="way" ref="1164294659" role=""/>
  <member type="way" ref="1167971996" role=""/>
  <member type="way" ref="1167971995" role=""/>
  <member type="way" ref="1165014304" role=""/>
  <member type="way" ref="1435307990" role=""/>
  <member type="way" ref="1165014305" role=""/>
  <member type="way" ref="1165014308" role=""/>
  <member type="way" ref="1334229159" role=""/>
  <member type="way" ref="42479215" role=""/>
  <member type="way" ref="216609208" role=""/>
  <member type="way" ref="216609209" role=""/>
  <member type="way" ref="1431683202" role=""/>
  <member type="way" ref="37408970" role=""/>
  <member type="way" ref="1452612551" role=""/>
  <member type="way" ref="1352322522" role=""/>
  <member type="way" ref="1445399630" role=""/>
  <member type="way" ref="1352322521" role=""/>
  <member type="way" ref="67147285" role=""/>
  <member type="way" ref="177788562" role=""/>
  <member type="way" ref="1334229162" role=""/>
  <member type="way" ref="1334626933" role=""/>
  <member type="way" ref="1167349092" role=""/>
  <member type="way" ref="1167349091" role=""/>
  <member type="way" ref="1167349087" role=""/>
  <member type="way" ref="1167349090" role=""/>
  <member type="way" ref="177788553" role=""/>
  <member type="way" ref="177788552" role=""/>
  <member type="way" ref="1167972015" role=""/>
  <member type="way" ref="1167972016" role=""/>
  <member type="way" ref="1453087270" role=""/>
  <member type="way" ref="1097301989" role=""/>
  <member type="way" ref="177788573" role=""/>
  <member type="way" ref="177788567" role=""/>
  <member type="way" ref="1431178885" role=""/>
  <member type="way" ref="483994634" role=""/>
  <member type="way" ref="1165014302" role=""/>
  <member type="way" ref="1198651981" role=""/>
  <member type="way" ref="1165014325" role=""/>
  <member type="way" ref="1165014326" role=""/>
  <member type="way" ref="791258675" role=""/>
  <member type="way" ref="791258674" role=""/>
  <member type="way" ref="1432771892" role=""/>
  <member type="way" ref="1339046219" role=""/>
  <member type="way" ref="1354144723" role=""/>
  <member type="way" ref="1354144719" role=""/>
  <member type="way" ref="1198651985" role=""/>
  <member type="way" ref="1354144717" role=""/>
  <member type="way" ref="483994622" role=""/>
  <member type="way" ref="791258679" role=""/>
  <member type="way" ref="1339147294" role=""/>
  <member type="way" ref="1339046222" role=""/>
  <member type="way" ref="1165014297" role=""/>
  <member type="way" ref="1339046220" role=""/>
  <member type="way" ref="1339046225" role=""/>
  <member type="way" ref="1339046224" role=""/>
  <member type="way" ref="1339046216" role=""/>
  <member type="way" ref="1339046213" role=""/>
  <member type="way" ref="1339046215" role=""/>
  <member type="way" ref="1339046214" role=""/>
  <member type="way" ref="1354144725" role=""/>
  <member type="way" ref="1354144724" role=""/>
  <member type="way" ref="1354144721" role=""/>
  <member type="way" ref="1354144720" role=""/>
  <member type="way" ref="1354144718" role=""/>
  <tag k="from" v="시외버스터미널"/>
  <tag k="name" v="경주 버스 230 (서경주역경유)"/>
  <tag k="operator" v="새천년미소"/>
  <tag k="ref" v="230"/>
  <tag k="route" v="bus"/>
  <tag k="to" v="남사2리"/>
  <tag k="type" v="route"/>
 </relation>
 <relation id="18354583" visible="true" version="14" changeset="175025632" timestamp="2025-11-23T13:20:01Z" user="이재윤" uid="3018052">
  <member type="node" ref="3774238668" role=""/>
  <member type="node" ref="12290911899" role=""/>
  <member type="node" ref="4401151389" role=""/>
  <member type="node" ref="12290932604" role=""/>
  <member type="node" ref="12290911900" role=""/>
  <member type="node" ref="12290932602" role=""/>
  <member type="node" ref="12290932605" role=""/>
  <member type="node" ref="12290932607" role=""/>
  <member type="node" ref="12290932606" role=""/>
  <member type="node" ref="12290932609" role=""/>
  <member type="node" ref="12290932608" role=""/>
  <member type="node" ref="12290932610" role=""/>
  <member type="node" ref="12306151889" role=""/>
  <member type="node" ref="5909942588" role=""/>
  <member type="node" ref="12306151888" role=""/>
  <member type="node" ref="12306151887" role=""/>
  <member type="node" ref="12306151886" role=""/>
  <member type="node" ref="12306151885" role=""/>
  <member type="node" ref="12306151884" role=""/>
  <member type="node" ref="12306151883" role=""/>
  <member type="node" ref="12306151881" role=""/>
  <member type="node" ref="12306151882" role=""/>
  <member type="node" ref="12343738865" role=""/>
  <member type="node" ref="12343738866" role=""/>
  <member type="node" ref="12343738867" role=""/>
  <member type="node" ref="12343738868" role=""/>
  <member type="node" ref="12343738870" role=""/>
  <member type="node" ref="12343738869" role=""/>
  <member type="node" ref="12343738871" role=""/>
  <member type="node" ref="12343738872" role=""/>
  <member type="node" ref="12386184959" role=""/>
  <member type="node" ref="12386184960" role=""/>
  <member type="node" ref="12386184961" role=""/>
  <member type="node" ref="12386184963" role=""/>
  <member type="node" ref="12386184962" role=""/>
  <member type="node" ref="12386184965" role=""/>
  <member type="node" ref="12386184964" role=""/>
  <member type="node" ref="12386184979" role=""/>
  <member type="node" ref="12386184980" role=""/>
  <member type="node" ref="12386184981" role=""/>
  <member type="node" ref="12386184982" role=""/>
  <member type="node" ref="12386184984" role=""/>
  <member type="node" ref="12386184983" role=""/>
  <member type="node" ref="12386184986" role=""/>
  <member type="node" ref="12386184985" role=""/>
  <member type="node" ref="12386184987" role=""/>
  <member type="node" ref="12386184988" role=""/>
  <member type="node" ref="12386184989" role=""/>
  <member type="node" ref="12386184990" role=""/>
  <member type="node" ref="12386184994" role=""/>
  <member type="node" ref="12386184993" role=""/>
  <member type="node" ref="12386184996" role=""/>
  <member type="node" ref="12386184995" role=""/>
  <member type="node" ref="12386184999" role=""/>
  <member type="way" ref="1328483751" role=""/>
  <member type="way" ref="1328483752" role=""/>
  <member type="way" ref="1164614201" role=""/>
  <member type="way" ref="1328473918" role=""/>
  <member type="way" ref="1164294696" role=""/>
  <member type="way" ref="42409276" role=""/>
  <member type="way" ref="1164294691" role=""/>
  <member type="way" ref="1164294688" role=""/>
  <member type="way" ref="1164294682" role=""/>
  <member type="way" ref="1164614105" role=""/>
  <member type="way" ref="1164614109" role=""/>
  <member type="way" ref="303318791" role=""/>
  <member type="way" ref="202234982" role=""/>
  <member type="way" ref="1164614197" role=""/>
  <member type="way" ref="1164294693" role=""/>
  <member type="way" ref="1165014287" role=""/>
  <member type="way" ref="1163498915" role=""/>
  <member type="way" ref="1165014310" role=""/>
  <member type="way" ref="1165014307" role=""/>
  <member type="way" ref="1436677994" role=""/>
  <member type="way" ref="42409266" role=""/>
  <member type="way" ref="1165014319" role=""/>
  <member type="way" ref="1167971997" role=""/>
  <member type="way" ref="1167971998" role=""/>
  <member type="way" ref="1434036019" role=""/>
  <member type="way" ref="202234978" role=""/>
  <member type="way" ref="535912240" role=""/>
  <member type="way" ref="1164294665" role=""/>
  <member type="way" ref="1164294669" role=""/>
  <member type="way" ref="1164294664" role=""/>
  <member type="way" ref="1164294670" role=""/>
  <member type="way" ref="1164294663" role=""/>
  <member type="way" ref="1164294684" role=""/>
  <member type="way" ref="1164294683" role=""/>
  <member type="way" ref="1164294681" role=""/>
  <member type="way" ref="1328483206" role=""/>
  <member type="way" ref="1164294661" role=""/>
  <member type="way" ref="1164294673" role=""/>
  <member type="way" ref="983627970" role=""/>
  <member type="way" ref="1164294667" role=""/>
  <member type="way" ref="1164294647" role=""/>
  <member type="way" ref="1328473922" role=""/>
  <member type="way" ref="1164294706" role=""/>
  <member type="way" ref="1165014321" role=""/>
  <member type="way" ref="1164294659" role=""/>
  <member type="way" ref="1167971996" role=""/>
  <member type="way" ref="1167971995" role=""/>
  <member type="way" ref="1165014304" role=""/>
  <member type="way" ref="1435307990" role=""/>
  <member type="way" ref="1165014305" role=""/>
  <member type="way" ref="1165014308" role=""/>
  <member type="way" ref="1334229159" role=""/>
  <member type="way" ref="42479215" role=""/>
  <member type="way" ref="216609208" role=""/>
  <member type="way" ref="216609209" role=""/>
  <member type="way" ref="1334229161" role=""/>
  <member type="way" ref="1171255986" role=""/>
  <member type="way" ref="1431683202" role=""/>
  <member type="way" ref="37408970" role=""/>
  <member type="way" ref="1452612551" role=""/>
  <member type="way" ref="1352322522" role=""/>
  <member type="way" ref="1445399630" role=""/>
  <member type="way" ref="1352322521" role=""/>
  <member type="way" ref="67147285" role=""/>
  <member type="way" ref="177788562" role=""/>
  <member type="way" ref="1334229162" role=""/>
  <member type="way" ref="1334626933" role=""/>
  <member type="way" ref="1167349092" role=""/>
  <member type="way" ref="1167349091" role=""/>
  <member type="way" ref="1167349087" role=""/>
  <member type="way" ref="1167349090" role=""/>
  <member type="way" ref="177788553" role=""/>
  <member type="way" ref="177788552" role=""/>
  <member type="way" ref="1167972015" role=""/>
  <member type="way" ref="1167972016" role=""/>
  <member type="way" ref="1453087270" role=""/>
  <member type="way" ref="1097301989" role=""/>
  <member type="way" ref="177788573" role=""/>
  <member type="way" ref="177788567" role=""/>
  <member type="way" ref="1431178885" role=""/>
  <member type="way" ref="483994634" role=""/>
  <member type="way" ref="1165014302" role=""/>
  <member type="way" ref="1198651981" role=""/>
  <member type="way" ref="1165014325" role=""/>
  <member type="way" ref="1165014326" role=""/>
  <member type="way" ref="791258675" role=""/>
  <member type="way" ref="791258674" role=""/>
  <member type="way" ref="1432771892" role=""/>
  <member type="way" ref="1339046219" role=""/>
  <member type="way" ref="1354144723" role=""/>
  <member type="way" ref="1354144719" role=""/>
  <member type="way" ref="1198651985" role=""/>
  <member type="way" ref="1354144717" role=""/>
  <member type="way" ref="483994622" role=""/>
  <member type="way" ref="791258679" role=""/>
  <member type="way" ref="1339147294" role=""/>
  <member type="way" ref="1339046222" role=""/>
  <member type="way" ref="1165014297" role=""/>
  <member type="way" ref="1339046220" role=""/>
  <member type="way" ref="1339046225" role=""/>
  <member type="way" ref="1339046224" role=""/>
  <member type="way" ref="1354144725" role=""/>
  <member type="way" ref="1354144724" role=""/>
  <member type="way" ref="1354144721" role=""/>
  <member type="way" ref="1354144720" role=""/>
  <member type="way" ref="1354144718" role=""/>
  <tag k="from" v="시외버스터미널"/>
  <tag k="name" v="경주 버스 230 (터미널-남사-터미널)"/>
  <tag k="operator" v="새천년미소"/>
  <tag k="ref" v="230"/>
  <tag k="route" v="bus"/>
  <tag k="to" v="남사2리"/>
  <tag k="type" v="route"/>
 </relation>
 <relation id="18354787" visible="true" version="12" changeset="181573333" timestamp="2026-04-20T09:43:03Z" user="morago" uid="11113946">
  <member type="node" ref="3774238668" role=""/>
  <member type="node" ref="12290911899" role=""/>
  <member type="node" ref="4401151389" role=""/>
  <member type="node" ref="5558489429" role=""/>
  <member type="node" ref="12290911900" role=""/>
  <member type="node" ref="12290932602" role=""/>
  <member type="node" ref="12290932605" role=""/>
  <member type="node" ref="12290932604" role=""/>
  <member type="node" ref="12290932607" role=""/>
  <member type="node" ref="12290932606" role=""/>
  <member type="node" ref="12290932608" role=""/>
  <member type="node" ref="12290932610" role=""/>
  <member type="node" ref="12290932609" role=""/>
  <member type="node" ref="12306151889" role=""/>
  <member type="node" ref="5909942588" role=""/>
  <member type="node" ref="12306151888" role=""/>
  <member type="node" ref="12306151887" role=""/>
  <member type="node" ref="12306151885" role=""/>
  <member type="node" ref="12306151886" role=""/>
  <member type="node" ref="12306151884" role=""/>
  <member type="node" ref="12306151883" role=""/>
  <member type="node" ref="12306151881" role=""/>
  <member type="node" ref="12306151882" role=""/>
  <member type="node" ref="12343738865" role=""/>
  <member type="node" ref="12343738866" role=""/>
  <member type="node" ref="12343738867" role=""/>
  <member type="node" ref="12343738868" role=""/>
  <member type="node" ref="12343738869" role=""/>
  <member type="node" ref="12343738870" role=""/>
  <member type="node" ref="12343738871" role=""/>
  <member type="node" ref="12343738872" role=""/>
  <member type="node" ref="12386184959" role=""/>
  <member type="node" ref="12386184960" role=""/>
  <member type="node" ref="12386184961" role=""/>
  <member type="node" ref="12386184963" role=""/>
  <member type="node" ref="12386184962" role=""/>
  <member type="node" ref="12386184965" role=""/>
  <member type="node" ref="12386184964" role=""/>
  <member type="node" ref="12386184980" role=""/>
  <member type="node" ref="12386184979" role=""/>
  <member type="node" ref="12387359267" role=""/>
  <member type="node" ref="12387359269" role=""/>
  <member type="node" ref="12387359270" role=""/>
  <member type="node" ref="12386184984" role=""/>
  <member type="node" ref="12386184986" role=""/>
  <member type="node" ref="12386184988" role=""/>
  <member type="node" ref="12387359272" role=""/>
  <member type="node" ref="12387359273" role=""/>
  <member type="node" ref="12387359277" role=""/>
  <member type="node" ref="12387359275" role=""/>
  <member type="node" ref="12387359274" role=""/>
  <member type="node" ref="12387359276" role=""/>
  <member type="node" ref="12387359279" role=""/>
  <member type="node" ref="12387359278" role=""/>
  <member type="way" ref="1328483751" role=""/>
  <member type="way" ref="1328483752" role=""/>
  <member type="way" ref="1164614201" role=""/>
  <member type="way" ref="1328473918" role=""/>
  <member type="way" ref="1164294696" role=""/>
  <member type="way" ref="42409276" role=""/>
  <member type="way" ref="1164294691" role=""/>
  <member type="way" ref="1164294688" role=""/>
  <member type="way" ref="1164294682" role=""/>
  <member type="way" ref="1164614105" role=""/>
  <member type="way" ref="1164614109" role=""/>
  <member type="way" ref="303318791" role=""/>
  <member type="way" ref="202234982" role=""/>
  <member type="way" ref="1164614197" role=""/>
  <member type="way" ref="1164294693" role=""/>
  <member type="way" ref="216609209" role=""/>
  <member type="way" ref="216609208" role=""/>
  <member type="way" ref="42479215" role=""/>
  <member type="way" ref="1334229159" role=""/>
  <member type="way" ref="1165014308" role=""/>
  <member type="way" ref="1165014305" role=""/>
  <member type="way" ref="1435307990" role=""/>
  <member type="way" ref="1165014304" role=""/>
  <member type="way" ref="1167971995" role=""/>
  <member type="way" ref="1167971996" role=""/>
  <member type="way" ref="1164294659" role=""/>
  <member type="way" ref="1165014321" role=""/>
  <member type="way" ref="1164294706" role=""/>
  <member type="way" ref="1328473922" role=""/>
  <member type="way" ref="1164294647" role=""/>
  <member type="way" ref="1164294667" role=""/>
  <member type="way" ref="983627970" role=""/>
  <member type="way" ref="1164294673" role=""/>
  <member type="way" ref="1164294661" role=""/>
  <member type="way" ref="1328483206" role=""/>
  <member type="way" ref="1164294681" role=""/>
  <member type="way" ref="1164294683" role=""/>
  <member type="way" ref="1164294684" role=""/>
  <member type="way" ref="1164294663" role=""/>
  <member type="way" ref="1164294670" role=""/>
  <member type="way" ref="1164294664" role=""/>
  <member type="way" ref="1164294669" role=""/>
  <member type="way" ref="1164294665" role=""/>
  <member type="way" ref="535912240" role=""/>
  <member type="way" ref="202234978" role=""/>
  <member type="way" ref="1434036019" role=""/>
  <member type="way" ref="1167971998" role=""/>
  <member type="way" ref="1167971997" role=""/>
  <member type="way" ref="1165014319" role=""/>
  <member type="way" ref="42409266" role=""/>
  <member type="way" ref="1436677994" role=""/>
  <member type="way" ref="1165014307" role=""/>
  <member type="way" ref="1165014310" role=""/>
  <member type="way" ref="1163498915" role=""/>
  <member type="way" ref="1165014287" role=""/>
  <member type="way" ref="1171255986" role=""/>
  <member type="way" ref="1334229161" role=""/>
  <member type="way" ref="1431683202" role=""/>
  <member type="way" ref="37408970" role=""/>
  <member type="way" ref="1452612551" role=""/>
  <member type="way" ref="1352322522" role=""/>
  <member type="way" ref="1445399630" role=""/>
  <member type="way" ref="1352322521" role=""/>
  <member type="way" ref="67147285" role=""/>
  <member type="way" ref="177788562" role=""/>
  <member type="way" ref="1334229162" role=""/>
  <member type="way" ref="1334626933" role=""/>
  <member type="way" ref="1167349092" role=""/>
  <member type="way" ref="1167349091" role=""/>
  <member type="way" ref="1167349087" role=""/>
  <member type="way" ref="1167349090" role=""/>
  <member type="way" ref="177788553" role=""/>
  <member type="way" ref="177788552" role=""/>
  <member type="way" ref="1167972015" role=""/>
  <member type="way" ref="1167972016" role=""/>
  <member type="way" ref="1453087270" role=""/>
  <member type="way" ref="1097301989" role=""/>
  <member type="way" ref="177788573" role=""/>
  <member type="way" ref="177788567" role=""/>
  <member type="way" ref="1431178885" role=""/>
  <member type="way" ref="483994634" role=""/>
  <member type="way" ref="1165014302" role=""/>
  <member type="way" ref="1198651980" role=""/>
  <member type="way" ref="1165014303" role=""/>
  <member type="way" ref="1198651983" role=""/>
  <member type="way" ref="1354144726" role=""/>
  <member type="way" ref="1339046219" role=""/>
  <member type="way" ref="1354144723" role=""/>
  <member type="way" ref="1354144719" role=""/>
  <member type="way" ref="1198651985" role=""/>
  <member type="way" ref="1354144717" role=""/>
  <member type="way" ref="483994622" role=""/>
  <member type="way" ref="791258679" role=""/>
  <member type="way" ref="791258680" role=""/>
  <member type="way" ref="791258682" role=""/>
  <member type="way" ref="791258681" role=""/>
  <member type="way" ref="1198651981" role=""/>
  <member type="way" ref="1339046217" role=""/>
  <member type="way" ref="1165014324" role=""/>
  <member type="way" ref="1431178884" role=""/>
  <member type="way" ref="1501335932" role=""/>
  <member type="way" ref="1501335926" role=""/>
  <member type="way" ref="1501335925" role=""/>
  <member type="way" ref="1501335931" role=""/>
  <member type="way" ref="1339147296" role=""/>
  <member type="way" ref="1339147295" role=""/>
  <member type="way" ref="430808047" role=""/>
  <member type="way" ref="1339147294" role=""/>
  <member type="node" ref="12387359285" role=""/>
  <member type="node" ref="12387359265" role=""/>
  <member type="node" ref="12387343279" role=""/>
  <tag k="from" v="시외버스터미널"/>
  <tag k="name" v="경주 버스 231 (터미널(디자인고경유)-내태(소현경유)-터미널)"/>
  <tag k="operator" v="새천년미소"/>
  <tag k="ref" v="231"/>
  <tag k="route" v="bus"/>
  <tag k="to" v="내태1리(종점)"/>
  <tag k="type" v="route"/>
 </relation>
 <relation id="18354804" visible="true" version="11" changeset="181573333" timestamp="2026-04-20T09:43:03Z" user="morago" uid="11113946">
  <member type="node" ref="4300784574" role=""/>
  <member type="node" ref="3774238668" role=""/>
  <member type="node" ref="4401151389" role=""/>
  <member type="node" ref="5558489429" role=""/>
  <member type="node" ref="12290932604" role=""/>
  <member type="node" ref="12290911900" role=""/>
  <member type="node" ref="12290932602" role=""/>
  <member type="node" ref="12290932605" role=""/>
  <member type="node" ref="12290932607" role=""/>
  <member type="node" ref="12290932606" role=""/>
  <member type="node" ref="12290932608" role=""/>
  <member type="node" ref="12290932609" role=""/>
  <member type="node" ref="12290932610" role=""/>
  <member type="node" ref="12306151889" role=""/>
  <member type="node" ref="5909942588" role=""/>
  <member type="node" ref="12306151888" role=""/>
  <member type="node" ref="12306151887" role=""/>
  <member type="node" ref="12306151885" role=""/>
  <member type="node" ref="12306151886" role=""/>
  <member type="node" ref="12306151884" role=""/>
  <member type="node" ref="12306151883" role=""/>
  <member type="node" ref="12306151881" role=""/>
  <member type="node" ref="12306151882" role=""/>
  <member type="node" ref="12343738865" role=""/>
  <member type="node" ref="12343738866" role=""/>
  <member type="node" ref="12343738868" role=""/>
  <member type="node" ref="12343738867" role=""/>
  <member type="node" ref="12343738869" role=""/>
  <member type="node" ref="12343738870" role=""/>
  <member type="node" ref="12343738871" role=""/>
  <member type="node" ref="12343738872" role=""/>
  <member type="node" ref="12386184959" role=""/>
  <member type="node" ref="12386184960" role=""/>
  <member type="node" ref="12386184961" role=""/>
  <member type="node" ref="12386184963" role=""/>
  <member type="node" ref="12386184962" role=""/>
  <member type="node" ref="12386184965" role=""/>
  <member type="node" ref="12386184964" role=""/>
  <member type="node" ref="12386184979" role=""/>
  <member type="node" ref="12386184980" role=""/>
  <member type="node" ref="12387343280" role=""/>
  <member type="node" ref="12387343279" role=""/>
  <member type="node" ref="12387359265" role=""/>
  <member type="node" ref="12387359266" role=""/>
  <member type="node" ref="12387359270" role=""/>
  <member type="node" ref="12387359272" role=""/>
  <member type="node" ref="12387359273" role=""/>
  <member type="node" ref="12387359275" role=""/>
  <member type="node" ref="12387359274" role=""/>
  <member type="node" ref="12387359277" role=""/>
  <member type="node" ref="12387359276" role=""/>
  <member type="node" ref="12387359278" role=""/>
  <member type="node" ref="12387359285" role=""/>
  <member type="way" ref="1328483752" role=""/>
  <member type="way" ref="1164614201" role=""/>
  <member type="way" ref="1328473918" role=""/>
  <member type="way" ref="1164294696" role=""/>
  <member type="way" ref="42409276" role=""/>
  <member type="way" ref="1164294691" role=""/>
  <member type="way" ref="1164294688" role=""/>
  <member type="way" ref="1164294682" role=""/>
  <member type="way" ref="1164614105" role=""/>
  <member type="way" ref="1164614109" role=""/>
  <member type="way" ref="303318791" role=""/>
  <member type="way" ref="202234982" role=""/>
  <member type="way" ref="1164614197" role=""/>
  <member type="way" ref="1164294693" role=""/>
  <member type="way" ref="1328483751" role=""/>
  <member type="way" ref="1171255986" role=""/>
  <member type="way" ref="1165014287" role=""/>
  <member type="way" ref="1163498915" role=""/>
  <member type="way" ref="1165014310" role=""/>
  <member type="way" ref="1165014307" role=""/>
  <member type="way" ref="1436677994" role=""/>
  <member type="way" ref="42409266" role=""/>
  <member type="way" ref="1165014319" role=""/>
  <member type="way" ref="1167971997" role=""/>
  <member type="way" ref="1167971998" role=""/>
  <member type="way" ref="1434036019" role=""/>
  <member type="way" ref="202234978" role=""/>
  <member type="way" ref="535912240" role=""/>
  <member type="way" ref="1164294665" role=""/>
  <member type="way" ref="1164294669" role=""/>
  <member type="way" ref="1164294664" role=""/>
  <member type="way" ref="1164294670" role=""/>
  <member type="way" ref="1164294663" role=""/>
  <member type="way" ref="1164294684" role=""/>
  <member type="way" ref="1164294683" role=""/>
  <member type="way" ref="1164294681" role=""/>
  <member type="way" ref="1328483206" role=""/>
  <member type="way" ref="1164294661" role=""/>
  <member type="way" ref="1164294673" role=""/>
  <member type="way" ref="983627970" role=""/>
  <member type="way" ref="1164294667" role=""/>
  <member type="way" ref="1164294647" role=""/>
  <member type="way" ref="1328473922" role=""/>
  <member type="way" ref="1164294706" role=""/>
  <member type="way" ref="1165014321" role=""/>
  <member type="way" ref="1164294659" role=""/>
  <member type="way" ref="1167971996" role=""/>
  <member type="way" ref="1167971995" role=""/>
  <member type="way" ref="1165014304" role=""/>
  <member type="way" ref="1435307990" role=""/>
  <member type="way" ref="1165014305" role=""/>
  <member type="way" ref="1165014308" role=""/>
  <member type="way" ref="1334229159" role=""/>
  <member type="way" ref="42479215" role=""/>
  <member type="way" ref="216609208" role=""/>
  <member type="way" ref="216609209" role=""/>
  <member type="way" ref="1334229161" role=""/>
  <member type="way" ref="1431683202" role=""/>
  <member type="way" ref="37408970" role=""/>
  <member type="way" ref="1452612551" role=""/>
  <member type="way" ref="1352322522" role=""/>
  <member type="way" ref="1445399630" role=""/>
  <member type="way" ref="1352322521" role=""/>
  <member type="way" ref="67147285" role=""/>
  <member type="way" ref="177788562" role=""/>
  <member type="way" ref="1334229162" role=""/>
  <member type="way" ref="1334626933" role=""/>
  <member type="way" ref="1167349092" role=""/>
  <member type="way" ref="1167349091" role=""/>
  <member type="way" ref="1167349087" role=""/>
  <member type="way" ref="1167349090" role=""/>
  <member type="way" ref="177788553" role=""/>
  <member type="way" ref="177788552" role=""/>
  <member type="way" ref="1167972015" role=""/>
  <member type="way" ref="1167972016" role=""/>
  <member type="way" ref="1453087270" role=""/>
  <member type="way" ref="1097301989" role=""/>
  <member type="way" ref="177788573" role=""/>
  <member type="way" ref="177788567" role=""/>
  <member type="way" ref="1431178885" role=""/>
  <member type="way" ref="483994634" role=""/>
  <member type="way" ref="1165014302" role=""/>
  <member type="way" ref="1198651981" role=""/>
  <member type="way" ref="1339046217" role=""/>
  <member type="way" ref="1165014324" role=""/>
  <member type="way" ref="1431178884" role=""/>
  <member type="way" ref="1501335932" role=""/>
  <member type="way" ref="1501335926" role=""/>
  <member type="way" ref="1501335925" role=""/>
  <member type="way" ref="1501335931" role=""/>
  <member type="way" ref="1339147296" role=""/>
  <member type="way" ref="1339147295" role=""/>
  <member type="way" ref="430808047" role=""/>
  <member type="node" ref="12387359268" role=""/>
  <member type="node" ref="12387359267" role=""/>
  <member type="node" ref="12387359269" role=""/>
  <tag k="from" v="시외버스터미널"/>
  <tag k="name" v="경주 버스 231 (터미널(소현경유)-내태-터미널)"/>
  <tag k="operator" v="새천년미소"/>
  <tag k="ref" v="231"/>
  <tag k="route" v="bus"/>
  <tag k="to" v="내태1리(종점)"/>
  <tag k="type" v="route"/>
 </relation>
 <relation id="18419839" visible="true" version="11" changeset="181573333" timestamp="2026-04-20T09:43:03Z" user="morago" uid="11113946">
  <member type="node" ref="4401151389" role=""/>
  <member type="node" ref="12290911899" role=""/>
  <member type="node" ref="3774238668" role=""/>
  <member type="node" ref="5558489429" role=""/>
  <member type="node" ref="12290932604" role=""/>
  <member type="node" ref="12290911900" role=""/>
  <member type="node" ref="12290932602" role=""/>
  <member type="node" ref="12290932605" role=""/>
  <member type="node" ref="12290932606" role=""/>
  <member type="node" ref="12290932607" role=""/>
  <member type="node" ref="12290932609" role=""/>
  <member type="node" ref="12290932608" role=""/>
  <member type="node" ref="12290932610" role=""/>
  <member type="node" ref="5909942588" role=""/>
  <member type="node" ref="12306151889" role=""/>
  <member type="node" ref="12306151888" role=""/>
  <member type="node" ref="12306151887" role=""/>
  <member type="node" ref="12306151886" role=""/>
  <member type="node" ref="12306151885" role=""/>
  <member type="node" ref="12306151884" role=""/>
  <member type="node" ref="12306151883" role=""/>
  <member type="node" ref="12306151882" role=""/>
  <member type="node" ref="12306151881" role=""/>
  <member type="node" ref="12343738865" role=""/>
  <member type="node" ref="12343738866" role=""/>
  <member type="node" ref="12343738868" role=""/>
  <member type="node" ref="12343738867" role=""/>
  <member type="node" ref="12343738870" role=""/>
  <member type="node" ref="12343738869" role=""/>
  <member type="node" ref="12343738871" role=""/>
  <member type="node" ref="12343738872" role=""/>
  <member type="node" ref="12386184959" role=""/>
  <member type="node" ref="12386184960" role=""/>
  <member type="node" ref="12386184961" role=""/>
  <member type="node" ref="12386184962" role=""/>
  <member type="node" ref="12386184963" role=""/>
  <member type="node" ref="12386184965" role=""/>
  <member type="node" ref="12386184964" role=""/>
  <member type="node" ref="12386184980" role=""/>
  <member type="node" ref="12386184979" role=""/>
  <member type="node" ref="12387343280" role=""/>
  <member type="node" ref="12387343279" role=""/>
  <member type="node" ref="12387359265" role=""/>
  <member type="node" ref="12387359266" role=""/>
  <member type="node" ref="12387359270" role=""/>
  <member type="node" ref="12386184988" role=""/>
  <member type="node" ref="12387359272" role=""/>
  <member type="node" ref="12387359273" role=""/>
  <member type="node" ref="12387359275" role=""/>
  <member type="node" ref="12387359274" role=""/>
  <member type="node" ref="12387359277" role=""/>
  <member type="node" ref="12387359276" role=""/>
  <member type="node" ref="12387359278" role=""/>
  <member type="way" ref="1328483751" role=""/>
  <member type="way" ref="1164294693" role=""/>
  <member type="way" ref="1164614197" role=""/>
  <member type="way" ref="202234982" role=""/>
  <member type="way" ref="303318791" role=""/>
  <member type="way" ref="1164614109" role=""/>
  <member type="way" ref="1164614105" role=""/>
  <member type="way" ref="1164294682" role=""/>
  <member type="way" ref="1164294688" role=""/>
  <member type="way" ref="1164294691" role=""/>
  <member type="way" ref="42409276" role=""/>
  <member type="way" ref="1164294696" role=""/>
  <member type="way" ref="1328473918" role=""/>
  <member type="way" ref="1164614201" role=""/>
  <member type="way" ref="1328483752" role=""/>
  <member type="way" ref="216609209" role=""/>
  <member type="way" ref="216609208" role=""/>
  <member type="way" ref="42479215" role=""/>
  <member type="way" ref="1334229159" role=""/>
  <member type="way" ref="1165014308" role=""/>
  <member type="way" ref="1165014305" role=""/>
  <member type="way" ref="1435307990" role=""/>
  <member type="way" ref="1165014304" role=""/>
  <member type="way" ref="1167971995" role=""/>
  <member type="way" ref="1167971996" role=""/>
  <member type="way" ref="1164294659" role=""/>
  <member type="way" ref="1165014321" role=""/>
  <member type="way" ref="1164294706" role=""/>
  <member type="way" ref="1328473922" role=""/>
  <member type="way" ref="1164294647" role=""/>
  <member type="way" ref="1164294667" role=""/>
  <member type="way" ref="983627970" role=""/>
  <member type="way" ref="1164294673" role=""/>
  <member type="way" ref="1164294661" role=""/>
  <member type="way" ref="1328483206" role=""/>
  <member type="way" ref="1164294681" role=""/>
  <member type="way" ref="1164294683" role=""/>
  <member type="way" ref="1164294684" role=""/>
  <member type="way" ref="1164294663" role=""/>
  <member type="way" ref="1164294670" role=""/>
  <member type="way" ref="1164294664" role=""/>
  <member type="way" ref="1164294669" role=""/>
  <member type="way" ref="1164294665" role=""/>
  <member type="way" ref="535912240" role=""/>
  <member type="way" ref="202234978" role=""/>
  <member type="way" ref="1434036019" role=""/>
  <member type="way" ref="1167971998" role=""/>
  <member type="way" ref="1167971997" role=""/>
  <member type="way" ref="1165014319" role=""/>
  <member type="way" ref="42409266" role=""/>
  <member type="way" ref="1436677994" role=""/>
  <member type="way" ref="1165014307" role=""/>
  <member type="way" ref="1165014310" role=""/>
  <member type="way" ref="1163498915" role=""/>
  <member type="way" ref="1165014287" role=""/>
  <member type="way" ref="1171255986" role=""/>
  <member type="way" ref="1334229161" role=""/>
  <member type="way" ref="1431683202" role=""/>
  <member type="way" ref="37408970" role=""/>
  <member type="way" ref="1452612551" role=""/>
  <member type="way" ref="1352322522" role=""/>
  <member type="way" ref="1445399630" role=""/>
  <member type="way" ref="1352322521" role=""/>
  <member type="way" ref="67147285" role=""/>
  <member type="way" ref="177788562" role=""/>
  <member type="way" ref="1334229162" role=""/>
  <member type="way" ref="1334626933" role=""/>
  <member type="way" ref="1167349092" role=""/>
  <member type="way" ref="1167349091" role=""/>
  <member type="way" ref="1167349087" role=""/>
  <member type="way" ref="1167349090" role=""/>
  <member type="way" ref="177788553" role=""/>
  <member type="way" ref="177788552" role=""/>
  <member type="way" ref="1167972015" role=""/>
  <member type="way" ref="1167972016" role=""/>
  <member type="way" ref="1453087270" role=""/>
  <member type="way" ref="1097301989" role=""/>
  <member type="way" ref="177788573" role=""/>
  <member type="way" ref="177788567" role=""/>
  <member type="way" ref="1431178885" role=""/>
  <member type="way" ref="483994634" role=""/>
  <member type="way" ref="1165014302" role=""/>
  <member type="way" ref="1198651981" role=""/>
  <member type="way" ref="1339046217" role=""/>
  <member type="way" ref="1165014324" role=""/>
  <member type="way" ref="1431178884" role=""/>
  <member type="way" ref="1501335932" role=""/>
  <member type="way" ref="1501335926" role=""/>
  <member type="way" ref="1501335925" role=""/>
  <member type="way" ref="1501335931" role=""/>
  <member type="way" ref="1339147296" role=""/>
  <member type="way" ref="1339147295" role=""/>
  <member type="way" ref="791258681" role=""/>
  <member type="way" ref="791258682" role=""/>
  <member type="way" ref="791258680" role=""/>
  <member type="way" ref="1339147294" role=""/>
  <member type="node" ref="12387359279" role=""/>
  <member type="node" ref="12387359285" role=""/>
  <tag k="from" v="시외버스터미널"/>
  <tag k="name" v="경주 버스 231 (터미널-내태(디자인고경유)-터미널)"/>
  <tag k="operator" v="새천년미소"/>
  <tag k="ref" v="231"/>
  <tag k="route" v="bus"/>
  <tag k="to" v="내태1리(종점)"/>
  <tag k="type" v="route"/>
 </relation>
 <relation id="18419840" visible="true" version="11" changeset="181573333" timestamp="2026-04-20T09:43:03Z" user="morago" uid="11113946">
  <member type="node" ref="12290911899" role=""/>
  <member type="node" ref="3774238668" role=""/>
  <member type="node" ref="5558489429" role=""/>
  <member type="node" ref="12290932604" role=""/>
  <member type="node" ref="12290932602" role=""/>
  <member type="node" ref="12290932605" role=""/>
  <member type="node" ref="12290932606" role=""/>
  <member type="node" ref="12290932607" role=""/>
  <member type="node" ref="12290932608" role=""/>
  <member type="node" ref="12290932609" role=""/>
  <member type="node" ref="12290932610" role=""/>
  <member type="node" ref="5909942588" role=""/>
  <member type="node" ref="12306151889" role=""/>
  <member type="node" ref="12306151888" role=""/>
  <member type="node" ref="12306151887" role=""/>
  <member type="node" ref="12306151885" role=""/>
  <member type="node" ref="12306151886" role=""/>
  <member type="node" ref="12306151884" role=""/>
  <member type="node" ref="12306151883" role=""/>
  <member type="node" ref="12306151881" role=""/>
  <member type="node" ref="12306151882" role=""/>
  <member type="node" ref="12343738865" role=""/>
  <member type="node" ref="12343738866" role=""/>
  <member type="node" ref="12343738867" role=""/>
  <member type="node" ref="12343738868" role=""/>
  <member type="node" ref="12343738870" role=""/>
  <member type="node" ref="12343738869" role=""/>
  <member type="node" ref="12343738871" role=""/>
  <member type="node" ref="12343738872" role=""/>
  <member type="node" ref="12386184959" role=""/>
  <member type="node" ref="12386184960" role=""/>
  <member type="node" ref="12386184961" role=""/>
  <member type="node" ref="12386184963" role=""/>
  <member type="node" ref="12386184962" role=""/>
  <member type="node" ref="12386184965" role=""/>
  <member type="node" ref="12386184964" role=""/>
  <member type="node" ref="12386184980" role=""/>
  <member type="node" ref="12386184979" role=""/>
  <member type="node" ref="12387343280" role=""/>
  <member type="node" ref="12387343279" role=""/>
  <member type="node" ref="12387359265" role=""/>
  <member type="node" ref="12387359266" role=""/>
  <member type="node" ref="12387359270" role=""/>
  <member type="node" ref="12387359268" role=""/>
  <member type="node" ref="12387359267" role=""/>
  <member type="node" ref="12387359269" role=""/>
  <member type="node" ref="12387359272" role=""/>
  <member type="node" ref="12387359273" role=""/>
  <member type="node" ref="12387359275" role=""/>
  <member type="node" ref="12387359274" role=""/>
  <member type="node" ref="12387359277" role=""/>
  <member type="node" ref="12387359276" role=""/>
  <member type="node" ref="12387359278" role=""/>
  <member type="node" ref="12387359279" role=""/>
  <member type="way" ref="1328483751" role=""/>
  <member type="way" ref="1164294693" role=""/>
  <member type="way" ref="1164614197" role=""/>
  <member type="way" ref="202234982" role=""/>
  <member type="way" ref="303318791" role=""/>
  <member type="way" ref="1164614109" role=""/>
  <member type="way" ref="1164614105" role=""/>
  <member type="way" ref="1164294682" role=""/>
  <member type="way" ref="1164294683" role=""/>
  <member type="way" ref="1164294684" role=""/>
  <member type="way" ref="1164294663" role=""/>
  <member type="way" ref="1164294670" role=""/>
  <member type="way" ref="1164294664" role=""/>
  <member type="way" ref="1164294669" role=""/>
  <member type="way" ref="1164294665" role=""/>
  <member type="way" ref="535912240" role=""/>
  <member type="way" ref="202234978" role=""/>
  <member type="way" ref="1434036019" role=""/>
  <member type="way" ref="1167971998" role=""/>
  <member type="way" ref="1167971997" role=""/>
  <member type="way" ref="1165014319" role=""/>
  <member type="way" ref="42409266" role=""/>
  <member type="way" ref="1436677994" role=""/>
  <member type="way" ref="1165014307" role=""/>
  <member type="way" ref="1165014310" role=""/>
  <member type="way" ref="1163498915" role=""/>
  <member type="way" ref="1165014287" role=""/>
  <member type="way" ref="1171255986" role=""/>
  <member type="way" ref="1334229161" role=""/>
  <member type="way" ref="216609209" role=""/>
  <member type="way" ref="216609208" role=""/>
  <member type="way" ref="42479215" role=""/>
  <member type="way" ref="1334229159" role=""/>
  <member type="way" ref="1165014308" role=""/>
  <member type="way" ref="1165014305" role=""/>
  <member type="way" ref="1435307990" role=""/>
  <member type="way" ref="1165014304" role=""/>
  <member type="way" ref="1167971995" role=""/>
  <member type="way" ref="1167971996" role=""/>
  <member type="way" ref="1164294659" role=""/>
  <member type="way" ref="1165014321" role=""/>
  <member type="way" ref="1164294706" role=""/>
  <member type="way" ref="1328473922" role=""/>
  <member type="way" ref="1164294647" role=""/>
  <member type="way" ref="1164294667" role=""/>
  <member type="way" ref="983627970" role=""/>
  <member type="way" ref="1164294673" role=""/>
  <member type="way" ref="1164294661" role=""/>
  <member type="way" ref="1328483206" role=""/>
  <member type="way" ref="1164294681" role=""/>
  <member type="way" ref="1164294688" role=""/>
  <member type="way" ref="1164294691" role=""/>
  <member type="way" ref="42409276" role=""/>
  <member type="way" ref="1164294696" role=""/>
  <member type="way" ref="1328473918" role=""/>
  <member type="way" ref="1164614201" role=""/>
  <member type="way" ref="1328483752" role=""/>
  <member type="way" ref="1431683202" role=""/>
  <member type="way" ref="37408970" role=""/>
  <member type="way" ref="1452612551" role=""/>
  <member type="way" ref="1352322522" role=""/>
  <member type="way" ref="1445399630" role=""/>
  <member type="way" ref="1352322521" role=""/>
  <member type="way" ref="67147285" role=""/>
  <member type="way" ref="177788562" role=""/>
  <member type="way" ref="1334229162" role=""/>
  <member type="way" ref="1334626933" role=""/>
  <member type="way" ref="1167349092" role=""/>
  <member type="way" ref="1167349091" role=""/>
  <member type="way" ref="1167349087" role=""/>
  <member type="way" ref="1167349090" role=""/>
  <member type="way" ref="177788553" role=""/>
  <member type="way" ref="177788552" role=""/>
  <member type="way" ref="1167972015" role=""/>
  <member type="way" ref="1167972016" role=""/>
  <member type="way" ref="1453087270" role=""/>
  <member type="way" ref="1097301989" role=""/>
  <member type="way" ref="177788573" role=""/>
  <member type="way" ref="177788567" role=""/>
  <member type="way" ref="1431178885" role=""/>
  <member type="way" ref="483994634" role=""/>
  <member type="way" ref="1165014302" role=""/>
  <member type="way" ref="1198651981" role=""/>
  <member type="way" ref="1339046217" role=""/>
  <member type="way" ref="1165014324" role=""/>
  <member type="way" ref="1431178884" role=""/>
  <member type="way" ref="1501335932" role=""/>
  <member type="way" ref="1501335926" role=""/>
  <member type="way" ref="1501335925" role=""/>
  <member type="way" ref="1501335931" role=""/>
  <member type="way" ref="1339147296" role=""/>
  <member type="way" ref="1339147295" role=""/>
  <member type="way" ref="430808047" role=""/>
  <member type="node" ref="12387359285" role=""/>
  <tag k="from" v="시외버스터미널"/>
  <tag k="name" v="경주 버스 231 (터미널(소현경유)-내태(소현경유)-터미널)"/>
  <tag k="operator" v="새천년미소"/>
  <tag k="ref" v="231"/>
  <tag k="route" v="bus"/>
  <tag k="to" v="내태1리(종점)"/>
  <tag k="type" v="route"/>
 </relation>
 <relation id="18419858" visible="true" version="11" changeset="181573333" timestamp="2026-04-20T09:43:03Z" user="morago" uid="11113946">
  <member type="node" ref="3774238668" role=""/>
  <member type="node" ref="12290911899" role=""/>
  <member type="node" ref="12290911900" role=""/>
  <member type="node" ref="4401151389" role=""/>
  <member type="node" ref="5558489429" role=""/>
  <member type="node" ref="12290932604" role=""/>
  <member type="node" ref="12290932602" role=""/>
  <member type="node" ref="12290932605" role=""/>
  <member type="node" ref="12290932606" role=""/>
  <member type="node" ref="12290932607" role=""/>
  <member type="node" ref="12290932608" role=""/>
  <member type="node" ref="12290932609" role=""/>
  <member type="node" ref="12290932610" role=""/>
  <member type="node" ref="5909942588" role=""/>
  <member type="node" ref="12306151889" role=""/>
  <member type="node" ref="12306151888" role=""/>
  <member type="node" ref="12306151887" role=""/>
  <member type="node" ref="12306151885" role=""/>
  <member type="node" ref="12306151886" role=""/>
  <member type="node" ref="12306151884" role=""/>
  <member type="node" ref="12306151883" role=""/>
  <member type="node" ref="12306151882" role=""/>
  <member type="node" ref="12306151881" role=""/>
  <member type="node" ref="12343738865" role=""/>
  <member type="node" ref="12343738866" role=""/>
  <member type="node" ref="12343738867" role=""/>
  <member type="node" ref="12343738868" role=""/>
  <member type="node" ref="12343738870" role=""/>
  <member type="node" ref="12343738869" role=""/>
  <member type="node" ref="12343738872" role=""/>
  <member type="node" ref="12343738871" role=""/>
  <member type="node" ref="12386184959" role=""/>
  <member type="node" ref="12386184960" role=""/>
  <member type="node" ref="12386184961" role=""/>
  <member type="node" ref="12386184963" role=""/>
  <member type="node" ref="12386184962" role=""/>
  <member type="node" ref="12386184965" role=""/>
  <member type="node" ref="12386184964" role=""/>
  <member type="node" ref="12386184980" role=""/>
  <member type="node" ref="12386184979" role=""/>
  <member type="node" ref="12387343280" role=""/>
  <member type="node" ref="12387343279" role=""/>
  <member type="node" ref="12387359265" role=""/>
  <member type="node" ref="12387359266" role=""/>
  <member type="node" ref="12387359270" role=""/>
  <member type="node" ref="12387359272" role=""/>
  <member type="node" ref="12387359273" role=""/>
  <member type="node" ref="12387359274" role=""/>
  <member type="node" ref="12387359275" role=""/>
  <member type="node" ref="12387359277" role=""/>
  <member type="node" ref="12387359276" role=""/>
  <member type="node" ref="12387359279" role=""/>
  <member type="node" ref="12387359278" role=""/>
  <member type="way" ref="1328483751" role=""/>
  <member type="way" ref="1164294693" role=""/>
  <member type="way" ref="1164614197" role=""/>
  <member type="way" ref="202234982" role=""/>
  <member type="way" ref="303318791" role=""/>
  <member type="way" ref="1164614109" role=""/>
  <member type="way" ref="1164614105" role=""/>
  <member type="way" ref="1164294682" role=""/>
  <member type="way" ref="1164294688" role=""/>
  <member type="way" ref="1164294691" role=""/>
  <member type="way" ref="42409276" role=""/>
  <member type="way" ref="1164294696" role=""/>
  <member type="way" ref="1328473918" role=""/>
  <member type="way" ref="1164614201" role=""/>
  <member type="way" ref="1328483752" role=""/>
  <member type="way" ref="216609208" role=""/>
  <member type="way" ref="42479215" role=""/>
  <member type="way" ref="1334229159" role=""/>
  <member type="way" ref="1165014308" role=""/>
  <member type="way" ref="1165014305" role=""/>
  <member type="way" ref="1435307990" role=""/>
  <member type="way" ref="1165014304" role=""/>
  <member type="way" ref="1167971995" role=""/>
  <member type="way" ref="1167971996" role=""/>
  <member type="way" ref="1164294659" role=""/>
  <member type="way" ref="1165014321" role=""/>
  <member type="way" ref="1164294706" role=""/>
  <member type="way" ref="1328473922" role=""/>
  <member type="way" ref="1164294647" role=""/>
  <member type="way" ref="1164294667" role=""/>
  <member type="way" ref="983627970" role=""/>
  <member type="way" ref="1164294673" role=""/>
  <member type="way" ref="1164294661" role=""/>
  <member type="way" ref="1328483206" role=""/>
  <member type="way" ref="1164294681" role=""/>
  <member type="way" ref="1164294683" role=""/>
  <member type="way" ref="1164294684" role=""/>
  <member type="way" ref="1164294663" role=""/>
  <member type="way" ref="1164294670" role=""/>
  <member type="way" ref="1164294664" role=""/>
  <member type="way" ref="1164294669" role=""/>
  <member type="way" ref="1164294665" role=""/>
  <member type="way" ref="535912240" role=""/>
  <member type="way" ref="202234978" role=""/>
  <member type="way" ref="1434036019" role=""/>
  <member type="way" ref="1167971998" role=""/>
  <member type="way" ref="1167971997" role=""/>
  <member type="way" ref="1165014319" role=""/>
  <member type="way" ref="42409266" role=""/>
  <member type="way" ref="1436677994" role=""/>
  <member type="way" ref="1165014307" role=""/>
  <member type="way" ref="1165014310" role=""/>
  <member type="way" ref="1163498915" role=""/>
  <member type="way" ref="1165014287" role=""/>
  <member type="way" ref="1171255986" role=""/>
  <member type="way" ref="1334229161" role=""/>
  <member type="way" ref="216609209" role=""/>
  <member type="way" ref="1431683202" role=""/>
  <member type="way" ref="37408970" role=""/>
  <member type="way" ref="1452612551" role=""/>
  <member type="way" ref="1352322522" role=""/>
  <member type="way" ref="1445399630" role=""/>
  <member type="way" ref="1352322521" role=""/>
  <member type="way" ref="67147285" role=""/>
  <member type="way" ref="177788562" role=""/>
  <member type="way" ref="1334229162" role=""/>
  <member type="way" ref="1334626933" role=""/>
  <member type="way" ref="1167349092" role=""/>
  <member type="way" ref="1167349091" role=""/>
  <member type="way" ref="1167349087" role=""/>
  <member type="way" ref="1167349090" role=""/>
  <member type="way" ref="177788553" role=""/>
  <member type="way" ref="177788552" role=""/>
  <member type="way" ref="1167972015" role=""/>
  <member type="way" ref="1167972016" role=""/>
  <member type="way" ref="1453087270" role=""/>
  <member type="way" ref="1097301989" role=""/>
  <member type="way" ref="177788573" role=""/>
  <member type="way" ref="177788567" role=""/>
  <member type="way" ref="1431178885" role=""/>
  <member type="way" ref="483994634" role=""/>
  <member type="way" ref="1165014302" role=""/>
  <member type="way" ref="1198651981" role=""/>
  <member type="way" ref="1339046217" role=""/>
  <member type="way" ref="1165014324" role=""/>
  <member type="way" ref="1431178884" role=""/>
  <member type="way" ref="1501335932" role=""/>
  <member type="way" ref="1501335926" role=""/>
  <member type="way" ref="1501335925" role=""/>
  <member type="way" ref="1501335931" role=""/>
  <member type="way" ref="1339147296" role=""/>
  <member type="way" ref="1339147295" role=""/>
  <member type="node" ref="12387359285" role=""/>
  <tag k="from" v="시외버스터미널"/>
  <tag k="name" v="경주 버스 231 (터미널-내태-터미널)"/>
  <tag k="operator" v="새천년미소"/>
  <tag k="ref" v="231"/>
  <tag k="route" v="bus"/>
  <tag k="to" v="내태1리(종점)"/>
  <tag k="type" v="route"/>
 </relation>
 <relation id="18419859" visible="true" version="10" changeset="177704827" timestamp="2026-01-26T03:36:51Z" user="morago" uid="11113946">
  <member type="node" ref="4401151389" role=""/>
  <member type="node" ref="5558489429" role=""/>
  <member type="node" ref="12290911899" role=""/>
  <member type="node" ref="3774238668" role=""/>
  <member type="node" ref="12290911900" role=""/>
  <member type="node" ref="12290932602" role=""/>
  <member type="node" ref="12290932605" role=""/>
  <member type="node" ref="12290932604" role=""/>
  <member type="node" ref="12290932606" role=""/>
  <member type="node" ref="12290932607" role=""/>
  <member type="node" ref="12290932609" role=""/>
  <member type="node" ref="12290932608" role=""/>
  <member type="node" ref="12290932610" role=""/>
  <member type="node" ref="5909942588" role=""/>
  <member type="node" ref="12306151889" role=""/>
  <member type="node" ref="12306151888" role=""/>
  <member type="node" ref="12306151886" role=""/>
  <member type="node" ref="12306151885" role=""/>
  <member type="node" ref="12306151884" role=""/>
  <member type="node" ref="12306151883" role=""/>
  <member type="node" ref="12306151881" role=""/>
  <member type="node" ref="12306151882" role=""/>
  <member type="node" ref="12343738865" role=""/>
  <member type="node" ref="12343738866" role=""/>
  <member type="node" ref="12343738867" role=""/>
  <member type="node" ref="12343738868" role=""/>
  <member type="node" ref="12343738870" role=""/>
  <member type="node" ref="12343738869" role=""/>
  <member type="node" ref="12343738871" role=""/>
  <member type="node" ref="12343738872" role=""/>
  <member type="node" ref="12343738873" role=""/>
  <member type="node" ref="12343738874" role=""/>
  <member type="node" ref="12343738876" role=""/>
  <member type="node" ref="12343738875" role=""/>
  <member type="node" ref="12343738877" role=""/>
  <member type="node" ref="12343738878" role=""/>
  <member type="node" ref="12343738879" role=""/>
  <member type="node" ref="12343738880" role=""/>
  <member type="node" ref="12343738882" role=""/>
  <member type="node" ref="12343738881" role=""/>
  <member type="way" ref="1328483751" role=""/>
  <member type="way" ref="1164294693" role=""/>
  <member type="way" ref="1164614197" role=""/>
  <member type="way" ref="202234982" role=""/>
  <member type="way" ref="303318791" role=""/>
  <member type="way" ref="1164614109" role=""/>
  <member type="way" ref="1164614105" role=""/>
  <member type="way" ref="1164294682" role=""/>
  <member type="way" ref="1164294688" role=""/>
  <member type="way" ref="1164294691" role=""/>
  <member type="way" ref="42409276" role=""/>
  <member type="way" ref="1164294696" role=""/>
  <member type="way" ref="1328473918" role=""/>
  <member type="way" ref="1164614201" role=""/>
  <member type="way" ref="1328483752" role=""/>
  <member type="way" ref="216609209" role=""/>
  <member type="way" ref="216609208" role=""/>
  <member type="way" ref="42479215" role=""/>
  <member type="way" ref="1334229159" role=""/>
  <member type="way" ref="1165014308" role=""/>
  <member type="way" ref="1165014305" role=""/>
  <member type="way" ref="1435307990" role=""/>
  <member type="way" ref="1165014304" role=""/>
  <member type="way" ref="1167971995" role=""/>
  <member type="way" ref="1167971996" role=""/>
  <member type="way" ref="1164294659" role=""/>
  <member type="way" ref="1165014321" role=""/>
  <member type="way" ref="1164294706" role=""/>
  <member type="way" ref="1328473922" role=""/>
  <member type="way" ref="1164294647" role=""/>
  <member type="way" ref="1164294667" role=""/>
  <member type="way" ref="983627970" role=""/>
  <member type="way" ref="1164294673" role=""/>
  <member type="way" ref="1164294661" role=""/>
  <member type="way" ref="1328483206" role=""/>
  <member type="way" ref="1164294681" role=""/>
  <member type="way" ref="1164294683" role=""/>
  <member type="way" ref="1164294684" role=""/>
  <member type="way" ref="1164294663" role=""/>
  <member type="way" ref="1164294670" role=""/>
  <member type="way" ref="1164294664" role=""/>
  <member type="way" ref="1164294669" role=""/>
  <member type="way" ref="1164294665" role=""/>
  <member type="way" ref="535912240" role=""/>
  <member type="way" ref="202234978" role=""/>
  <member type="way" ref="1434036019" role=""/>
  <member type="way" ref="1167971998" role=""/>
  <member type="way" ref="1167971997" role=""/>
  <member type="way" ref="1165014319" role=""/>
  <member type="way" ref="42409266" role=""/>
  <member type="way" ref="1436677994" role=""/>
  <member type="way" ref="1165014307" role=""/>
  <member type="way" ref="1165014310" role=""/>
  <member type="way" ref="1163498915" role=""/>
  <member type="way" ref="1165014287" role=""/>
  <member type="way" ref="1171255986" role=""/>
  <member type="way" ref="1334229161" role=""/>
  <member type="way" ref="1431683202" role=""/>
  <member type="way" ref="37408970" role=""/>
  <member type="way" ref="1452612551" role=""/>
  <member type="way" ref="1352322522" role=""/>
  <member type="way" ref="1445399630" role=""/>
  <member type="way" ref="1352322521" role=""/>
  <member type="way" ref="67147285" role=""/>
  <member type="way" ref="177788562" role=""/>
  <member type="way" ref="202050497" role=""/>
  <member type="way" ref="1431178888" role=""/>
  <member type="way" ref="177851889" role=""/>
  <member type="way" ref="1279011141" role=""/>
  <member type="way" ref="1279011143" role=""/>
  <member type="way" ref="1342548833" role=""/>
  <member type="way" ref="1470438349" role=""/>
  <member type="way" ref="1470438348" role=""/>
  <member type="node" ref="12421725610" role=""/>
  <member type="node" ref="12421725611" role=""/>
  <member type="node" ref="12421725612" role=""/>
  <tag k="from" v="시외버스터미널"/>
  <tag k="name" v="경주 버스 232 (터미널-나원-터미널)"/>
  <tag k="operator" v="새천년미소"/>
  <tag k="ref" v="232"/>
  <tag k="route" v="bus"/>
  <tag k="to" v="나원2리.종점"/>
  <tag k="type" v="route"/>
 </relation>
 <relation id="18571535" visible="true" version="1" changeset="161491413" timestamp="2025-01-18T13:25:05Z" user="DanielAgos" uid="20972402">
  <member type="way" ref="1352322528" role="from"/>
  <member type="way" ref="1352322522" role="to"/>
  <member type="node" ref="12512219230" role="via"/>
  <tag k="restriction" v="no_left_turn"/>
  <tag k="type" v="restriction"/>
 </relation>
 <relation id="18571536" visible="true" version="2" changeset="173834288" timestamp="2025-10-27T11:49:27Z" user="이재윤" uid="3018052">
  <member type="way" ref="1445399630" role="from"/>
  <member type="way" ref="1352322529" role="to"/>
  <member type="node" ref="12512219247" role="via"/>
  <tag k="restriction" v="no_left_turn"/>
  <tag k="type" v="restriction"/>
 </relation>
 <relation id="18571537" visible="true" version="1" changeset="161491413" timestamp="2025-01-18T13:25:05Z" user="DanielAgos" uid="20972402">
  <member type="way" ref="1352322524" role="from"/>
  <member type="way" ref="1352322528" role="to"/>
  <member type="node" ref="12512219235" role="via"/>
  <tag k="restriction" v="no_left_turn"/>
  <tag k="type" v="restriction"/>
 </relation>
 <relation id="18571538" visible="true" version="2" changeset="173834288" timestamp="2025-10-27T11:49:27Z" user="이재윤" uid="3018052">
  <member type="way" ref="1352322526" role="from"/>
  <member type="way" ref="1445399631" role="to"/>
  <member type="node" ref="12512219236" role="via"/>
  <tag k="restriction" v="no_left_turn"/>
  <tag k="type" v="restriction"/>
 </relation>
 <relation id="18571539" visible="true" version="1" changeset="161491413" timestamp="2025-01-18T13:25:05Z" user="DanielAgos" uid="20972402">
  <member type="way" ref="67147285" role="to"/>
  <member type="node" ref="811058967" role="via"/>
  <member type="way" ref="1352322521" role="from"/>
  <tag k="restriction" v="only_straight_on"/>
  <tag k="type" v="restriction"/>
 </relation>
 <relation id="18571540" visible="true" version="1" changeset="161491413" timestamp="2025-01-18T13:25:05Z" user="DanielAgos" uid="20972402">
  <member type="way" ref="1352322527" role="from"/>
  <member type="way" ref="67147285" role="to"/>
  <member type="node" ref="811058967" role="via"/>
  <tag k="restriction" v="only_right_turn"/>
  <tag k="type" v="restriction"/>
 </relation>
 <relation id="18571541" visible="true" version="2" changeset="172244548" timestamp="2025-09-21T13:09:03Z" user="이재윤" uid="3018052">
  <member type="way" ref="1352322525" role="from"/>
  <member type="way" ref="1431683205" role="to"/>
  <member type="node" ref="12512219243" role="via"/>
  <tag k="restriction" v="only_straight_on"/>
  <tag k="type" v="restriction"/>
 </relation>
 <relation id="18571542" visible="true" version="2" changeset="172244548" timestamp="2025-09-21T13:09:03Z" user="이재윤" uid="3018052">
  <member type="way" ref="1352322529" role="from"/>
  <member type="way" ref="1431683205" role="to"/>
  <member type="node" ref="12512219243" role="via"/>
  <tag k="restriction" v="only_right_turn"/>
  <tag k="type" v="restriction"/>
 </relation>
 <relation id="18648119" visible="true" version="1" changeset="162106040" timestamp="2025-02-03T23:39:20Z" user="dongin" uid="11518918">
  <member type="way" ref="42432304" role="outer"/>
  <tag k="natural" v="water"/>
  <tag k="type" v="multipolygon"/>
  <tag k="water" v="river"/>
 </relation>
 <relation id="19279126" visible="true" version="1" changeset="167988481" timestamp="2025-06-23T07:46:57Z" user="Triglav2018" uid="9040307">
  <member type="way" ref="353253952" role=""/>
  <member type="way" ref="132580559" role=""/>
  <tag k="name" v="형산강"/>
  <tag k="name:ja" v="兄山江"/>
  <tag k="type" v="waterway"/>
  <tag k="waterway" v="river"/>
  <tag k="wikidata" v="Q489946"/>
 </relation>
 <relation id="19621994" visible="true" version="8" changeset="177704827" timestamp="2026-01-26T03:36:51Z" user="morago" uid="11113946">
  <member type="node" ref="12421725612" role=""/>
  <member type="node" ref="12421725611" role=""/>
  <member type="node" ref="12343738881" role=""/>
  <member type="node" ref="12343738880" role=""/>
  <member type="node" ref="12343738878" role=""/>
  <member type="node" ref="12343738875" role=""/>
  <member type="node" ref="12343738874" role=""/>
  <member type="node" ref="12343738871" role=""/>
  <member type="node" ref="12343738870" role=""/>
  <member type="node" ref="12343738868" role=""/>
  <member type="node" ref="12343738865" role=""/>
  <member type="node" ref="12306151882" role=""/>
  <member type="node" ref="12306151884" role=""/>
  <member type="node" ref="12306151885" role=""/>
  <member type="node" ref="12306151887" role=""/>
  <member type="node" ref="12306151889" role=""/>
  <member type="node" ref="12290932610" role=""/>
  <member type="node" ref="12290932608" role=""/>
  <member type="node" ref="12290932607" role=""/>
  <member type="node" ref="12290932604" role=""/>
  <member type="node" ref="5558489429" role=""/>
  <member type="node" ref="4401151389" role=""/>
  <member type="node" ref="12290911899" role=""/>
  <member type="way" ref="1470438348" role=""/>
  <member type="way" ref="1470438349" role=""/>
  <member type="way" ref="1342548833" role=""/>
  <member type="way" ref="1279011143" role=""/>
  <member type="way" ref="1279011141" role=""/>
  <member type="way" ref="177851889" role=""/>
  <member type="way" ref="1431178888" role=""/>
  <member type="way" ref="202050497" role=""/>
  <member type="way" ref="177788562" role=""/>
  <member type="way" ref="67147285" role=""/>
  <member type="way" ref="1352322521" role=""/>
  <member type="way" ref="1445399630" role=""/>
  <member type="way" ref="1352322522" role=""/>
  <member type="way" ref="1452612551" role=""/>
  <member type="way" ref="37408970" role=""/>
  <member type="way" ref="1431683202" role=""/>
  <member type="way" ref="1334229161" role=""/>
  <member type="way" ref="1171255986" role=""/>
  <member type="way" ref="1165014287" role=""/>
  <member type="way" ref="1163498915" role=""/>
  <member type="way" ref="1165014310" role=""/>
  <member type="way" ref="1165014307" role=""/>
  <member type="way" ref="1436677994" role=""/>
  <member type="way" ref="42409266" role=""/>
  <member type="way" ref="1165014319" role=""/>
  <member type="way" ref="1167971997" role=""/>
  <member type="way" ref="1167971998" role=""/>
  <member type="way" ref="1434036019" role=""/>
  <member type="way" ref="202234978" role=""/>
  <member type="way" ref="535912240" role=""/>
  <member type="way" ref="1164294665" role=""/>
  <member type="way" ref="1164294669" role=""/>
  <member type="way" ref="1164294664" role=""/>
  <member type="way" ref="1164294670" role=""/>
  <member type="way" ref="1164294663" role=""/>
  <member type="way" ref="1164294684" role=""/>
  <member type="way" ref="1164294683" role=""/>
  <member type="way" ref="1164294682" role=""/>
  <member type="way" ref="1164614105" role=""/>
  <member type="way" ref="1164614109" role=""/>
  <member type="way" ref="303318791" role=""/>
  <member type="way" ref="202234982" role=""/>
  <member type="way" ref="1164614197" role=""/>
  <member type="way" ref="1164294693" role=""/>
  <member type="way" ref="1328483751" role=""/>
  <tag k="from" v="나원2리.종점"/>
  <tag k="name" v="경주 버스 232 (나원-터미널(하행편도))"/>
  <tag k="operator" v="새천년미소"/>
  <tag k="ref" v="232"/>
  <tag k="route" v="bus"/>
  <tag k="to" v="터미널 종점(하차전용)"/>
  <tag k="type" v="route"/>
 </relation>
 <relation id="19625914" visible="true" version="11" changeset="174946814" timestamp="2025-11-21T12:28:25Z" user="이재윤" uid="3018052">
  <member type="node" ref="13155321901" role=""/>
  <member type="node" ref="13155321903" role=""/>
  <member type="node" ref="13155321904" role=""/>
  <member type="node" ref="13155321907" role=""/>
  <member type="node" ref="13155321908" role=""/>
  <member type="node" ref="13155321912" role=""/>
  <member type="node" ref="12609268747" role=""/>
  <member type="node" ref="13155321918" role=""/>
  <member type="node" ref="13155321920" role=""/>
  <member type="node" ref="13155321923" role=""/>
  <member type="node" ref="13155321924" role=""/>
  <member type="node" ref="13155321927" role=""/>
  <member type="node" ref="13155321928" role=""/>
  <member type="node" ref="13155321930" role=""/>
  <member type="node" ref="13155321932" role=""/>
  <member type="node" ref="3793988498" role=""/>
  <member type="node" ref="12290911898" role=""/>
  <member type="node" ref="12290932603" role=""/>
  <member type="node" ref="12290932606" role=""/>
  <member type="node" ref="12290932609" role=""/>
  <member type="node" ref="5909942588" role=""/>
  <member type="node" ref="12306151888" role=""/>
  <member type="node" ref="12306151886" role=""/>
  <member type="node" ref="12306151883" role=""/>
  <member type="node" ref="12306151881" role=""/>
  <member type="node" ref="12343738866" role=""/>
  <member type="node" ref="12343738867" role=""/>
  <member type="node" ref="12343738869" role=""/>
  <member type="node" ref="12343738872" role=""/>
  <member type="node" ref="12343738873" role=""/>
  <member type="node" ref="12343738876" role=""/>
  <member type="node" ref="13155308251" role=""/>
  <member type="node" ref="13155308252" role=""/>
  <member type="node" ref="13155308253" role=""/>
  <member type="node" ref="13155308254" role=""/>
  <member type="node" ref="12387343279" role=""/>
  <member type="node" ref="12386184980" role=""/>
  <member type="node" ref="12386184965" role=""/>
  <member type="node" ref="12386184963" role=""/>
  <member type="node" ref="13155308256" role=""/>
  <member type="node" ref="13155308257" role=""/>
  <member type="node" ref="13155308258" role=""/>
  <member type="way" ref="1431177103" role=""/>
  <member type="way" ref="912961688" role=""/>
  <member type="way" ref="1433746116" role=""/>
  <member type="way" ref="411845459" role=""/>
  <member type="way" ref="1431177105" role=""/>
  <member type="way" ref="1431177104" role=""/>
  <member type="way" ref="1431177106" role=""/>
  <member type="way" ref="550288227" role=""/>
  <member type="way" ref="550288226" role=""/>
  <member type="way" ref="773559923" role=""/>
  <member type="way" ref="64147148" role=""/>
  <member type="way" ref="64147146" role=""/>
  <member type="way" ref="563841918" role=""/>
  <member type="way" ref="563841919" role=""/>
  <member type="way" ref="1447370451" role=""/>
  <member type="way" ref="205862401" role=""/>
  <member type="way" ref="205862400" role=""/>
  <member type="way" ref="1431177108" role=""/>
  <member type="way" ref="205862397" role=""/>
  <member type="way" ref="1433534705" role=""/>
  <member type="way" ref="1353620424" role=""/>
  <member type="way" ref="1238010360" role=""/>
  <member type="way" ref="1238010354" role=""/>
  <member type="way" ref="1431683201" role=""/>
  <member type="way" ref="1451338775" role=""/>
  <member type="way" ref="1238010342" role=""/>
  <member type="way" ref="1238013304" role=""/>
  <member type="way" ref="1238013305" role=""/>
  <member type="way" ref="1238013307" role=""/>
  <member type="way" ref="1238013308" role=""/>
  <member type="way" ref="1238013303" role=""/>
  <member type="way" ref="1238013311" role=""/>
  <member type="way" ref="1238013309" role=""/>
  <member type="way" ref="205862398" role=""/>
  <member type="way" ref="205862396" role=""/>
  <member type="way" ref="1353619776" role=""/>
  <member type="way" ref="1167498402" role=""/>
  <member type="way" ref="1167498405" role=""/>
  <member type="way" ref="773774681" role=""/>
  <member type="way" ref="1446265314" role=""/>
  <member type="way" ref="202234977" role=""/>
  <member type="way" ref="1164614193" role=""/>
  <member type="way" ref="1164614195" role=""/>
  <member type="way" ref="1308525818" role=""/>
  <member type="way" ref="202234982" role=""/>
  <member type="way" ref="1330086604" role=""/>
  <member type="way" ref="1332577947" role=""/>
  <member type="way" ref="1164614097" role=""/>
  <member type="way" ref="1164294678" role=""/>
  <member type="way" ref="1164294662" role=""/>
  <member type="way" ref="394233433" role=""/>
  <member type="way" ref="1164294661" role=""/>
  <member type="way" ref="1164294673" role=""/>
  <member type="way" ref="983627970" role=""/>
  <member type="way" ref="1164294667" role=""/>
  <member type="way" ref="1164294647" role=""/>
  <member type="way" ref="1328473922" role=""/>
  <member type="way" ref="1164294706" role=""/>
  <member type="way" ref="1165014321" role=""/>
  <member type="way" ref="1164294659" role=""/>
  <member type="way" ref="1167971996" role=""/>
  <member type="way" ref="1167971995" role=""/>
  <member type="way" ref="1165014304" role=""/>
  <member type="way" ref="1435307990" role=""/>
  <member type="way" ref="1165014305" role=""/>
  <member type="way" ref="1165014308" role=""/>
  <member type="way" ref="1334229159" role=""/>
  <member type="way" ref="42479215" role=""/>
  <member type="way" ref="216609208" role=""/>
  <member type="way" ref="216609209" role=""/>
  <member type="way" ref="1431683202" role=""/>
  <member type="way" ref="37408970" role=""/>
  <member type="way" ref="1452612551" role=""/>
  <member type="way" ref="1352322522" role=""/>
  <member type="way" ref="1445399630" role=""/>
  <member type="way" ref="1352322521" role=""/>
  <member type="way" ref="67147285" role=""/>
  <member type="way" ref="177788562" role=""/>
  <member type="way" ref="202050497" role=""/>
  <member type="way" ref="177851910" role=""/>
  <member type="way" ref="1331285221" role=""/>
  <member type="way" ref="1331285222" role=""/>
  <member type="way" ref="1238003444" role=""/>
  <member type="way" ref="1366378436" role=""/>
  <member type="way" ref="1366378435" role=""/>
  <member type="way" ref="1431178883" role=""/>
  <member type="way" ref="1241845231" role=""/>
  <member type="way" ref="1431178884" role=""/>
  <member type="way" ref="1165014324" role=""/>
  <member type="way" ref="1339046217" role=""/>
  <member type="way" ref="1198651981" role=""/>
  <member type="way" ref="1165014302" role=""/>
  <member type="way" ref="483994634" role=""/>
  <member type="way" ref="1431178885" role=""/>
  <member type="way" ref="1238010322" role=""/>
  <member type="way" ref="1431178887" role=""/>
  <member type="way" ref="1238010328" role=""/>
  <tag k="from" v="고란종점"/>
  <tag k="name" v="경주 버스 234 (고란-경주대(산업도로)-경주대-고속버스터미널-경주역-금장-소현-가막골)"/>
  <tag k="operator" v="새천년미소"/>
  <tag k="ref" v="234"/>
  <tag k="route" v="bus"/>
  <tag k="to" v="상구3리.가목동"/>
  <tag k="type" v="route"/>
 </relation>
 <relation id="19625972" visible="true" version="5" changeset="174946814" timestamp="2025-11-21T12:28:25Z" user="이재윤" uid="3018052">
  <member type="node" ref="3774238668" role=""/>
  <member type="node" ref="12290911900" role=""/>
  <member type="node" ref="12290932602" role=""/>
  <member type="node" ref="12290932605" role=""/>
  <member type="node" ref="12290932609" role=""/>
  <member type="node" ref="5909942588" role=""/>
  <member type="node" ref="12306151888" role=""/>
  <member type="node" ref="12306151886" role=""/>
  <member type="node" ref="12306151883" role=""/>
  <member type="node" ref="12306151881" role=""/>
  <member type="node" ref="12343738866" role=""/>
  <member type="node" ref="12343738867" role=""/>
  <member type="node" ref="12343738869" role=""/>
  <member type="node" ref="12343738872" role=""/>
  <member type="node" ref="12343738873" role=""/>
  <member type="node" ref="12343738876" role=""/>
  <member type="node" ref="13155308251" role=""/>
  <member type="node" ref="13155308252" role=""/>
  <member type="node" ref="13155308253" role=""/>
  <member type="node" ref="13155308254" role=""/>
  <member type="node" ref="12387343279" role=""/>
  <member type="node" ref="12386184980" role=""/>
  <member type="node" ref="12386184965" role=""/>
  <member type="node" ref="12386184963" role=""/>
  <member type="node" ref="13155308256" role=""/>
  <member type="node" ref="13155308257" role=""/>
  <member type="way" ref="1328483751" role=""/>
  <member type="way" ref="1328483752" role=""/>
  <member type="way" ref="1164614201" role=""/>
  <member type="way" ref="1328473918" role=""/>
  <member type="way" ref="1164294696" role=""/>
  <member type="way" ref="42409276" role=""/>
  <member type="way" ref="1164294691" role=""/>
  <member type="way" ref="1164294688" role=""/>
  <member type="way" ref="1164294681" role=""/>
  <member type="way" ref="1328483206" role=""/>
  <member type="way" ref="1164294661" role=""/>
  <member type="way" ref="1164294673" role=""/>
  <member type="way" ref="983627970" role=""/>
  <member type="way" ref="1164294667" role=""/>
  <member type="way" ref="1164294647" role=""/>
  <member type="way" ref="1328473922" role=""/>
  <member type="way" ref="1164294706" role=""/>
  <member type="way" ref="1165014321" role=""/>
  <member type="way" ref="1164294659" role=""/>
  <member type="way" ref="1167971996" role=""/>
  <member type="way" ref="1167971995" role=""/>
  <member type="way" ref="1165014304" role=""/>
  <member type="way" ref="1435307990" role=""/>
  <member type="way" ref="1165014305" role=""/>
  <member type="way" ref="1165014308" role=""/>
  <member type="way" ref="1334229159" role=""/>
  <member type="way" ref="42479215" role=""/>
  <member type="way" ref="216609208" role=""/>
  <member type="way" ref="216609209" role=""/>
  <member type="way" ref="1431683202" role=""/>
  <member type="way" ref="37408970" role=""/>
  <member type="way" ref="1452612551" role=""/>
  <member type="way" ref="1352322522" role=""/>
  <member type="way" ref="1445399630" role=""/>
  <member type="way" ref="1352322521" role=""/>
  <member type="way" ref="67147285" role=""/>
  <member type="way" ref="177788562" role=""/>
  <member type="way" ref="202050497" role=""/>
  <member type="way" ref="177851910" role=""/>
  <member type="way" ref="1331285221" role=""/>
  <member type="way" ref="1331285222" role=""/>
  <member type="way" ref="1238003444" role=""/>
  <member type="way" ref="1366378436" role=""/>
  <member type="way" ref="1366378435" role=""/>
  <member type="way" ref="1431178883" role=""/>
  <member type="way" ref="1241845231" role=""/>
  <member type="way" ref="1431178884" role=""/>
  <member type="way" ref="1165014324" role=""/>
  <member type="way" ref="1339046217" role=""/>
  <member type="way" ref="1198651981" role=""/>
  <member type="way" ref="1165014302" role=""/>
  <member type="way" ref="483994634" role=""/>
  <member type="way" ref="1431178885" role=""/>
  <member type="way" ref="1238010322" role=""/>
  <member type="way" ref="1431178887" role=""/>
  <member type="way" ref="1238010328" role=""/>
  <member type="node" ref="13155308258" role=""/>
  <tag k="from" v="시외버스터미널"/>
  <tag k="name" v="경주 버스 234 (터미널-경주역-금장-소현-가막골)"/>
  <tag k="operator" v="새천년미소"/>
  <tag k="ref" v="234"/>
  <tag k="route" v="bus"/>
  <tag k="to" v="상구3리.가목동"/>
  <tag k="type" v="route"/>
 </relation>
 <relation id="19626254" visible="true" version="9" changeset="174946814" timestamp="2025-11-21T12:28:25Z" user="이재윤" uid="3018052">
  <member type="node" ref="13155321908" role=""/>
  <member type="node" ref="13155321907" role=""/>
  <member type="node" ref="13155321904" role=""/>
  <member type="node" ref="13155321903" role=""/>
  <member type="node" ref="13155321901" role=""/>
  <member type="node" ref="13155321915" role=""/>
  <member type="node" ref="13155321918" role=""/>
  <member type="node" ref="13155321920" role=""/>
  <member type="node" ref="13155321923" role=""/>
  <member type="node" ref="13155321924" role=""/>
  <member type="node" ref="13155321927" role=""/>
  <member type="node" ref="13155321928" role=""/>
  <member type="node" ref="13155321930" role=""/>
  <member type="node" ref="13155321932" role=""/>
  <member type="node" ref="3793988498" role=""/>
  <member type="node" ref="12290911898" role=""/>
  <member type="node" ref="12290932603" role=""/>
  <member type="node" ref="12290932609" role=""/>
  <member type="node" ref="12290932606" role=""/>
  <member type="node" ref="5909942588" role=""/>
  <member type="node" ref="12306151888" role=""/>
  <member type="node" ref="12306151886" role=""/>
  <member type="node" ref="12306151883" role=""/>
  <member type="node" ref="12306151881" role=""/>
  <member type="node" ref="12343738866" role=""/>
  <member type="node" ref="12343738867" role=""/>
  <member type="node" ref="12343738869" role=""/>
  <member type="node" ref="12343738872" role=""/>
  <member type="node" ref="12343738873" role=""/>
  <member type="node" ref="12343738876" role=""/>
  <member type="node" ref="13155308251" role=""/>
  <member type="node" ref="13155308252" role=""/>
  <member type="node" ref="13155308253" role=""/>
  <member type="node" ref="13155308254" role=""/>
  <member type="node" ref="12387343279" role=""/>
  <member type="node" ref="12386184980" role=""/>
  <member type="node" ref="12386184965" role=""/>
  <member type="node" ref="12386184963" role=""/>
  <member type="node" ref="13155308257" role=""/>
  <member type="node" ref="13155308256" role=""/>
  <member type="way" ref="1238010328" role=""/>
  <member type="way" ref="1431178887" role=""/>
  <member type="way" ref="1238010322" role=""/>
  <member type="way" ref="1431178885" role=""/>
  <member type="way" ref="483994634" role=""/>
  <member type="way" ref="1165014302" role=""/>
  <member type="way" ref="1198651981" role=""/>
  <member type="way" ref="1339046217" role=""/>
  <member type="way" ref="1165014324" role=""/>
  <member type="way" ref="1431178884" role=""/>
  <member type="way" ref="1241845231" role=""/>
  <member type="way" ref="1431178883" role=""/>
  <member type="way" ref="1366378435" role=""/>
  <member type="way" ref="1366378436" role=""/>
  <member type="way" ref="1238003444" role=""/>
  <member type="way" ref="1331285222" role=""/>
  <member type="way" ref="1331285221" role=""/>
  <member type="way" ref="177851910" role=""/>
  <member type="way" ref="202050497" role=""/>
  <member type="way" ref="177788562" role=""/>
  <member type="way" ref="67147285" role=""/>
  <member type="way" ref="1352322521" role=""/>
  <member type="way" ref="1445399630" role=""/>
  <member type="way" ref="1352322522" role=""/>
  <member type="way" ref="1452612551" role=""/>
  <member type="way" ref="37408970" role=""/>
  <member type="way" ref="1431683202" role=""/>
  <member type="way" ref="216609209" role=""/>
  <member type="way" ref="216609208" role=""/>
  <member type="way" ref="42479215" role=""/>
  <member type="way" ref="1334229159" role=""/>
  <member type="way" ref="1165014308" role=""/>
  <member type="way" ref="1165014305" role=""/>
  <member type="way" ref="1435307990" role=""/>
  <member type="way" ref="1165014304" role=""/>
  <member type="way" ref="1167971995" role=""/>
  <member type="way" ref="1167971996" role=""/>
  <member type="way" ref="1164294659" role=""/>
  <member type="way" ref="1165014321" role=""/>
  <member type="way" ref="1164294706" role=""/>
  <member type="way" ref="1328473922" role=""/>
  <member type="way" ref="1164294647" role=""/>
  <member type="way" ref="1164294667" role=""/>
  <member type="way" ref="983627970" role=""/>
  <member type="way" ref="1164294673" role=""/>
  <member type="way" ref="1164294661" role=""/>
  <member type="way" ref="394233433" role=""/>
  <member type="way" ref="1164294662" role=""/>
  <member type="way" ref="1164294678" role=""/>
  <member type="way" ref="1164614097" role=""/>
  <member type="way" ref="1332577947" role=""/>
  <member type="way" ref="1330086604" role=""/>
  <member type="way" ref="202234982" role=""/>
  <member type="way" ref="1308525818" role=""/>
  <member type="way" ref="1164614195" role=""/>
  <member type="way" ref="1164614193" role=""/>
  <member type="way" ref="202234977" role=""/>
  <member type="way" ref="1446265314" role=""/>
  <member type="way" ref="773774681" role=""/>
  <member type="way" ref="1167498405" role=""/>
  <member type="way" ref="1167498402" role=""/>
  <member type="way" ref="1353619776" role=""/>
  <member type="way" ref="205862396" role=""/>
  <member type="way" ref="205862398" role=""/>
  <member type="way" ref="1238013309" role=""/>
  <member type="way" ref="1238013311" role=""/>
  <member type="way" ref="1238013303" role=""/>
  <member type="way" ref="1238013308" role=""/>
  <member type="way" ref="1238013307" role=""/>
  <member type="way" ref="1238013305" role=""/>
  <member type="way" ref="1238013304" role=""/>
  <member type="way" ref="1238010342" role=""/>
  <member type="way" ref="1451338775" role=""/>
  <member type="way" ref="1431683201" role=""/>
  <member type="way" ref="1238010354" role=""/>
  <member type="way" ref="1238010360" role=""/>
  <member type="way" ref="1353620424" role=""/>
  <member type="way" ref="1354892350" role=""/>
  <member type="way" ref="785569907" role=""/>
  <member type="way" ref="1431177109" role=""/>
  <member type="way" ref="1431177108" role=""/>
  <member type="way" ref="205862400" role=""/>
  <member type="way" ref="205862401" role=""/>
  <member type="way" ref="1447370451" role=""/>
  <member type="way" ref="563841919" role=""/>
  <member type="way" ref="563841918" role=""/>
  <member type="way" ref="64147146" role=""/>
  <member type="way" ref="64147148" role=""/>
  <member type="way" ref="773559923" role=""/>
  <member type="way" ref="550288226" role=""/>
  <member type="way" ref="550288227" role=""/>
  <member type="way" ref="1431177106" role=""/>
  <member type="way" ref="1431177104" role=""/>
  <member type="way" ref="1431177105" role=""/>
  <member type="way" ref="411845459" role=""/>
  <member type="way" ref="1433746116" role=""/>
  <member type="way" ref="912961688" role=""/>
  <member type="way" ref="1431177103" role=""/>
  <member type="node" ref="13155308258" role=""/>
  <tag k="from" v="고란종점"/>
  <tag k="name" v="경주 버스 234 (고란-외외마을(산업도로경유)-고속버스터미널-경주역-가막골)"/>
  <tag k="operator" v="새천년미소"/>
  <tag k="ref" v="234"/>
  <tag k="route" v="bus"/>
  <tag k="to" v="상구3리.가목동"/>
  <tag k="type" v="route"/>
 </relation>
 <relation id="19626255" visible="true" version="8" changeset="175025632" timestamp="2025-11-23T13:20:01Z" user="이재윤" uid="3018052">
  <member type="node" ref="4401151389" role=""/>
  <member type="node" ref="5558489429" role=""/>
  <member type="node" ref="12290911899" role=""/>
  <member type="node" ref="3774238668" role=""/>
  <member type="node" ref="12290932604" role=""/>
  <member type="node" ref="12290932605" role=""/>
  <member type="node" ref="12290932602" role=""/>
  <member type="node" ref="12290932606" role=""/>
  <member type="node" ref="12290932607" role=""/>
  <member type="node" ref="12290932609" role=""/>
  <member type="node" ref="12290932608" role=""/>
  <member type="node" ref="12290932610" role=""/>
  <member type="node" ref="12306151889" role=""/>
  <member type="node" ref="5909942588" role=""/>
  <member type="node" ref="12306151888" role=""/>
  <member type="node" ref="12306151887" role=""/>
  <member type="node" ref="12306151885" role=""/>
  <member type="node" ref="12306151886" role=""/>
  <member type="node" ref="12306151884" role=""/>
  <member type="node" ref="12306151883" role=""/>
  <member type="node" ref="12306151882" role=""/>
  <member type="node" ref="12306151881" role=""/>
  <member type="node" ref="12343738865" role=""/>
  <member type="node" ref="12343738866" role=""/>
  <member type="node" ref="12343738868" role=""/>
  <member type="node" ref="12343738867" role=""/>
  <member type="node" ref="12343738869" role=""/>
  <member type="node" ref="12343738870" role=""/>
  <member type="node" ref="12343738872" role=""/>
  <member type="node" ref="12343738871" role=""/>
  <member type="node" ref="12343738873" role=""/>
  <member type="node" ref="12343738876" role=""/>
  <member type="node" ref="13155308251" role=""/>
  <member type="node" ref="13155308252" role=""/>
  <member type="node" ref="13155308253" role=""/>
  <member type="node" ref="13155308254" role=""/>
  <member type="node" ref="12387343279" role=""/>
  <member type="node" ref="12386184980" role=""/>
  <member type="node" ref="12386184965" role=""/>
  <member type="node" ref="12386184963" role=""/>
  <member type="node" ref="12386184960" role=""/>
  <member type="node" ref="13155308255" role=""/>
  <member type="node" ref="13155308256" role=""/>
  <member type="node" ref="13155308257" role=""/>
  <member type="node" ref="13155308258" role=""/>
  <member type="way" ref="1328483751" role=""/>
  <member type="way" ref="1328483752" role=""/>
  <member type="way" ref="1164614201" role=""/>
  <member type="way" ref="1328473918" role=""/>
  <member type="way" ref="1164294696" role=""/>
  <member type="way" ref="42409276" role=""/>
  <member type="way" ref="1164294691" role=""/>
  <member type="way" ref="1164294688" role=""/>
  <member type="way" ref="1164294682" role=""/>
  <member type="way" ref="1164614105" role=""/>
  <member type="way" ref="1164614109" role=""/>
  <member type="way" ref="303318791" role=""/>
  <member type="way" ref="202234982" role=""/>
  <member type="way" ref="1164614197" role=""/>
  <member type="way" ref="1164294693" role=""/>
  <member type="way" ref="1165014308" role=""/>
  <member type="way" ref="1165014305" role=""/>
  <member type="way" ref="1435307990" role=""/>
  <member type="way" ref="1165014304" role=""/>
  <member type="way" ref="1167971995" role=""/>
  <member type="way" ref="1167971996" role=""/>
  <member type="way" ref="1164294659" role=""/>
  <member type="way" ref="1165014321" role=""/>
  <member type="way" ref="1164294706" role=""/>
  <member type="way" ref="1328473922" role=""/>
  <member type="way" ref="1164294647" role=""/>
  <member type="way" ref="1164294667" role=""/>
  <member type="way" ref="983627970" role=""/>
  <member type="way" ref="1164294673" role=""/>
  <member type="way" ref="1164294661" role=""/>
  <member type="way" ref="1328483206" role=""/>
  <member type="way" ref="1164294681" role=""/>
  <member type="way" ref="1164294683" role=""/>
  <member type="way" ref="1164294684" role=""/>
  <member type="way" ref="1164294663" role=""/>
  <member type="way" ref="1164294670" role=""/>
  <member type="way" ref="1164294664" role=""/>
  <member type="way" ref="1164294669" role=""/>
  <member type="way" ref="1164294665" role=""/>
  <member type="way" ref="535912240" role=""/>
  <member type="way" ref="202234978" role=""/>
  <member type="way" ref="1434036019" role=""/>
  <member type="way" ref="1167971998" role=""/>
  <member type="way" ref="1167971997" role=""/>
  <member type="way" ref="1165014319" role=""/>
  <member type="way" ref="42409266" role=""/>
  <member type="way" ref="1436677994" role=""/>
  <member type="way" ref="1165014307" role=""/>
  <member type="way" ref="1165014310" role=""/>
  <member type="way" ref="1163498915" role=""/>
  <member type="way" ref="1165014287" role=""/>
  <member type="way" ref="1171255986" role=""/>
  <member type="way" ref="1334229161" role=""/>
  <member type="way" ref="216609209" role=""/>
  <member type="way" ref="216609208" role=""/>
  <member type="way" ref="42479215" role=""/>
  <member type="way" ref="1334229159" role=""/>
  <member type="way" ref="1431683202" role=""/>
  <member type="way" ref="37408970" role=""/>
  <member type="way" ref="1452612551" role=""/>
  <member type="way" ref="1352322522" role=""/>
  <member type="way" ref="1445399630" role=""/>
  <member type="way" ref="1352322521" role=""/>
  <member type="way" ref="67147285" role=""/>
  <member type="way" ref="177788562" role=""/>
  <member type="way" ref="1334229162" role=""/>
  <member type="way" ref="1334626933" role=""/>
  <member type="way" ref="1167349092" role=""/>
  <member type="way" ref="1167349091" role=""/>
  <member type="way" ref="1167349087" role=""/>
  <member type="way" ref="1167349090" role=""/>
  <member type="way" ref="177788553" role=""/>
  <member type="way" ref="177788552" role=""/>
  <member type="way" ref="1167972015" role=""/>
  <member type="way" ref="1167972016" role=""/>
  <member type="way" ref="1453087270" role=""/>
  <member type="way" ref="1097301989" role=""/>
  <member type="way" ref="177788573" role=""/>
  <member type="way" ref="177788567" role=""/>
  <member type="way" ref="1431178885" role=""/>
  <member type="way" ref="483994634" role=""/>
  <member type="way" ref="1165014302" role=""/>
  <member type="way" ref="1198651981" role=""/>
  <member type="way" ref="1339046217" role=""/>
  <member type="way" ref="1165014324" role=""/>
  <member type="way" ref="1431178884" role=""/>
  <member type="way" ref="1241845231" role=""/>
  <member type="way" ref="1431178883" role=""/>
  <member type="way" ref="1366378435" role=""/>
  <member type="way" ref="1366378436" role=""/>
  <member type="way" ref="1238003444" role=""/>
  <member type="way" ref="1331285222" role=""/>
  <member type="way" ref="1331285221" role=""/>
  <member type="way" ref="177851910" role=""/>
  <member type="way" ref="202050497" role=""/>
  <member type="way" ref="1238010322" role=""/>
  <member type="way" ref="1431178887" role=""/>
  <tag k="from" v="시외버스터미널"/>
  <tag k="name" v="경주 버스 234"/>
  <tag k="operator" v="새천년미소"/>
  <tag k="ref" v="234"/>
  <tag k="route" v="bus"/>
  <tag k="to" v="상구3리.가목동"/>
  <tag k="type" v="route"/>
 </relation>
 <relation id="19626435" visible="true" version="7" changeset="174946814" timestamp="2025-11-21T12:28:25Z" user="이재윤" uid="3018052">
  <member type="node" ref="13155321901" role=""/>
  <member type="node" ref="13155321903" role=""/>
  <member type="node" ref="13155321915" role=""/>
  <member type="node" ref="13155321918" role=""/>
  <member type="node" ref="13155321920" role=""/>
  <member type="node" ref="13155321924" role=""/>
  <member type="node" ref="13155321923" role=""/>
  <member type="node" ref="13155321927" role=""/>
  <member type="node" ref="13155321928" role=""/>
  <member type="node" ref="13155321930" role=""/>
  <member type="node" ref="13155321932" role=""/>
  <member type="node" ref="3793988498" role=""/>
  <member type="node" ref="12290911898" role=""/>
  <member type="node" ref="12290932603" role=""/>
  <member type="node" ref="12290932606" role=""/>
  <member type="node" ref="12290932609" role=""/>
  <member type="node" ref="5909942588" role=""/>
  <member type="node" ref="12306151888" role=""/>
  <member type="node" ref="12306151886" role=""/>
  <member type="node" ref="12306151883" role=""/>
  <member type="node" ref="12306151881" role=""/>
  <member type="node" ref="12343738866" role=""/>
  <member type="node" ref="12343738867" role=""/>
  <member type="node" ref="12343738869" role=""/>
  <member type="node" ref="12343738872" role=""/>
  <member type="node" ref="12343738873" role=""/>
  <member type="node" ref="12343738876" role=""/>
  <member type="node" ref="13155308251" role=""/>
  <member type="node" ref="13155308252" role=""/>
  <member type="node" ref="13155308253" role=""/>
  <member type="node" ref="13155308254" role=""/>
  <member type="node" ref="12387343279" role=""/>
  <member type="node" ref="12386184980" role=""/>
  <member type="node" ref="12386184965" role=""/>
  <member type="node" ref="12386184963" role=""/>
  <member type="node" ref="13155308256" role=""/>
  <member type="node" ref="13155308257" role=""/>
  <member type="node" ref="13155308258" role=""/>
  <member type="way" ref="1431177103" role=""/>
  <member type="way" ref="1431177107" role=""/>
  <member type="way" ref="175429238" role=""/>
  <member type="way" ref="1431177109" role=""/>
  <member type="way" ref="785569907" role=""/>
  <member type="way" ref="1354892350" role=""/>
  <member type="way" ref="1353620424" role=""/>
  <member type="way" ref="1238010360" role=""/>
  <member type="way" ref="1238010354" role=""/>
  <member type="way" ref="1431683201" role=""/>
  <member type="way" ref="1451338775" role=""/>
  <member type="way" ref="1238010342" role=""/>
  <member type="way" ref="1238013304" role=""/>
  <member type="way" ref="1238013305" role=""/>
  <member type="way" ref="1238013307" role=""/>
  <member type="way" ref="1238013308" role=""/>
  <member type="way" ref="1238013303" role=""/>
  <member type="way" ref="1238013311" role=""/>
  <member type="way" ref="1238013309" role=""/>
  <member type="way" ref="205862398" role=""/>
  <member type="way" ref="205862396" role=""/>
  <member type="way" ref="1353619776" role=""/>
  <member type="way" ref="1167498402" role=""/>
  <member type="way" ref="1167498405" role=""/>
  <member type="way" ref="773774681" role=""/>
  <member type="way" ref="1446265314" role=""/>
  <member type="way" ref="202234977" role=""/>
  <member type="way" ref="1164614193" role=""/>
  <member type="way" ref="1164614195" role=""/>
  <member type="way" ref="1308525818" role=""/>
  <member type="way" ref="202234982" role=""/>
  <member type="way" ref="1330086604" role=""/>
  <member type="way" ref="1332577947" role=""/>
  <member type="way" ref="1164614097" role=""/>
  <member type="way" ref="1164294678" role=""/>
  <member type="way" ref="1164294662" role=""/>
  <member type="way" ref="394233433" role=""/>
  <member type="way" ref="1164294661" role=""/>
  <member type="way" ref="1164294673" role=""/>
  <member type="way" ref="983627970" role=""/>
  <member type="way" ref="1164294667" role=""/>
  <member type="way" ref="1164294647" role=""/>
  <member type="way" ref="1328473922" role=""/>
  <member type="way" ref="1164294706" role=""/>
  <member type="way" ref="1165014321" role=""/>
  <member type="way" ref="1164294659" role=""/>
  <member type="way" ref="1167971996" role=""/>
  <member type="way" ref="1167971995" role=""/>
  <member type="way" ref="1165014304" role=""/>
  <member type="way" ref="1435307990" role=""/>
  <member type="way" ref="1165014305" role=""/>
  <member type="way" ref="1165014308" role=""/>
  <member type="way" ref="1334229159" role=""/>
  <member type="way" ref="42479215" role=""/>
  <member type="way" ref="216609208" role=""/>
  <member type="way" ref="216609209" role=""/>
  <member type="way" ref="1431683202" role=""/>
  <member type="way" ref="37408970" role=""/>
  <member type="way" ref="1452612551" role=""/>
  <member type="way" ref="1352322522" role=""/>
  <member type="way" ref="1445399630" role=""/>
  <member type="way" ref="1352322521" role=""/>
  <member type="way" ref="67147285" role=""/>
  <member type="way" ref="177788562" role=""/>
  <member type="way" ref="202050497" role=""/>
  <member type="way" ref="177851910" role=""/>
  <member type="way" ref="1331285221" role=""/>
  <member type="way" ref="1331285222" role=""/>
  <member type="way" ref="1238003444" role=""/>
  <member type="way" ref="1366378436" role=""/>
  <member type="way" ref="1366378435" role=""/>
  <member type="way" ref="1431178883" role=""/>
  <member type="way" ref="1241845231" role=""/>
  <member type="way" ref="1431178884" role=""/>
  <member type="way" ref="1165014324" role=""/>
  <member type="way" ref="1339046217" role=""/>
  <member type="way" ref="1198651981" role=""/>
  <member type="way" ref="1165014302" role=""/>
  <member type="way" ref="483994634" role=""/>
  <member type="way" ref="1431178885" role=""/>
  <member type="way" ref="1238010322" role=""/>
  <member type="way" ref="1431178887" role=""/>
  <member type="way" ref="1238010328" role=""/>
  <tag k="from" v="고란종점"/>
  <tag k="name" v="경주 버스 234 (고란-외외마을(농수산)-터미널-가목동)"/>
  <tag k="operator" v="새천년미소"/>
  <tag k="ref" v="234"/>
  <tag k="route" v="bus"/>
  <tag k="to" v="상구3리.가목동"/>
  <tag k="type" v="route"/>
 </relation>
 <relation id="19647629" visible="true" version="9" changeset="175025632" timestamp="2025-11-23T13:20:01Z" user="이재윤" uid="3018052">
  <member type="node" ref="12306151889" role=""/>
  <member type="node" ref="12290932610" role=""/>
  <member type="node" ref="12290932608" role=""/>
  <member type="node" ref="12290932607" role=""/>
  <member type="node" ref="12290932604" role=""/>
  <member type="node" ref="5558489429" role=""/>
  <member type="node" ref="4401151389" role=""/>
  <member type="node" ref="12290911899" role=""/>
  <member type="node" ref="13155321933" role=""/>
  <member type="node" ref="13155321931" role=""/>
  <member type="node" ref="13155321929" role=""/>
  <member type="node" ref="13155321926" role=""/>
  <member type="node" ref="13155321925" role=""/>
  <member type="node" ref="13155321922" role=""/>
  <member type="node" ref="13169348358" role=""/>
  <member type="node" ref="13169348360" role=""/>
  <member type="node" ref="13169348363" role=""/>
  <member type="node" ref="13169348364" role=""/>
  <member type="node" ref="13169348365" role=""/>
  <member type="node" ref="13169348367" role=""/>
  <member type="node" ref="13169348373" role=""/>
  <member type="node" ref="12386184980" role=""/>
  <member type="node" ref="12386184965" role=""/>
  <member type="node" ref="12386184963" role=""/>
  <member type="node" ref="12386184981" role=""/>
  <member type="node" ref="12343738871" role=""/>
  <member type="node" ref="12343738870" role=""/>
  <member type="node" ref="12343738868" role=""/>
  <member type="node" ref="12343738865" role=""/>
  <member type="node" ref="12306151882" role=""/>
  <member type="node" ref="12306151884" role=""/>
  <member type="node" ref="12306151885" role=""/>
  <member type="way" ref="1164614197" role=""/>
  <member type="way" ref="1164294693" role=""/>
  <member type="way" ref="1328483751" role=""/>
  <member type="way" ref="1421312188" role=""/>
  <member type="way" ref="1432762902" role=""/>
  <member type="way" ref="892633855" role=""/>
  <member type="way" ref="1432856372" role=""/>
  <member type="way" ref="892633854" role=""/>
  <member type="way" ref="1165014298" role=""/>
  <member type="way" ref="1165014299" role=""/>
  <member type="way" ref="1165014300" role=""/>
  <member type="way" ref="1165014301" role=""/>
  <member type="way" ref="1165014323" role=""/>
  <member type="way" ref="1165014302" role=""/>
  <member type="way" ref="483994634" role=""/>
  <member type="way" ref="1431178885" role=""/>
  <member type="way" ref="177788567" role=""/>
  <member type="way" ref="177788573" role=""/>
  <member type="way" ref="1097301989" role=""/>
  <member type="way" ref="1453087270" role=""/>
  <member type="way" ref="1167972016" role=""/>
  <member type="way" ref="1167972015" role=""/>
  <member type="way" ref="177788552" role=""/>
  <member type="way" ref="177788553" role=""/>
  <member type="way" ref="1167349090" role=""/>
  <member type="way" ref="1167349087" role=""/>
  <member type="way" ref="1167349091" role=""/>
  <member type="way" ref="1167349092" role=""/>
  <member type="way" ref="1334626933" role=""/>
  <member type="way" ref="1334229162" role=""/>
  <member type="way" ref="177788562" role=""/>
  <member type="way" ref="67147285" role=""/>
  <member type="way" ref="1352322521" role=""/>
  <member type="way" ref="1445399630" role=""/>
  <member type="way" ref="1352322522" role=""/>
  <member type="way" ref="1452612551" role=""/>
  <member type="way" ref="37408970" role=""/>
  <member type="way" ref="1431683202" role=""/>
  <member type="way" ref="1334229161" role=""/>
  <member type="way" ref="1171255986" role=""/>
  <member type="way" ref="1165014287" role=""/>
  <member type="way" ref="1163498915" role=""/>
  <member type="way" ref="1165014310" role=""/>
  <member type="way" ref="1165014307" role=""/>
  <member type="way" ref="1436677994" role=""/>
  <member type="way" ref="42409266" role=""/>
  <member type="way" ref="1165014319" role=""/>
  <member type="way" ref="1167971997" role=""/>
  <member type="way" ref="1167971998" role=""/>
  <member type="way" ref="1434036019" role=""/>
  <member type="way" ref="202234978" role=""/>
  <member type="way" ref="535912240" role=""/>
  <member type="way" ref="1164294665" role=""/>
  <member type="way" ref="1164294669" role=""/>
  <member type="way" ref="1164294664" role=""/>
  <member type="way" ref="1164294670" role=""/>
  <member type="way" ref="1164294663" role=""/>
  <member type="way" ref="1164294684" role=""/>
  <member type="way" ref="1164294683" role=""/>
  <member type="way" ref="1164294682" role=""/>
  <member type="way" ref="1164614105" role=""/>
  <member type="way" ref="1164614109" role=""/>
  <member type="way" ref="303318791" role=""/>
  <member type="way" ref="202234982" role=""/>
  <member type="way" ref="1308525818" role=""/>
  <member type="way" ref="1164614195" role=""/>
  <member type="way" ref="1164614193" role=""/>
  <member type="way" ref="202234977" role=""/>
  <member type="way" ref="1446265314" role=""/>
  <member type="way" ref="773774681" role=""/>
  <member type="way" ref="1167498405" role=""/>
  <member type="way" ref="1167498402" role=""/>
  <member type="way" ref="1353619776" role=""/>
  <member type="way" ref="205862396" role=""/>
  <member type="way" ref="205862398" role=""/>
  <member type="way" ref="1238013309" role=""/>
  <member type="way" ref="1238013311" role=""/>
  <member type="way" ref="1238013303" role=""/>
  <member type="way" ref="1238013308" role=""/>
  <member type="way" ref="1238013307" role=""/>
  <member type="way" ref="1238013305" role=""/>
  <member type="way" ref="1238013304" role=""/>
  <member type="way" ref="1238010342" role=""/>
  <member type="way" ref="1451338775" role=""/>
  <member type="way" ref="177853467" role=""/>
  <member type="way" ref="892633857" role=""/>
  <member type="way" ref="892633866" role=""/>
  <member type="way" ref="1238010339" role=""/>
  <member type="way" ref="1198651980" role=""/>
  <member type="way" ref="1198651981" role=""/>
  <member type="way" ref="1165014325" role=""/>
  <member type="way" ref="1165014326" role=""/>
  <member type="way" ref="791258675" role=""/>
  <member type="way" ref="791258674" role=""/>
  <member type="way" ref="1354144727" role=""/>
  <member type="way" ref="1198651983" role=""/>
  <member type="node" ref="12306151887" role=""/>
  <tag k="from" v="성동시장"/>
  <tag k="name" v="경주 버스 30"/>
  <tag k="operator" v="새천년미소"/>
  <tag k="ref" v="30"/>
  <tag k="route" v="bus"/>
  <tag k="to" v="터미널 종점(하차전용)"/>
  <tag k="type" v="route"/>
 </relation>
 <relation id="19647945" visible="true" version="8" changeset="175025632" timestamp="2025-11-23T13:20:01Z" user="이재윤" uid="3018052">
  <member type="node" ref="13169348363" role=""/>
  <member type="node" ref="13169348364" role=""/>
  <member type="node" ref="13169348365" role=""/>
  <member type="node" ref="13169348367" role=""/>
  <member type="node" ref="13169348373" role=""/>
  <member type="node" ref="12386184981" role=""/>
  <member type="node" ref="12386184980" role=""/>
  <member type="node" ref="12386184965" role=""/>
  <member type="node" ref="12386184960" role=""/>
  <member type="node" ref="12343738871" role=""/>
  <member type="node" ref="12343738870" role=""/>
  <member type="node" ref="12343738868" role=""/>
  <member type="node" ref="12343738865" role=""/>
  <member type="node" ref="12306151882" role=""/>
  <member type="node" ref="12306151884" role=""/>
  <member type="node" ref="12306151885" role=""/>
  <member type="node" ref="12306151887" role=""/>
  <member type="node" ref="12306151889" role=""/>
  <member type="node" ref="12290932610" role=""/>
  <member type="node" ref="12290932608" role=""/>
  <member type="node" ref="12290932607" role=""/>
  <member type="node" ref="12290932604" role=""/>
  <member type="node" ref="5558489429" role=""/>
  <member type="node" ref="4401151389" role=""/>
  <member type="node" ref="13155321933" role=""/>
  <member type="node" ref="13155321931" role=""/>
  <member type="node" ref="13155321929" role=""/>
  <member type="node" ref="13155321926" role=""/>
  <member type="way" ref="1432856372" role=""/>
  <member type="way" ref="892633854" role=""/>
  <member type="way" ref="1165014298" role=""/>
  <member type="way" ref="1165014299" role=""/>
  <member type="way" ref="1165014300" role=""/>
  <member type="way" ref="1165014301" role=""/>
  <member type="way" ref="1165014323" role=""/>
  <member type="way" ref="1198651980" role=""/>
  <member type="way" ref="1165014303" role=""/>
  <member type="way" ref="1198651983" role=""/>
  <member type="way" ref="1354144727" role=""/>
  <member type="way" ref="791258674" role=""/>
  <member type="way" ref="791258675" role=""/>
  <member type="way" ref="1165014326" role=""/>
  <member type="way" ref="1165014325" role=""/>
  <member type="way" ref="1198651981" role=""/>
  <member type="way" ref="1165014302" role=""/>
  <member type="way" ref="483994634" role=""/>
  <member type="way" ref="1431178885" role=""/>
  <member type="way" ref="177788567" role=""/>
  <member type="way" ref="177788573" role=""/>
  <member type="way" ref="1097301989" role=""/>
  <member type="way" ref="1453087270" role=""/>
  <member type="way" ref="1167972016" role=""/>
  <member type="way" ref="1167972015" role=""/>
  <member type="way" ref="177788552" role=""/>
  <member type="way" ref="177788553" role=""/>
  <member type="way" ref="1167349090" role=""/>
  <member type="way" ref="1167349087" role=""/>
  <member type="way" ref="1167349091" role=""/>
  <member type="way" ref="1167349092" role=""/>
  <member type="way" ref="1334626933" role=""/>
  <member type="way" ref="1334229162" role=""/>
  <member type="way" ref="177788562" role=""/>
  <member type="way" ref="67147285" role=""/>
  <member type="way" ref="1352322521" role=""/>
  <member type="way" ref="1445399630" role=""/>
  <member type="way" ref="1352322522" role=""/>
  <member type="way" ref="1452612551" role=""/>
  <member type="way" ref="37408970" role=""/>
  <member type="way" ref="1431683202" role=""/>
  <member type="way" ref="1334229161" role=""/>
  <member type="way" ref="1171255986" role=""/>
  <member type="way" ref="1165014287" role=""/>
  <member type="way" ref="1163498915" role=""/>
  <member type="way" ref="1165014310" role=""/>
  <member type="way" ref="1165014307" role=""/>
  <member type="way" ref="1436677994" role=""/>
  <member type="way" ref="42409266" role=""/>
  <member type="way" ref="1165014319" role=""/>
  <member type="way" ref="1167971997" role=""/>
  <member type="way" ref="1167971998" role=""/>
  <member type="way" ref="1434036019" role=""/>
  <member type="way" ref="202234978" role=""/>
  <member type="way" ref="535912240" role=""/>
  <member type="way" ref="1164294665" role=""/>
  <member type="way" ref="1164294669" role=""/>
  <member type="way" ref="1164294664" role=""/>
  <member type="way" ref="1164294670" role=""/>
  <member type="way" ref="1164294663" role=""/>
  <member type="way" ref="1164294684" role=""/>
  <member type="way" ref="1164294683" role=""/>
  <member type="way" ref="1164294682" role=""/>
  <member type="way" ref="1164614105" role=""/>
  <member type="way" ref="1164614109" role=""/>
  <member type="way" ref="303318791" role=""/>
  <member type="way" ref="202234982" role=""/>
  <member type="way" ref="1308525818" role=""/>
  <member type="way" ref="1164614195" role=""/>
  <member type="way" ref="1164614193" role=""/>
  <member type="way" ref="202234977" role=""/>
  <member type="way" ref="1446265314" role=""/>
  <member type="way" ref="773774681" role=""/>
  <member type="way" ref="1167498405" role=""/>
  <member type="way" ref="1167498402" role=""/>
  <member type="way" ref="1353619776" role=""/>
  <member type="way" ref="205862396" role=""/>
  <member type="way" ref="205862398" role=""/>
  <member type="way" ref="1238013309" role=""/>
  <member type="way" ref="1238013311" role=""/>
  <member type="way" ref="1238013303" role=""/>
  <member type="way" ref="1238013308" role=""/>
  <member type="way" ref="1238013307" role=""/>
  <member type="way" ref="1238013305" role=""/>
  <member type="way" ref="1238013304" role=""/>
  <member type="way" ref="1238010342" role=""/>
  <member type="way" ref="1451338775" role=""/>
  <member type="node" ref="13155321925" role=""/>
  <member type="node" ref="13155321922" role=""/>
  <tag k="from" v="야척"/>
  <tag k="name" v="경주 버스 30 (1회차)"/>
  <tag k="operator" v="새천년미소"/>
  <tag k="ref" v="30"/>
  <tag k="route" v="bus"/>
  <tag k="to" v="문화중고등학교입구"/>
  <tag k="type" v="route"/>
 </relation>
 <relation id="19652995" visible="true" version="7" changeset="175025632" timestamp="2025-11-23T13:20:01Z" user="이재윤" uid="3018052">
  <member type="node" ref="3774238668" role=""/>
  <member type="node" ref="12290911900" role=""/>
  <member type="node" ref="12290932602" role=""/>
  <member type="node" ref="12290932605" role=""/>
  <member type="node" ref="12290932606" role=""/>
  <member type="node" ref="12290932609" role=""/>
  <member type="node" ref="3793962197" role=""/>
  <member type="node" ref="5909942588" role=""/>
  <member type="node" ref="12306151888" role=""/>
  <member type="node" ref="12306151886" role=""/>
  <member type="node" ref="12306151883" role=""/>
  <member type="node" ref="12306151881" role=""/>
  <member type="node" ref="12343738866" role=""/>
  <member type="node" ref="12343738867" role=""/>
  <member type="node" ref="12343738869" role=""/>
  <member type="node" ref="12343738872" role=""/>
  <member type="node" ref="12386184959" role=""/>
  <member type="node" ref="12386184961" role=""/>
  <member type="node" ref="12386184962" role=""/>
  <member type="node" ref="12386184964" role=""/>
  <member type="node" ref="12386184982" role=""/>
  <member type="node" ref="13169348374" role=""/>
  <member type="node" ref="13169348368" role=""/>
  <member type="node" ref="13169348366" role=""/>
  <member type="node" ref="13169348362" role=""/>
  <member type="node" ref="13169348361" role=""/>
  <member type="node" ref="13169348359" role=""/>
  <member type="node" ref="13155321923" role=""/>
  <member type="node" ref="13155321927" role=""/>
  <member type="node" ref="13155321924" role=""/>
  <member type="node" ref="13155321928" role=""/>
  <member type="node" ref="13155321930" role=""/>
  <member type="node" ref="13155321932" role=""/>
  <member type="node" ref="3793988498" role=""/>
  <member type="node" ref="12290911898" role=""/>
  <member type="node" ref="12290932603" role=""/>
  <member type="way" ref="1198651983" role=""/>
  <member type="way" ref="1165014303" role=""/>
  <member type="way" ref="1198651980" role=""/>
  <member type="way" ref="1198651981" role=""/>
  <member type="way" ref="1165014325" role=""/>
  <member type="way" ref="1165014326" role=""/>
  <member type="way" ref="791258675" role=""/>
  <member type="way" ref="791258674" role=""/>
  <member type="way" ref="1432771892" role=""/>
  <member type="way" ref="1354144726" role=""/>
  <member type="way" ref="1164294678" role=""/>
  <member type="way" ref="1164614097" role=""/>
  <member type="way" ref="1332577947" role=""/>
  <member type="way" ref="1330086604" role=""/>
  <member type="way" ref="202234982" role=""/>
  <member type="way" ref="1308525818" role=""/>
  <member type="way" ref="1164614195" role=""/>
  <member type="way" ref="1164614193" role=""/>
  <member type="way" ref="202234977" role=""/>
  <member type="way" ref="1446265314" role=""/>
  <member type="way" ref="773774681" role=""/>
  <member type="way" ref="1167498405" role=""/>
  <member type="way" ref="1167498402" role=""/>
  <member type="way" ref="1353619776" role=""/>
  <member type="way" ref="205862396" role=""/>
  <member type="way" ref="205862398" role=""/>
  <member type="way" ref="1238013309" role=""/>
  <member type="way" ref="1238013311" role=""/>
  <member type="way" ref="1238013303" role=""/>
  <member type="way" ref="1238013308" role=""/>
  <member type="way" ref="1238013307" role=""/>
  <member type="way" ref="1238013305" role=""/>
  <member type="way" ref="1238013304" role=""/>
  <member type="way" ref="1238010342" role=""/>
  <member type="way" ref="1451338775" role=""/>
  <member type="way" ref="177853467" role=""/>
  <member type="way" ref="892633857" role=""/>
  <member type="way" ref="892633866" role=""/>
  <member type="way" ref="1238010339" role=""/>
  <member type="way" ref="1421312188" role=""/>
  <member type="way" ref="1432762902" role=""/>
  <member type="way" ref="892633855" role=""/>
  <member type="way" ref="1432856372" role=""/>
  <member type="way" ref="892633854" role=""/>
  <member type="way" ref="1165014298" role=""/>
  <member type="way" ref="1165014299" role=""/>
  <member type="way" ref="1165014300" role=""/>
  <member type="way" ref="1165014301" role=""/>
  <member type="way" ref="1165014323" role=""/>
  <member type="way" ref="1165014302" role=""/>
  <member type="way" ref="483994634" role=""/>
  <member type="way" ref="1431178885" role=""/>
  <member type="way" ref="177788567" role=""/>
  <member type="way" ref="177788573" role=""/>
  <member type="way" ref="1097301989" role=""/>
  <member type="way" ref="1453087270" role=""/>
  <member type="way" ref="1167972016" role=""/>
  <member type="way" ref="1167972015" role=""/>
  <member type="way" ref="177788552" role=""/>
  <member type="way" ref="177788553" role=""/>
  <member type="way" ref="1167349090" role=""/>
  <member type="way" ref="1167349087" role=""/>
  <member type="way" ref="1167349091" role=""/>
  <member type="way" ref="1167349092" role=""/>
  <member type="way" ref="1334626933" role=""/>
  <member type="way" ref="1334229162" role=""/>
  <member type="way" ref="177788562" role=""/>
  <member type="way" ref="67147285" role=""/>
  <member type="way" ref="1352322521" role=""/>
  <member type="way" ref="1445399630" role=""/>
  <member type="way" ref="1352322522" role=""/>
  <member type="way" ref="1452612551" role=""/>
  <member type="way" ref="37408970" role=""/>
  <member type="way" ref="1431683202" role=""/>
  <member type="way" ref="216609209" role=""/>
  <member type="way" ref="216609208" role=""/>
  <member type="way" ref="42479215" role=""/>
  <member type="way" ref="1334229159" role=""/>
  <member type="way" ref="1165014308" role=""/>
  <member type="way" ref="1165014305" role=""/>
  <member type="way" ref="1435307990" role=""/>
  <member type="way" ref="1165014304" role=""/>
  <member type="way" ref="1167971995" role=""/>
  <member type="way" ref="1167971996" role=""/>
  <member type="way" ref="1164294659" role=""/>
  <member type="way" ref="1165014321" role=""/>
  <member type="way" ref="1164294706" role=""/>
  <member type="way" ref="1328473922" role=""/>
  <member type="way" ref="1164294647" role=""/>
  <member type="way" ref="1164294667" role=""/>
  <member type="way" ref="983627970" role=""/>
  <member type="way" ref="1164294673" role=""/>
  <member type="way" ref="1164294661" role=""/>
  <member type="way" ref="1328483206" role=""/>
  <member type="way" ref="1164294681" role=""/>
  <member type="way" ref="1164294688" role=""/>
  <member type="way" ref="1164294691" role=""/>
  <member type="way" ref="42409276" role=""/>
  <member type="way" ref="1164294696" role=""/>
  <member type="way" ref="1328473918" role=""/>
  <member type="way" ref="1164614201" role=""/>
  <member type="way" ref="1328483752" role=""/>
  <member type="way" ref="1328483751" role=""/>
  <tag k="from" v="시외버스터미널"/>
  <tag k="name" v="경주 버스 31"/>
  <tag k="operator" v="새천년미소"/>
  <tag k="ref" v="31"/>
  <tag k="route" v="bus"/>
  <tag k="to" v="중앙시장"/>
  <tag k="type" v="route"/>
 </relation>
 <relation id="19652996" visible="true" version="8" changeset="175025632" timestamp="2025-11-23T13:20:01Z" user="이재윤" uid="3018052">
  <member type="node" ref="13155308258" role=""/>
  <member type="node" ref="13155308255" role=""/>
  <member type="node" ref="12386184960" role=""/>
  <member type="node" ref="12343738871" role=""/>
  <member type="node" ref="12343738870" role=""/>
  <member type="node" ref="12343738868" role=""/>
  <member type="node" ref="12343738865" role=""/>
  <member type="node" ref="12306151882" role=""/>
  <member type="node" ref="12306151884" role=""/>
  <member type="node" ref="12306151885" role=""/>
  <member type="node" ref="12306151887" role=""/>
  <member type="node" ref="12306151889" role=""/>
  <member type="node" ref="12290932610" role=""/>
  <member type="node" ref="12290932608" role=""/>
  <member type="node" ref="12290932607" role=""/>
  <member type="node" ref="12290932604" role=""/>
  <member type="node" ref="5558489429" role=""/>
  <member type="node" ref="4401151389" role=""/>
  <member type="node" ref="13155321933" role=""/>
  <member type="node" ref="13155321931" role=""/>
  <member type="node" ref="13155321929" role=""/>
  <member type="node" ref="13155321926" role=""/>
  <member type="node" ref="13155321925" role=""/>
  <member type="node" ref="13155321922" role=""/>
  <member type="node" ref="13155321921" role=""/>
  <member type="node" ref="13155321919" role=""/>
  <member type="node" ref="13155321917" role=""/>
  <member type="node" ref="13155321916" role=""/>
  <member type="node" ref="13155321902" role=""/>
  <member type="node" ref="13155321901" role=""/>
  <member type="way" ref="1238010328" role=""/>
  <member type="way" ref="1431178887" role=""/>
  <member type="way" ref="1238010322" role=""/>
  <member type="way" ref="177788567" role=""/>
  <member type="way" ref="177788573" role=""/>
  <member type="way" ref="1097301989" role=""/>
  <member type="way" ref="1453087270" role=""/>
  <member type="way" ref="1167972016" role=""/>
  <member type="way" ref="1167972015" role=""/>
  <member type="way" ref="177788552" role=""/>
  <member type="way" ref="177788553" role=""/>
  <member type="way" ref="1167349090" role=""/>
  <member type="way" ref="1167349087" role=""/>
  <member type="way" ref="1167349091" role=""/>
  <member type="way" ref="1167349092" role=""/>
  <member type="way" ref="1334626933" role=""/>
  <member type="way" ref="1334229162" role=""/>
  <member type="way" ref="177788562" role=""/>
  <member type="way" ref="67147285" role=""/>
  <member type="way" ref="1352322521" role=""/>
  <member type="way" ref="1445399630" role=""/>
  <member type="way" ref="1352322522" role=""/>
  <member type="way" ref="1452612551" role=""/>
  <member type="way" ref="37408970" role=""/>
  <member type="way" ref="1431683202" role=""/>
  <member type="way" ref="1334229161" role=""/>
  <member type="way" ref="1171255986" role=""/>
  <member type="way" ref="1165014287" role=""/>
  <member type="way" ref="1163498915" role=""/>
  <member type="way" ref="1165014310" role=""/>
  <member type="way" ref="1165014307" role=""/>
  <member type="way" ref="1436677994" role=""/>
  <member type="way" ref="42409266" role=""/>
  <member type="way" ref="1165014319" role=""/>
  <member type="way" ref="1167971997" role=""/>
  <member type="way" ref="1167971998" role=""/>
  <member type="way" ref="1434036019" role=""/>
  <member type="way" ref="202234978" role=""/>
  <member type="way" ref="535912240" role=""/>
  <member type="way" ref="1164294665" role=""/>
  <member type="way" ref="1164294669" role=""/>
  <member type="way" ref="1164294664" role=""/>
  <member type="way" ref="1164294670" role=""/>
  <member type="way" ref="1164294663" role=""/>
  <member type="way" ref="1164294684" role=""/>
  <member type="way" ref="1164294683" role=""/>
  <member type="way" ref="1164294682" role=""/>
  <member type="way" ref="1164614105" role=""/>
  <member type="way" ref="1164614109" role=""/>
  <member type="way" ref="303318791" role=""/>
  <member type="way" ref="202234982" role=""/>
  <member type="way" ref="1308525818" role=""/>
  <member type="way" ref="1164614195" role=""/>
  <member type="way" ref="1164614193" role=""/>
  <member type="way" ref="202234977" role=""/>
  <member type="way" ref="1446265314" role=""/>
  <member type="way" ref="773774681" role=""/>
  <member type="way" ref="1167498405" role=""/>
  <member type="way" ref="1167498402" role=""/>
  <member type="way" ref="1353619776" role=""/>
  <member type="way" ref="205862396" role=""/>
  <member type="way" ref="205862398" role=""/>
  <member type="way" ref="1238013309" role=""/>
  <member type="way" ref="1238013311" role=""/>
  <member type="way" ref="1238013303" role=""/>
  <member type="way" ref="1238013308" role=""/>
  <member type="way" ref="1238013307" role=""/>
  <member type="way" ref="1238013305" role=""/>
  <member type="way" ref="1238013304" role=""/>
  <member type="way" ref="1238010342" role=""/>
  <member type="way" ref="1451338775" role=""/>
  <member type="way" ref="1431683201" role=""/>
  <member type="way" ref="1238010354" role=""/>
  <member type="way" ref="1238010360" role=""/>
  <member type="way" ref="1353620424" role=""/>
  <member type="way" ref="1433534705" role=""/>
  <member type="way" ref="1431492354" role=""/>
  <member type="way" ref="785569907" role=""/>
  <member type="way" ref="1431177109" role=""/>
  <member type="way" ref="175429238" role=""/>
  <member type="way" ref="1431177107" role=""/>
  <member type="way" ref="1431177103" role=""/>
  <tag k="from" v="상구3리.가목동"/>
  <tag k="name" v="경주 버스 333 (가막골-금장-경주역-외외마을(농수산경유)-고란)"/>
  <tag k="operator" v="새천년미소"/>
  <tag k="ref" v="333"/>
  <tag k="route" v="bus"/>
  <tag k="to" v="고란종점"/>
  <tag k="type" v="route"/>
 </relation>
 <relation id="19656360" visible="true" version="9" changeset="175025632" timestamp="2025-11-23T13:20:01Z" user="이재윤" uid="3018052">
  <member type="node" ref="13155308258" role=""/>
  <member type="node" ref="13155308255" role=""/>
  <member type="node" ref="12386184960" role=""/>
  <member type="node" ref="12343738871" role=""/>
  <member type="node" ref="12343738870" role=""/>
  <member type="node" ref="12343738865" role=""/>
  <member type="node" ref="12306151882" role=""/>
  <member type="node" ref="12306151884" role=""/>
  <member type="node" ref="12306151885" role=""/>
  <member type="node" ref="12306151887" role=""/>
  <member type="node" ref="12306151889" role=""/>
  <member type="node" ref="12290932610" role=""/>
  <member type="node" ref="12290932608" role=""/>
  <member type="node" ref="12290932607" role=""/>
  <member type="node" ref="12290932604" role=""/>
  <member type="node" ref="5558489429" role=""/>
  <member type="node" ref="4401151389" role=""/>
  <member type="node" ref="13155321933" role=""/>
  <member type="node" ref="13155321931" role=""/>
  <member type="node" ref="13155321929" role=""/>
  <member type="node" ref="13155321926" role=""/>
  <member type="node" ref="13155321925" role=""/>
  <member type="node" ref="13155321922" role=""/>
  <member type="node" ref="13155321921" role=""/>
  <member type="node" ref="13155321919" role=""/>
  <member type="node" ref="13155321916" role=""/>
  <member type="node" ref="13155321917" role=""/>
  <member type="node" ref="13155321909" role=""/>
  <member type="node" ref="13155321906" role=""/>
  <member type="way" ref="1238010328" role=""/>
  <member type="way" ref="1431178887" role=""/>
  <member type="way" ref="1238010322" role=""/>
  <member type="way" ref="177788567" role=""/>
  <member type="way" ref="177788573" role=""/>
  <member type="way" ref="1097301989" role=""/>
  <member type="way" ref="1453087270" role=""/>
  <member type="way" ref="1167972016" role=""/>
  <member type="way" ref="1167972015" role=""/>
  <member type="way" ref="177788552" role=""/>
  <member type="way" ref="177788553" role=""/>
  <member type="way" ref="1167349090" role=""/>
  <member type="way" ref="1167349087" role=""/>
  <member type="way" ref="1167349091" role=""/>
  <member type="way" ref="1167349092" role=""/>
  <member type="way" ref="1334626933" role=""/>
  <member type="way" ref="1334229162" role=""/>
  <member type="way" ref="177788562" role=""/>
  <member type="way" ref="67147285" role=""/>
  <member type="way" ref="1352322521" role=""/>
  <member type="way" ref="1445399630" role=""/>
  <member type="way" ref="1352322522" role=""/>
  <member type="way" ref="1452612551" role=""/>
  <member type="way" ref="37408970" role=""/>
  <member type="way" ref="1431683202" role=""/>
  <member type="way" ref="1334229161" role=""/>
  <member type="way" ref="1171255986" role=""/>
  <member type="way" ref="1165014287" role=""/>
  <member type="way" ref="1163498915" role=""/>
  <member type="way" ref="1165014310" role=""/>
  <member type="way" ref="1165014307" role=""/>
  <member type="way" ref="1436677994" role=""/>
  <member type="way" ref="42409266" role=""/>
  <member type="way" ref="1165014319" role=""/>
  <member type="way" ref="1167971997" role=""/>
  <member type="way" ref="1167971998" role=""/>
  <member type="way" ref="1434036019" role=""/>
  <member type="way" ref="202234978" role=""/>
  <member type="way" ref="535912240" role=""/>
  <member type="way" ref="1164294665" role=""/>
  <member type="way" ref="1164294669" role=""/>
  <member type="way" ref="1164294664" role=""/>
  <member type="way" ref="1164294670" role=""/>
  <member type="way" ref="1164294663" role=""/>
  <member type="way" ref="1164294684" role=""/>
  <member type="way" ref="1164294683" role=""/>
  <member type="way" ref="1164294682" role=""/>
  <member type="way" ref="1164614105" role=""/>
  <member type="way" ref="1164614109" role=""/>
  <member type="way" ref="303318791" role=""/>
  <member type="way" ref="202234982" role=""/>
  <member type="way" ref="1308525818" role=""/>
  <member type="way" ref="1164614195" role=""/>
  <member type="way" ref="1164614193" role=""/>
  <member type="way" ref="202234977" role=""/>
  <member type="way" ref="1446265314" role=""/>
  <member type="way" ref="773774681" role=""/>
  <member type="way" ref="1167498405" role=""/>
  <member type="way" ref="1167498402" role=""/>
  <member type="way" ref="1353619776" role=""/>
  <member type="way" ref="205862396" role=""/>
  <member type="way" ref="205862398" role=""/>
  <member type="way" ref="1238013309" role=""/>
  <member type="way" ref="1238013311" role=""/>
  <member type="way" ref="1238013303" role=""/>
  <member type="way" ref="1238013308" role=""/>
  <member type="way" ref="1238013307" role=""/>
  <member type="way" ref="1238013305" role=""/>
  <member type="way" ref="1238013304" role=""/>
  <member type="way" ref="1238010342" role=""/>
  <member type="way" ref="1451338775" role=""/>
  <member type="way" ref="1431683201" role=""/>
  <member type="way" ref="1238010354" role=""/>
  <member type="way" ref="1238010360" role=""/>
  <member type="way" ref="1353620424" role=""/>
  <member type="way" ref="1433534705" role=""/>
  <member type="way" ref="1431492354" role=""/>
  <member type="way" ref="785569907" role=""/>
  <member type="way" ref="1431177109" role=""/>
  <member type="way" ref="1431177108" role=""/>
  <member type="way" ref="205862400" role=""/>
  <member type="way" ref="205862401" role=""/>
  <member type="way" ref="1447370451" role=""/>
  <member type="way" ref="773559922" role=""/>
  <member type="way" ref="794799704" role=""/>
  <member type="way" ref="794799703" role=""/>
  <member type="way" ref="794799701" role=""/>
  <member type="way" ref="794799700" role=""/>
  <member type="way" ref="794799702" role=""/>
  <member type="way" ref="794799698" role=""/>
  <member type="way" ref="1433746114" role=""/>
  <member type="way" ref="1433746115" role=""/>
  <member type="way" ref="912961688" role=""/>
  <member type="way" ref="1431177103" role=""/>
  <member type="node" ref="13155321902" role=""/>
  <member type="node" ref="13155321901" role=""/>
  <tag k="from" v="상구3리.가목동"/>
  <tag k="name" v="경주 버스 333 (가목동-경주역-외외마을-광명-고란)"/>
  <tag k="operator" v="새천년미소"/>
  <tag k="ref" v="333"/>
  <tag k="route" v="bus"/>
  <tag k="to" v="고란종점"/>
  <tag k="type" v="route"/>
 </relation>
 <relation id="19656404" visible="true" version="9" changeset="175025632" timestamp="2025-11-23T13:20:01Z" user="이재윤" uid="3018052">
  <member type="node" ref="13155308258" role=""/>
  <member type="node" ref="13155308255" role=""/>
  <member type="node" ref="12386184960" role=""/>
  <member type="node" ref="12343738871" role=""/>
  <member type="node" ref="12343738870" role=""/>
  <member type="node" ref="12343738868" role=""/>
  <member type="node" ref="12343738865" role=""/>
  <member type="node" ref="12306151882" role=""/>
  <member type="node" ref="12306151884" role=""/>
  <member type="node" ref="12306151885" role=""/>
  <member type="node" ref="12306151887" role=""/>
  <member type="node" ref="12306151889" role=""/>
  <member type="node" ref="12290932610" role=""/>
  <member type="node" ref="12290932608" role=""/>
  <member type="node" ref="12290932607" role=""/>
  <member type="node" ref="12290932604" role=""/>
  <member type="node" ref="5558489429" role=""/>
  <member type="node" ref="4401151389" role=""/>
  <member type="node" ref="13155321933" role=""/>
  <member type="node" ref="13155321931" role=""/>
  <member type="node" ref="13155321929" role=""/>
  <member type="node" ref="13155321926" role=""/>
  <member type="node" ref="13155321925" role=""/>
  <member type="node" ref="13155321922" role=""/>
  <member type="node" ref="13155321919" role=""/>
  <member type="node" ref="13155321921" role=""/>
  <member type="node" ref="13155321913" role=""/>
  <member type="node" ref="13155321909" role=""/>
  <member type="node" ref="13155321906" role=""/>
  <member type="node" ref="13155321905" role=""/>
  <member type="way" ref="1431178887" role=""/>
  <member type="way" ref="1238010322" role=""/>
  <member type="way" ref="177788567" role=""/>
  <member type="way" ref="177788573" role=""/>
  <member type="way" ref="1097301989" role=""/>
  <member type="way" ref="1453087270" role=""/>
  <member type="way" ref="1167972016" role=""/>
  <member type="way" ref="1167972015" role=""/>
  <member type="way" ref="177788552" role=""/>
  <member type="way" ref="177788553" role=""/>
  <member type="way" ref="1167349090" role=""/>
  <member type="way" ref="1167349087" role=""/>
  <member type="way" ref="1167349091" role=""/>
  <member type="way" ref="1167349092" role=""/>
  <member type="way" ref="1334626933" role=""/>
  <member type="way" ref="1334229162" role=""/>
  <member type="way" ref="177788562" role=""/>
  <member type="way" ref="67147285" role=""/>
  <member type="way" ref="1352322521" role=""/>
  <member type="way" ref="1445399630" role=""/>
  <member type="way" ref="1352322522" role=""/>
  <member type="way" ref="1452612551" role=""/>
  <member type="way" ref="37408970" role=""/>
  <member type="way" ref="1431683202" role=""/>
  <member type="way" ref="1334229161" role=""/>
  <member type="way" ref="1171255986" role=""/>
  <member type="way" ref="1165014287" role=""/>
  <member type="way" ref="1163498915" role=""/>
  <member type="way" ref="1165014310" role=""/>
  <member type="way" ref="1165014307" role=""/>
  <member type="way" ref="1436677994" role=""/>
  <member type="way" ref="42409266" role=""/>
  <member type="way" ref="1165014319" role=""/>
  <member type="way" ref="1167971997" role=""/>
  <member type="way" ref="1167971998" role=""/>
  <member type="way" ref="1434036019" role=""/>
  <member type="way" ref="202234978" role=""/>
  <member type="way" ref="535912240" role=""/>
  <member type="way" ref="1164294665" role=""/>
  <member type="way" ref="1164294669" role=""/>
  <member type="way" ref="1164294664" role=""/>
  <member type="way" ref="1164294670" role=""/>
  <member type="way" ref="1164294663" role=""/>
  <member type="way" ref="1164294684" role=""/>
  <member type="way" ref="1164294683" role=""/>
  <member type="way" ref="1164294682" role=""/>
  <member type="way" ref="1164614105" role=""/>
  <member type="way" ref="1164614109" role=""/>
  <member type="way" ref="303318791" role=""/>
  <member type="way" ref="202234982" role=""/>
  <member type="way" ref="1308525818" role=""/>
  <member type="way" ref="1164614195" role=""/>
  <member type="way" ref="1164614193" role=""/>
  <member type="way" ref="202234977" role=""/>
  <member type="way" ref="1446265314" role=""/>
  <member type="way" ref="773774681" role=""/>
  <member type="way" ref="1167498405" role=""/>
  <member type="way" ref="1167498402" role=""/>
  <member type="way" ref="1353619776" role=""/>
  <member type="way" ref="205862396" role=""/>
  <member type="way" ref="205862398" role=""/>
  <member type="way" ref="1238013309" role=""/>
  <member type="way" ref="1238013311" role=""/>
  <member type="way" ref="1238013303" role=""/>
  <member type="way" ref="1238013308" role=""/>
  <member type="way" ref="1238013307" role=""/>
  <member type="way" ref="1238013305" role=""/>
  <member type="way" ref="1238013304" role=""/>
  <member type="way" ref="1238010342" role=""/>
  <member type="way" ref="1451338775" role=""/>
  <member type="way" ref="1431683201" role=""/>
  <member type="way" ref="1238010354" role=""/>
  <member type="way" ref="1238010360" role=""/>
  <member type="way" ref="1353620424" role=""/>
  <member type="way" ref="1433534705" role=""/>
  <member type="way" ref="205862397" role=""/>
  <member type="way" ref="1431177108" role=""/>
  <member type="way" ref="205862400" role=""/>
  <member type="way" ref="205862401" role=""/>
  <member type="way" ref="1447370451" role=""/>
  <member type="way" ref="773559922" role=""/>
  <member type="way" ref="794799704" role=""/>
  <member type="way" ref="794799703" role=""/>
  <member type="way" ref="794799701" role=""/>
  <member type="way" ref="794799700" role=""/>
  <member type="way" ref="794799702" role=""/>
  <member type="way" ref="794799698" role=""/>
  <member type="way" ref="1433746114" role=""/>
  <member type="way" ref="1433746115" role=""/>
  <member type="way" ref="912961688" role=""/>
  <member type="way" ref="1431177103" role=""/>
  <member type="node" ref="13155321902" role=""/>
  <member type="node" ref="13155321901" role=""/>
  <tag k="from" v="상구3리.가목동"/>
  <tag k="name" v="경주 버스 333"/>
  <tag k="operator" v="새천년미소"/>
  <tag k="ref" v="333"/>
  <tag k="route" v="bus"/>
  <tag k="to" v="고란종점"/>
  <tag k="type" v="route"/>
 </relation>
 <relation id="19656445" visible="true" version="8" changeset="175025632" timestamp="2025-11-23T13:20:01Z" user="이재윤" uid="3018052">
  <member type="node" ref="13155308258" role=""/>
  <member type="node" ref="13155308255" role=""/>
  <member type="node" ref="12386184960" role=""/>
  <member type="node" ref="12343738871" role=""/>
  <member type="node" ref="12343738870" role=""/>
  <member type="node" ref="12343738868" role=""/>
  <member type="node" ref="12343738865" role=""/>
  <member type="node" ref="12306151882" role=""/>
  <member type="node" ref="12306151884" role=""/>
  <member type="node" ref="12306151885" role=""/>
  <member type="node" ref="12306151887" role=""/>
  <member type="node" ref="12306151889" role=""/>
  <member type="node" ref="12290932610" role=""/>
  <member type="node" ref="12290932608" role=""/>
  <member type="node" ref="12290932607" role=""/>
  <member type="node" ref="12290932604" role=""/>
  <member type="node" ref="5558489429" role=""/>
  <member type="node" ref="4401151389" role=""/>
  <member type="node" ref="13155321933" role=""/>
  <member type="node" ref="13155321931" role=""/>
  <member type="node" ref="13155321929" role=""/>
  <member type="node" ref="13155321926" role=""/>
  <member type="node" ref="13155321925" role=""/>
  <member type="node" ref="13155321922" role=""/>
  <member type="node" ref="13155321921" role=""/>
  <member type="node" ref="13155321919" role=""/>
  <member type="node" ref="12609268746" role=""/>
  <member type="node" ref="13155321913" role=""/>
  <member type="way" ref="1431177103" role=""/>
  <member type="way" ref="1431177107" role=""/>
  <member type="way" ref="175429238" role=""/>
  <member type="way" ref="205862397" role=""/>
  <member type="way" ref="1433534705" role=""/>
  <member type="way" ref="1353620424" role=""/>
  <member type="way" ref="1238010360" role=""/>
  <member type="way" ref="1238010354" role=""/>
  <member type="way" ref="1431683201" role=""/>
  <member type="way" ref="1451338775" role=""/>
  <member type="way" ref="1238010342" role=""/>
  <member type="way" ref="1238013304" role=""/>
  <member type="way" ref="1238013305" role=""/>
  <member type="way" ref="1238013307" role=""/>
  <member type="way" ref="1238013308" role=""/>
  <member type="way" ref="1238013303" role=""/>
  <member type="way" ref="1238013311" role=""/>
  <member type="way" ref="1238013309" role=""/>
  <member type="way" ref="205862398" role=""/>
  <member type="way" ref="205862396" role=""/>
  <member type="way" ref="1353619776" role=""/>
  <member type="way" ref="1167498402" role=""/>
  <member type="way" ref="1167498405" role=""/>
  <member type="way" ref="773774681" role=""/>
  <member type="way" ref="1446265314" role=""/>
  <member type="way" ref="202234977" role=""/>
  <member type="way" ref="1164614193" role=""/>
  <member type="way" ref="1164614195" role=""/>
  <member type="way" ref="1308525818" role=""/>
  <member type="way" ref="202234982" role=""/>
  <member type="way" ref="303318791" role=""/>
  <member type="way" ref="1164614109" role=""/>
  <member type="way" ref="1164614105" role=""/>
  <member type="way" ref="1164294682" role=""/>
  <member type="way" ref="1164294683" role=""/>
  <member type="way" ref="1164294684" role=""/>
  <member type="way" ref="1164294663" role=""/>
  <member type="way" ref="1164294670" role=""/>
  <member type="way" ref="1164294664" role=""/>
  <member type="way" ref="1164294669" role=""/>
  <member type="way" ref="1164294665" role=""/>
  <member type="way" ref="535912240" role=""/>
  <member type="way" ref="202234978" role=""/>
  <member type="way" ref="1434036019" role=""/>
  <member type="way" ref="1167971998" role=""/>
  <member type="way" ref="1167971997" role=""/>
  <member type="way" ref="1165014319" role=""/>
  <member type="way" ref="42409266" role=""/>
  <member type="way" ref="1436677994" role=""/>
  <member type="way" ref="1165014307" role=""/>
  <member type="way" ref="1165014310" role=""/>
  <member type="way" ref="1163498915" role=""/>
  <member type="way" ref="1165014287" role=""/>
  <member type="way" ref="1171255986" role=""/>
  <member type="way" ref="1334229161" role=""/>
  <member type="way" ref="1431683202" role=""/>
  <member type="way" ref="37408970" role=""/>
  <member type="way" ref="1452612551" role=""/>
  <member type="way" ref="1352322522" role=""/>
  <member type="way" ref="1445399630" role=""/>
  <member type="way" ref="1352322521" role=""/>
  <member type="way" ref="67147285" role=""/>
  <member type="way" ref="177788562" role=""/>
  <member type="way" ref="1334229162" role=""/>
  <member type="way" ref="1334626933" role=""/>
  <member type="way" ref="1167349092" role=""/>
  <member type="way" ref="1167349091" role=""/>
  <member type="way" ref="1167349087" role=""/>
  <member type="way" ref="1167349090" role=""/>
  <member type="way" ref="177788553" role=""/>
  <member type="way" ref="177788552" role=""/>
  <member type="way" ref="1167972015" role=""/>
  <member type="way" ref="1167972016" role=""/>
  <member type="way" ref="1453087270" role=""/>
  <member type="way" ref="1097301989" role=""/>
  <member type="way" ref="177788573" role=""/>
  <member type="way" ref="177788567" role=""/>
  <member type="way" ref="1238010322" role=""/>
  <member type="way" ref="1431178887" role=""/>
  <member type="way" ref="1238010328" role=""/>
  <member type="node" ref="13155321902" role=""/>
  <member type="node" ref="13155321901" role=""/>
  <tag k="from" v="상구3리.가목동"/>
  <tag k="name" v="경주 버스 333 (농수산센터경유)"/>
  <tag k="operator" v="새천년미소"/>
  <tag k="ref" v="333"/>
  <tag k="route" v="bus"/>
  <tag k="to" v="고란종점"/>
  <tag k="type" v="route"/>
 </relation>
 <relation id="19663924" visible="true" version="6" changeset="174946814" timestamp="2025-11-21T12:28:25Z" user="이재윤" uid="3018052">
  <member type="node" ref="13159647476" role=""/>
  <member type="node" ref="13159647475" role=""/>
  <member type="node" ref="13159647474" role=""/>
  <member type="node" ref="13159647473" role=""/>
  <member type="node" ref="13159647471" role=""/>
  <member type="node" ref="13159647472" role=""/>
  <member type="node" ref="13155321923" role=""/>
  <member type="node" ref="13155321922" role=""/>
  <member type="node" ref="13155321924" role=""/>
  <member type="node" ref="13155321925" role=""/>
  <member type="node" ref="13155321927" role=""/>
  <member type="node" ref="13155321926" role=""/>
  <member type="node" ref="13155321928" role=""/>
  <member type="node" ref="13155321929" role=""/>
  <member type="node" ref="13155321930" role=""/>
  <member type="node" ref="13155321931" role=""/>
  <member type="node" ref="13155321933" role=""/>
  <member type="node" ref="13155321932" role=""/>
  <member type="node" ref="3793988498" role=""/>
  <member type="node" ref="4401151389" role=""/>
  <member type="node" ref="5558489429" role=""/>
  <member type="node" ref="12290911898" role=""/>
  <member type="node" ref="12290932603" role=""/>
  <member type="node" ref="12290932604" role=""/>
  <member type="node" ref="12290932607" role=""/>
  <member type="node" ref="12290932608" role=""/>
  <member type="node" ref="12290932610" role=""/>
  <member type="node" ref="12343738854" role=""/>
  <member type="node" ref="12343738855" role=""/>
  <member type="node" ref="12343738857" role=""/>
  <member type="node" ref="12343738860" role=""/>
  <member type="node" ref="12343738862" role=""/>
  <member type="node" ref="13173458266" role=""/>
  <member type="node" ref="13173458268" role=""/>
  <member type="node" ref="13173458267" role=""/>
  <member type="node" ref="13173458269" role=""/>
  <member type="node" ref="13173458270" role=""/>
  <member type="node" ref="12343738864" role=""/>
  <member type="node" ref="12347075188" role=""/>
  <member type="node" ref="12347075189" role=""/>
  <member type="node" ref="12343738871" role=""/>
  <member type="node" ref="12343738870" role=""/>
  <member type="node" ref="12343738868" role=""/>
  <member type="node" ref="12343738865" role=""/>
  <member type="node" ref="12306151882" role=""/>
  <member type="node" ref="12306151884" role=""/>
  <member type="node" ref="12306151885" role=""/>
  <member type="node" ref="12306151887" role=""/>
  <member type="node" ref="12306151889" role=""/>
  <member type="way" ref="1431685339" role=""/>
  <member type="way" ref="1193663661" role=""/>
  <member type="way" ref="892633862" role=""/>
  <member type="way" ref="177853467" role=""/>
  <member type="way" ref="1451338775" role=""/>
  <member type="way" ref="1238010342" role=""/>
  <member type="way" ref="1238013304" role=""/>
  <member type="way" ref="1238013305" role=""/>
  <member type="way" ref="1238013307" role=""/>
  <member type="way" ref="1238013308" role=""/>
  <member type="way" ref="1238013303" role=""/>
  <member type="way" ref="1238013311" role=""/>
  <member type="way" ref="1238013309" role=""/>
  <member type="way" ref="205862398" role=""/>
  <member type="way" ref="205862396" role=""/>
  <member type="way" ref="1353619776" role=""/>
  <member type="way" ref="1167498402" role=""/>
  <member type="way" ref="1167498405" role=""/>
  <member type="way" ref="773774681" role=""/>
  <member type="way" ref="1446265314" role=""/>
  <member type="way" ref="202234977" role=""/>
  <member type="way" ref="1164614193" role=""/>
  <member type="way" ref="1164614195" role=""/>
  <member type="way" ref="1308525818" role=""/>
  <member type="way" ref="202234982" role=""/>
  <member type="way" ref="1330086604" role=""/>
  <member type="way" ref="1332577947" role=""/>
  <member type="way" ref="1164614097" role=""/>
  <member type="way" ref="1164294678" role=""/>
  <member type="way" ref="1164294662" role=""/>
  <member type="way" ref="1328473921" role=""/>
  <member type="way" ref="1164294680" role=""/>
  <member type="way" ref="1167498390" role=""/>
  <member type="way" ref="1164614091" role=""/>
  <member type="way" ref="983627969" role=""/>
  <member type="way" ref="1164614095" role=""/>
  <member type="way" ref="1334626931" role=""/>
  <member type="way" ref="361265530" role=""/>
  <member type="way" ref="1352322530" role=""/>
  <member type="way" ref="1352322531" role=""/>
  <member type="way" ref="361265524" role=""/>
  <member type="way" ref="556087784" role=""/>
  <member type="way" ref="1334229158" role=""/>
  <member type="way" ref="1163497929" role=""/>
  <member type="way" ref="1163497926" role=""/>
  <member type="way" ref="177851900" role=""/>
  <member type="way" ref="1009231694" role=""/>
  <member type="way" ref="1009231693" role=""/>
  <member type="way" ref="177851896" role=""/>
  <member type="way" ref="1334229162" role=""/>
  <member type="way" ref="177788562" role=""/>
  <member type="way" ref="67147285" role=""/>
  <member type="way" ref="1352322521" role=""/>
  <member type="way" ref="1445399630" role=""/>
  <member type="way" ref="1352322522" role=""/>
  <member type="way" ref="1452612551" role=""/>
  <member type="way" ref="37408970" role=""/>
  <member type="way" ref="1431683202" role=""/>
  <member type="way" ref="1334229161" role=""/>
  <member type="way" ref="1171255986" role=""/>
  <member type="way" ref="1165014287" role=""/>
  <member type="way" ref="1163498915" role=""/>
  <member type="way" ref="1165014310" role=""/>
  <member type="way" ref="1165014307" role=""/>
  <member type="way" ref="1436677994" role=""/>
  <member type="way" ref="42409266" role=""/>
  <member type="way" ref="1165014319" role=""/>
  <member type="way" ref="1167971997" role=""/>
  <member type="way" ref="1167971998" role=""/>
  <member type="way" ref="1434036019" role=""/>
  <member type="way" ref="202234978" role=""/>
  <member type="way" ref="535912240" role=""/>
  <member type="way" ref="1164294665" role=""/>
  <member type="way" ref="1164294669" role=""/>
  <member type="way" ref="1164294664" role=""/>
  <member type="way" ref="1164294670" role=""/>
  <member type="way" ref="1164294663" role=""/>
  <member type="way" ref="1164294684" role=""/>
  <member type="way" ref="1164294683" role=""/>
  <member type="way" ref="1164294682" role=""/>
  <member type="way" ref="1164614105" role=""/>
  <member type="way" ref="1164614109" role=""/>
  <member type="way" ref="303318791" role=""/>
  <member type="way" ref="133590463" role=""/>
  <tag k="from" v="문화중고등학교"/>
  <tag k="name" v="경주 버스 40"/>
  <tag k="operator" v="새천년미소"/>
  <tag k="ref" v="40"/>
  <tag k="route" v="bus"/>
  <tag k="to" v="석장동"/>
  <tag k="type" v="route"/>
 </relation>
 <relation id="19664195" visible="true" version="8" changeset="178403799" timestamp="2026-02-11T12:05:51Z" user="이재윤" uid="3018052">
  <member type="node" ref="13159647476" role=""/>
  <member type="node" ref="13159647475" role=""/>
  <member type="node" ref="13159647473" role=""/>
  <member type="node" ref="13159647474" role=""/>
  <member type="node" ref="13159647471" role=""/>
  <member type="node" ref="13159647472" role=""/>
  <member type="node" ref="13155321923" role=""/>
  <member type="node" ref="13155321922" role=""/>
  <member type="node" ref="13155321924" role=""/>
  <member type="node" ref="13155321925" role=""/>
  <member type="node" ref="13155321927" role=""/>
  <member type="node" ref="13155321926" role=""/>
  <member type="node" ref="13155321928" role=""/>
  <member type="node" ref="13155321929" role=""/>
  <member type="node" ref="13155321930" role=""/>
  <member type="node" ref="13155321931" role=""/>
  <member type="node" ref="13155321933" role=""/>
  <member type="node" ref="13155321932" role=""/>
  <member type="node" ref="3793988498" role=""/>
  <member type="node" ref="4401151389" role=""/>
  <member type="node" ref="5558489429" role=""/>
  <member type="node" ref="12290911898" role=""/>
  <member type="node" ref="12290932603" role=""/>
  <member type="node" ref="12290932604" role=""/>
  <member type="node" ref="12290932606" role=""/>
  <member type="node" ref="12343738853" role=""/>
  <member type="node" ref="12343738856" role=""/>
  <member type="node" ref="12343738858" role=""/>
  <member type="node" ref="12290932609" role=""/>
  <member type="node" ref="5909942588" role=""/>
  <member type="node" ref="12306151888" role=""/>
  <member type="node" ref="12306151886" role=""/>
  <member type="node" ref="12306151883" role=""/>
  <member type="node" ref="12306151881" role=""/>
  <member type="node" ref="12343738866" role=""/>
  <member type="node" ref="12343738867" role=""/>
  <member type="node" ref="12343738869" role=""/>
  <member type="node" ref="12343738872" role=""/>
  <member type="node" ref="12347075190" role=""/>
  <member type="node" ref="12343738863" role=""/>
  <member type="node" ref="12343738861" role=""/>
  <member type="node" ref="12343738859" role=""/>
  <member type="way" ref="1431685339" role=""/>
  <member type="way" ref="1193663661" role=""/>
  <member type="way" ref="892633862" role=""/>
  <member type="way" ref="177853467" role=""/>
  <member type="way" ref="1451338775" role=""/>
  <member type="way" ref="1238010342" role=""/>
  <member type="way" ref="1238013304" role=""/>
  <member type="way" ref="1238013305" role=""/>
  <member type="way" ref="1238013307" role=""/>
  <member type="way" ref="1238013308" role=""/>
  <member type="way" ref="1238013303" role=""/>
  <member type="way" ref="1238013311" role=""/>
  <member type="way" ref="1238013309" role=""/>
  <member type="way" ref="205862398" role=""/>
  <member type="way" ref="205862396" role=""/>
  <member type="way" ref="1353619776" role=""/>
  <member type="way" ref="1167498402" role=""/>
  <member type="way" ref="1167498405" role=""/>
  <member type="way" ref="773774681" role=""/>
  <member type="way" ref="1446265314" role=""/>
  <member type="way" ref="202234977" role=""/>
  <member type="way" ref="1164614193" role=""/>
  <member type="way" ref="1164614195" role=""/>
  <member type="way" ref="1308525818" role=""/>
  <member type="way" ref="202234982" role=""/>
  <member type="way" ref="1330086604" role=""/>
  <member type="way" ref="1332577947" role=""/>
  <member type="way" ref="1164614097" role=""/>
  <member type="way" ref="1164294678" role=""/>
  <member type="way" ref="1164294662" role=""/>
  <member type="way" ref="394233433" role=""/>
  <member type="way" ref="1164294661" role=""/>
  <member type="way" ref="1164294673" role=""/>
  <member type="way" ref="983627970" role=""/>
  <member type="way" ref="1164294667" role=""/>
  <member type="way" ref="1164294647" role=""/>
  <member type="way" ref="1328473922" role=""/>
  <member type="way" ref="1164294706" role=""/>
  <member type="way" ref="1165014321" role=""/>
  <member type="way" ref="1164294659" role=""/>
  <member type="way" ref="1167971996" role=""/>
  <member type="way" ref="1167971995" role=""/>
  <member type="way" ref="1165014304" role=""/>
  <member type="way" ref="1435307990" role=""/>
  <member type="way" ref="1165014305" role=""/>
  <member type="way" ref="1165014308" role=""/>
  <member type="way" ref="1334229159" role=""/>
  <member type="way" ref="42479215" role=""/>
  <member type="way" ref="216609208" role=""/>
  <member type="way" ref="216609209" role=""/>
  <member type="way" ref="1431683202" role=""/>
  <member type="way" ref="37408970" role=""/>
  <member type="way" ref="1452612551" role=""/>
  <member type="way" ref="1352322522" role=""/>
  <member type="way" ref="1445399630" role=""/>
  <member type="way" ref="1352322521" role=""/>
  <member type="way" ref="67147285" role=""/>
  <member type="way" ref="177788562" role=""/>
  <member type="way" ref="1334229162" role=""/>
  <member type="way" ref="177851896" role=""/>
  <member type="way" ref="1009231693" role=""/>
  <member type="way" ref="1009231694" role=""/>
  <member type="way" ref="177851900" role=""/>
  <member type="way" ref="1163497935" role=""/>
  <member type="way" ref="1293826167" role=""/>
  <member type="way" ref="1293826166" role=""/>
  <member type="way" ref="303318791" role=""/>
  <member type="way" ref="1164614109" role=""/>
  <member type="way" ref="1164614105" role=""/>
  <member type="way" ref="1164294682" role=""/>
  <member type="way" ref="1164294683" role=""/>
  <member type="way" ref="1436584749" role=""/>
  <member type="way" ref="1164294679" role=""/>
  <member type="way" ref="1167498389" role=""/>
  <member type="way" ref="361265530" role=""/>
  <member type="way" ref="1352322530" role=""/>
  <member type="way" ref="1352322531" role=""/>
  <member type="way" ref="361265524" role=""/>
  <member type="way" ref="556087784" role=""/>
  <member type="way" ref="1163497927" role=""/>
  <member type="way" ref="912632007" role=""/>
  <member type="way" ref="133590463" role=""/>
  <member type="node" ref="13173458266" role=""/>
  <member type="node" ref="13173458268" role=""/>
  <member type="node" ref="13173458267" role=""/>
  <member type="node" ref="13173458269" role=""/>
  <member type="node" ref="13173458270" role=""/>
  <tag k="from" v="문화중고등학교"/>
  <tag k="name" v="경주 버스 41"/>
  <tag k="operator" v="새천년미소"/>
  <tag k="ref" v="41"/>
  <tag k="route" v="bus"/>
  <tag k="to" v="동국대학교"/>
  <tag k="type" v="route"/>
 </relation>
 <relation id="19667053" visible="true" version="14" changeset="182365790" timestamp="2026-05-08T05:20:21Z" user="Weathering" uid="12509199">
  <member type="node" ref="5909942985" role=""/>
  <member type="node" ref="13159614026" role=""/>
  <member type="node" ref="13185935713" role=""/>
  <member type="node" ref="13185935714" role=""/>
  <member type="node" ref="11079677894" role=""/>
  <member type="node" ref="13155321908" role=""/>
  <member type="node" ref="13155321909" role=""/>
  <member type="node" ref="13155321912" role=""/>
  <member type="node" ref="13155321913" role=""/>
  <member type="node" ref="12609268746" role=""/>
  <member type="node" ref="12609268747" role=""/>
  <member type="node" ref="13155321918" role=""/>
  <member type="node" ref="13155321919" role=""/>
  <member type="node" ref="13155321920" role=""/>
  <member type="node" ref="13155321921" role=""/>
  <member type="node" ref="13155321923" role=""/>
  <member type="node" ref="13155321922" role=""/>
  <member type="node" ref="13155321924" role=""/>
  <member type="node" ref="13155321925" role=""/>
  <member type="node" ref="13155321927" role=""/>
  <member type="node" ref="13155321926" role=""/>
  <member type="node" ref="13155321930" role=""/>
  <member type="node" ref="13155321931" role=""/>
  <member type="node" ref="13155321929" role=""/>
  <member type="node" ref="13155321928" role=""/>
  <member type="node" ref="13155321932" role=""/>
  <member type="node" ref="13155321933" role=""/>
  <member type="node" ref="3793988498" role=""/>
  <member type="node" ref="4401151389" role=""/>
  <member type="node" ref="12290911898" role=""/>
  <member type="node" ref="5558489429" role=""/>
  <member type="node" ref="12290932603" role=""/>
  <member type="node" ref="12290932604" role=""/>
  <member type="node" ref="12290932606" role=""/>
  <member type="node" ref="12343738853" role=""/>
  <member type="node" ref="12343738856" role=""/>
  <member type="node" ref="12343738858" role=""/>
  <member type="node" ref="12343738859" role=""/>
  <member type="node" ref="12290932609" role=""/>
  <member type="node" ref="5909942588" role=""/>
  <member type="node" ref="12306151888" role=""/>
  <member type="node" ref="12306151886" role=""/>
  <member type="node" ref="12306151883" role=""/>
  <member type="node" ref="12343738861" role=""/>
  <member type="node" ref="12343738863" role=""/>
  <member type="node" ref="12347075190" role=""/>
  <member type="node" ref="12343738872" role=""/>
  <member type="node" ref="12343738869" role=""/>
  <member type="node" ref="13159647477" role=""/>
  <member type="node" ref="13159647479" role=""/>
  <member type="node" ref="13159647481" role=""/>
  <member type="node" ref="12306151878" role=""/>
  <member type="node" ref="12306151880" role=""/>
  <member type="node" ref="12306151881" role=""/>
  <member type="node" ref="12306151876" role=""/>
  <member type="node" ref="12306151875" role=""/>
  <member type="node" ref="12306151874" role=""/>
  <member type="node" ref="12306151870" role=""/>
  <member type="node" ref="12306151873" role=""/>
  <member type="node" ref="13159710805" role=""/>
  <member type="node" ref="13159710806" role=""/>
  <member type="node" ref="13159647492" role=""/>
  <member type="node" ref="13159647490" role=""/>
  <member type="node" ref="12306151866" role=""/>
  <member type="node" ref="13159710802" role=""/>
  <member type="node" ref="13159710803" role=""/>
  <member type="way" ref="404569737" role=""/>
  <member type="way" ref="1167505735" role=""/>
  <member type="way" ref="1167505736" role=""/>
  <member type="way" ref="1167505737" role=""/>
  <member type="way" ref="1167505740" role=""/>
  <member type="way" ref="153288439" role=""/>
  <member type="way" ref="153288429" role=""/>
  <member type="way" ref="1330852629" role=""/>
  <member type="way" ref="1330852628" role=""/>
  <member type="way" ref="1330852626" role=""/>
  <member type="way" ref="1453320963" role=""/>
  <member type="way" ref="1330852627" role=""/>
  <member type="way" ref="153288432" role=""/>
  <member type="way" ref="794799704" role=""/>
  <member type="way" ref="794799699" role=""/>
  <member type="way" ref="1469663515" role=""/>
  <member type="way" ref="153288445" role=""/>
  <member type="way" ref="153288454" role=""/>
  <member type="way" ref="153288435" role=""/>
  <member type="way" ref="153288456" role=""/>
  <member type="way" ref="153334510" role=""/>
  <member type="way" ref="153334503" role=""/>
  <member type="way" ref="153334518" role=""/>
  <member type="way" ref="1434595278" role=""/>
  <member type="way" ref="153288434" role=""/>
  <member type="way" ref="666328483" role=""/>
  <member type="way" ref="153288428" role=""/>
  <member type="way" ref="1434595279" role=""/>
  <member type="way" ref="153334512" role=""/>
  <member type="way" ref="153334507" role=""/>
  <member type="way" ref="153334523" role=""/>
  <member type="way" ref="153288427" role=""/>
  <member type="way" ref="153288452" role=""/>
  <member type="way" ref="153288466" role=""/>
  <member type="way" ref="153288460" role=""/>
  <member type="way" ref="64147142" role=""/>
  <member type="way" ref="773559924" role=""/>
  <member type="way" ref="563841918" role=""/>
  <member type="way" ref="563841919" role=""/>
  <member type="way" ref="773559922" role=""/>
  <member type="way" ref="1447370451" role=""/>
  <member type="way" ref="205862401" role=""/>
  <member type="way" ref="205862400" role=""/>
  <member type="way" ref="1431177108" role=""/>
  <member type="way" ref="205862397" role=""/>
  <member type="way" ref="1433534705" role=""/>
  <member type="way" ref="1353620424" role=""/>
  <member type="way" ref="1238010360" role=""/>
  <member type="way" ref="1238010354" role=""/>
  <member type="way" ref="1431683201" role=""/>
  <member type="way" ref="1451338775" role=""/>
  <member type="way" ref="1238010342" role=""/>
  <member type="way" ref="1238013304" role=""/>
  <member type="way" ref="1238013305" role=""/>
  <member type="way" ref="1238013307" role=""/>
  <member type="way" ref="1238013308" role=""/>
  <member type="way" ref="1238013303" role=""/>
  <member type="way" ref="1238013311" role=""/>
  <member type="way" ref="1238013309" role=""/>
  <member type="way" ref="205862398" role=""/>
  <member type="way" ref="205862396" role=""/>
  <member type="way" ref="1353619776" role=""/>
  <member type="way" ref="1167498402" role=""/>
  <member type="way" ref="1167498405" role=""/>
  <member type="way" ref="773774681" role=""/>
  <member type="way" ref="1446265314" role=""/>
  <member type="way" ref="202234977" role=""/>
  <member type="way" ref="1164614193" role=""/>
  <member type="way" ref="1164614195" role=""/>
  <member type="way" ref="1308525818" role=""/>
  <member type="way" ref="202234982" role=""/>
  <member type="way" ref="1330086604" role=""/>
  <member type="way" ref="1332577947" role=""/>
  <member type="way" ref="1164614097" role=""/>
  <member type="way" ref="1164294678" role=""/>
  <member type="way" ref="1164294662" role=""/>
  <member type="way" ref="394233433" role=""/>
  <member type="way" ref="1164294661" role=""/>
  <member type="way" ref="1164294673" role=""/>
  <member type="way" ref="983627970" role=""/>
  <member type="way" ref="1164294667" role=""/>
  <member type="way" ref="1164294647" role=""/>
  <member type="way" ref="1328473922" role=""/>
  <member type="way" ref="1164294706" role=""/>
  <member type="way" ref="1165014321" role=""/>
  <member type="way" ref="1164294659" role=""/>
  <member type="way" ref="1167971996" role=""/>
  <member type="way" ref="1167971995" role=""/>
  <member type="way" ref="1165014304" role=""/>
  <member type="way" ref="1435307990" role=""/>
  <member type="way" ref="1165014305" role=""/>
  <member type="way" ref="1165014308" role=""/>
  <member type="way" ref="1334229159" role=""/>
  <member type="way" ref="1165014314" role=""/>
  <member type="way" ref="1165014313" role=""/>
  <member type="way" ref="1165014312" role=""/>
  <member type="way" ref="1510438989" role=""/>
  <member type="way" ref="1510438992" role=""/>
  <member type="way" ref="1431683203" role=""/>
  <member type="way" ref="791274409" role=""/>
  <member type="way" ref="791274410" role=""/>
  <member type="way" ref="533136949" role=""/>
  <member type="way" ref="37408970" role=""/>
  <member type="way" ref="1452612551" role=""/>
  <member type="way" ref="1352322522" role=""/>
  <member type="way" ref="1445399630" role=""/>
  <member type="way" ref="1352322521" role=""/>
  <member type="way" ref="67147285" role=""/>
  <member type="way" ref="177788562" role=""/>
  <member type="way" ref="1334229162" role=""/>
  <member type="way" ref="177851896" role=""/>
  <member type="way" ref="1009231693" role=""/>
  <member type="way" ref="1009231694" role=""/>
  <member type="way" ref="177851900" role=""/>
  <member type="way" ref="1163497935" role=""/>
  <member type="way" ref="1293826167" role=""/>
  <member type="way" ref="1293826166" role=""/>
  <member type="way" ref="1293826165" role=""/>
  <member type="way" ref="912632007" role=""/>
  <member type="way" ref="1163497927" role=""/>
  <member type="way" ref="556087784" role=""/>
  <member type="way" ref="361265524" role=""/>
  <member type="way" ref="1352322531" role=""/>
  <member type="way" ref="1352322530" role=""/>
  <member type="way" ref="361265530" role=""/>
  <member type="way" ref="1167498389" role=""/>
  <member type="way" ref="1164294679" role=""/>
  <member type="way" ref="1436584749" role=""/>
  <member type="way" ref="1164294683" role=""/>
  <member type="way" ref="1164294682" role=""/>
  <member type="way" ref="1164614105" role=""/>
  <member type="way" ref="1164614109" role=""/>
  <member type="way" ref="303318791" role=""/>
  <member type="way" ref="1435311645" role=""/>
  <member type="way" ref="550137593" role=""/>
  <member type="way" ref="1330059386" role=""/>
  <member type="way" ref="791274407" role=""/>
  <member type="way" ref="1510438990" role=""/>
  <member type="way" ref="1330074578" role=""/>
  <member type="way" ref="891102455" role=""/>
  <member type="way" ref="1238003414" role=""/>
  <member type="way" ref="1330059385" role=""/>
  <member type="way" ref="1171256005" role=""/>
  <member type="way" ref="791274408" role=""/>
  <member type="way" ref="1434595284" role=""/>
  <member type="way" ref="1431685342" role=""/>
  <member type="way" ref="1435311646" role=""/>
  <member type="way" ref="533136950" role=""/>
  <member type="way" ref="1431685340" role=""/>
  <member type="way" ref="1434595282" role=""/>
  <member type="way" ref="1434595280" role=""/>
  <member type="way" ref="533136965" role=""/>
  <tag k="from" v="경주역(KTX)"/>
  <tag k="name" v="경주 버스 50"/>
  <tag k="operator" v="새천년미소"/>
  <tag k="ref" v="50"/>
  <tag k="route" v="bus"/>
  <tag k="to" v="현진에버빌건너"/>
  <tag k="type" v="route"/>
 </relation>
 <relation id="19670717" visible="true" version="14" changeset="182365790" timestamp="2026-05-08T05:20:21Z" user="Weathering" uid="12509199">
  <member type="node" ref="13159614026" role=""/>
  <member type="node" ref="5909942985" role=""/>
  <member type="node" ref="13185935713" role=""/>
  <member type="node" ref="13185935714" role=""/>
  <member type="node" ref="11079677894" role=""/>
  <member type="node" ref="13155321909" role=""/>
  <member type="node" ref="13155321908" role=""/>
  <member type="node" ref="13155321912" role=""/>
  <member type="node" ref="13155321913" role=""/>
  <member type="node" ref="12609268746" role=""/>
  <member type="node" ref="12609268747" role=""/>
  <member type="node" ref="13155321918" role=""/>
  <member type="node" ref="13155321919" role=""/>
  <member type="node" ref="13155321921" role=""/>
  <member type="node" ref="13155321920" role=""/>
  <member type="node" ref="13155321923" role=""/>
  <member type="node" ref="13155321922" role=""/>
  <member type="node" ref="13155321925" role=""/>
  <member type="node" ref="13155321924" role=""/>
  <member type="node" ref="13155321926" role=""/>
  <member type="node" ref="13155321927" role=""/>
  <member type="node" ref="13155321928" role=""/>
  <member type="node" ref="13155321929" role=""/>
  <member type="node" ref="13155321931" role=""/>
  <member type="node" ref="13155321930" role=""/>
  <member type="node" ref="13155321932" role=""/>
  <member type="node" ref="13155321933" role=""/>
  <member type="node" ref="13159647471" role=""/>
  <member type="node" ref="13159647472" role=""/>
  <member type="node" ref="13159647473" role=""/>
  <member type="node" ref="13159647474" role=""/>
  <member type="node" ref="13159647476" role=""/>
  <member type="node" ref="13159647475" role=""/>
  <member type="node" ref="3793988498" role=""/>
  <member type="node" ref="4401151389" role=""/>
  <member type="node" ref="12290911898" role=""/>
  <member type="node" ref="5558489429" role=""/>
  <member type="node" ref="12290932603" role=""/>
  <member type="node" ref="12290932604" role=""/>
  <member type="node" ref="12290932606" role=""/>
  <member type="node" ref="12343738853" role=""/>
  <member type="node" ref="12343738856" role=""/>
  <member type="node" ref="12290932609" role=""/>
  <member type="node" ref="5909942588" role=""/>
  <member type="node" ref="12306151888" role=""/>
  <member type="node" ref="12306151886" role=""/>
  <member type="node" ref="12306151883" role=""/>
  <member type="node" ref="12306151881" role=""/>
  <member type="node" ref="12306151880" role=""/>
  <member type="node" ref="12306151878" role=""/>
  <member type="node" ref="13159647481" role=""/>
  <member type="node" ref="12306151876" role=""/>
  <member type="node" ref="12306151875" role=""/>
  <member type="node" ref="12306151870" role=""/>
  <member type="node" ref="12306151874" role=""/>
  <member type="node" ref="13159710806" role=""/>
  <member type="node" ref="13159647492" role=""/>
  <member type="node" ref="12306151866" role=""/>
  <member type="node" ref="13159710803" role=""/>
  <member type="node" ref="13159647490" role=""/>
  <member type="node" ref="13159647479" role=""/>
  <member type="node" ref="13159647477" role=""/>
  <member type="node" ref="12343738869" role=""/>
  <member type="node" ref="12343738872" role=""/>
  <member type="node" ref="12347075190" role=""/>
  <member type="node" ref="12343738863" role=""/>
  <member type="way" ref="404569737" role=""/>
  <member type="way" ref="1167505735" role=""/>
  <member type="way" ref="1167505736" role=""/>
  <member type="way" ref="1330852629" role=""/>
  <member type="way" ref="153288429" role=""/>
  <member type="way" ref="153288432" role=""/>
  <member type="way" ref="1330852627" role=""/>
  <member type="way" ref="1453320963" role=""/>
  <member type="way" ref="1330852626" role=""/>
  <member type="way" ref="1330852628" role=""/>
  <member type="way" ref="153288439" role=""/>
  <member type="way" ref="1167505740" role=""/>
  <member type="way" ref="1167505737" role=""/>
  <member type="way" ref="153288466" role=""/>
  <member type="way" ref="153288452" role=""/>
  <member type="way" ref="153288427" role=""/>
  <member type="way" ref="153334523" role=""/>
  <member type="way" ref="153334507" role=""/>
  <member type="way" ref="153334512" role=""/>
  <member type="way" ref="1434595279" role=""/>
  <member type="way" ref="153288428" role=""/>
  <member type="way" ref="666328483" role=""/>
  <member type="way" ref="153288434" role=""/>
  <member type="way" ref="1434595278" role=""/>
  <member type="way" ref="153334518" role=""/>
  <member type="way" ref="153334503" role=""/>
  <member type="way" ref="153334510" role=""/>
  <member type="way" ref="153288456" role=""/>
  <member type="way" ref="153288435" role=""/>
  <member type="way" ref="153288454" role=""/>
  <member type="way" ref="153288445" role=""/>
  <member type="way" ref="153288460" role=""/>
  <member type="way" ref="563841918" role=""/>
  <member type="way" ref="773559924" role=""/>
  <member type="way" ref="64147142" role=""/>
  <member type="way" ref="1469663515" role=""/>
  <member type="way" ref="794799699" role=""/>
  <member type="way" ref="794799704" role=""/>
  <member type="way" ref="773559922" role=""/>
  <member type="way" ref="563841919" role=""/>
  <member type="way" ref="1447370451" role=""/>
  <member type="way" ref="205862401" role=""/>
  <member type="way" ref="205862400" role=""/>
  <member type="way" ref="1431177108" role=""/>
  <member type="way" ref="205862397" role=""/>
  <member type="way" ref="1433534705" role=""/>
  <member type="way" ref="1353620424" role=""/>
  <member type="way" ref="1238010360" role=""/>
  <member type="way" ref="1238010354" role=""/>
  <member type="way" ref="1431683201" role=""/>
  <member type="way" ref="1451338775" role=""/>
  <member type="way" ref="1238010342" role=""/>
  <member type="way" ref="1238013304" role=""/>
  <member type="way" ref="1238013305" role=""/>
  <member type="way" ref="1238013307" role=""/>
  <member type="way" ref="1238013308" role=""/>
  <member type="way" ref="1238013303" role=""/>
  <member type="way" ref="1238013311" role=""/>
  <member type="way" ref="1238013309" role=""/>
  <member type="way" ref="205862398" role=""/>
  <member type="way" ref="205862396" role=""/>
  <member type="way" ref="1353619776" role=""/>
  <member type="way" ref="1167498402" role=""/>
  <member type="way" ref="1167498405" role=""/>
  <member type="way" ref="773774681" role=""/>
  <member type="way" ref="1446265314" role=""/>
  <member type="way" ref="202234977" role=""/>
  <member type="way" ref="1164614193" role=""/>
  <member type="way" ref="1164614195" role=""/>
  <member type="way" ref="1308525818" role=""/>
  <member type="way" ref="202234982" role=""/>
  <member type="way" ref="1330086604" role=""/>
  <member type="way" ref="1332577947" role=""/>
  <member type="way" ref="1164614097" role=""/>
  <member type="way" ref="1164294678" role=""/>
  <member type="way" ref="1164294662" role=""/>
  <member type="way" ref="394233433" role=""/>
  <member type="way" ref="1164294661" role=""/>
  <member type="way" ref="1164294673" role=""/>
  <member type="way" ref="983627970" role=""/>
  <member type="way" ref="1164294667" role=""/>
  <member type="way" ref="1164294647" role=""/>
  <member type="way" ref="1328473922" role=""/>
  <member type="way" ref="1164294706" role=""/>
  <member type="way" ref="1165014321" role=""/>
  <member type="way" ref="1164294659" role=""/>
  <member type="way" ref="1167971996" role=""/>
  <member type="way" ref="1167971995" role=""/>
  <member type="way" ref="1165014304" role=""/>
  <member type="way" ref="1435307990" role=""/>
  <member type="way" ref="1165014305" role=""/>
  <member type="way" ref="1165014308" role=""/>
  <member type="way" ref="1334229159" role=""/>
  <member type="way" ref="1165014314" role=""/>
  <member type="way" ref="1165014313" role=""/>
  <member type="way" ref="1165014312" role=""/>
  <member type="way" ref="1510438989" role=""/>
  <member type="way" ref="1510438992" role=""/>
  <member type="way" ref="1435311645" role=""/>
  <member type="way" ref="550137593" role=""/>
  <member type="way" ref="1330059386" role=""/>
  <member type="way" ref="791274407" role=""/>
  <member type="way" ref="1510438990" role=""/>
  <member type="way" ref="1330074578" role=""/>
  <member type="way" ref="891102455" role=""/>
  <member type="way" ref="1238003414" role=""/>
  <member type="way" ref="1330059385" role=""/>
  <member type="way" ref="1171256005" role=""/>
  <member type="way" ref="177853467" role=""/>
  <member type="way" ref="892633862" role=""/>
  <member type="way" ref="1193663661" role=""/>
  <member type="way" ref="1431685339" role=""/>
  <member type="way" ref="303318791" role=""/>
  <member type="way" ref="1164614109" role=""/>
  <member type="way" ref="1164614105" role=""/>
  <member type="way" ref="1164294682" role=""/>
  <member type="way" ref="1164294683" role=""/>
  <member type="way" ref="1436584749" role=""/>
  <member type="way" ref="1164294679" role=""/>
  <member type="way" ref="1167498389" role=""/>
  <member type="way" ref="361265530" role=""/>
  <member type="way" ref="1352322530" role=""/>
  <member type="way" ref="1352322531" role=""/>
  <member type="way" ref="361265524" role=""/>
  <member type="way" ref="556087784" role=""/>
  <member type="way" ref="1163497927" role=""/>
  <member type="way" ref="912632007" role=""/>
  <member type="way" ref="1293826165" role=""/>
  <member type="way" ref="1293826166" role=""/>
  <member type="way" ref="1293826167" role=""/>
  <member type="way" ref="1163497935" role=""/>
  <member type="way" ref="177851900" role=""/>
  <member type="way" ref="1009231694" role=""/>
  <member type="way" ref="1009231693" role=""/>
  <member type="way" ref="177851896" role=""/>
  <member type="way" ref="1334229162" role=""/>
  <member type="way" ref="177788562" role=""/>
  <member type="way" ref="67147285" role=""/>
  <member type="way" ref="1352322521" role=""/>
  <member type="way" ref="1445399630" role=""/>
  <member type="way" ref="1352322522" role=""/>
  <member type="way" ref="1452612551" role=""/>
  <member type="way" ref="37408970" role=""/>
  <member type="way" ref="533136949" role=""/>
  <member type="way" ref="791274410" role=""/>
  <member type="way" ref="791274409" role=""/>
  <member type="way" ref="1431683203" role=""/>
  <member type="way" ref="791274408" role=""/>
  <member type="way" ref="1434595284" role=""/>
  <member type="way" ref="1431685342" role=""/>
  <member type="way" ref="1435311646" role=""/>
  <member type="way" ref="533136950" role=""/>
  <member type="way" ref="1431685340" role=""/>
  <member type="way" ref="1434595282" role=""/>
  <member type="way" ref="1434595280" role=""/>
  <member type="way" ref="533136965" role=""/>
  <member type="node" ref="12343738859" role=""/>
  <member type="node" ref="12343738858" role=""/>
  <member type="node" ref="12343738861" role=""/>
  <member type="node" ref="13159710805" role=""/>
  <member type="node" ref="12306151873" role=""/>
  <tag k="from" v="경주역(KTX)"/>
  <tag k="name" v="경주 버스 50 (신경주-용강-신경주(문고경유))"/>
  <tag k="operator" v="새천년미소"/>
  <tag k="ref" v="50"/>
  <tag k="route" v="bus"/>
  <tag k="to" v="현진에버빌건너"/>
  <tag k="type" v="route"/>
 </relation>
 <relation id="19670767" visible="true" version="12" changeset="182365790" timestamp="2026-05-08T05:20:21Z" user="Weathering" uid="12509199">
  <member type="node" ref="12290911898" role=""/>
  <member type="node" ref="5558489429" role=""/>
  <member type="node" ref="4401151389" role=""/>
  <member type="node" ref="3793988498" role=""/>
  <member type="node" ref="13155321933" role=""/>
  <member type="node" ref="13155321932" role=""/>
  <member type="node" ref="13155321931" role=""/>
  <member type="node" ref="13155321930" role=""/>
  <member type="node" ref="13155321929" role=""/>
  <member type="node" ref="13155321928" role=""/>
  <member type="node" ref="13155321927" role=""/>
  <member type="node" ref="13155321926" role=""/>
  <member type="node" ref="13155321924" role=""/>
  <member type="node" ref="13155321925" role=""/>
  <member type="node" ref="13155321923" role=""/>
  <member type="node" ref="13155321922" role=""/>
  <member type="node" ref="13155321920" role=""/>
  <member type="node" ref="13155321918" role=""/>
  <member type="node" ref="12609268747" role=""/>
  <member type="node" ref="13155321912" role=""/>
  <member type="node" ref="11079677894" role=""/>
  <member type="node" ref="13185935713" role=""/>
  <member type="node" ref="5909942985" role=""/>
  <member type="node" ref="13155321908" role=""/>
  <member type="node" ref="12290932604" role=""/>
  <member type="node" ref="12290932603" role=""/>
  <member type="node" ref="12290932606" role=""/>
  <member type="node" ref="12343738853" role=""/>
  <member type="node" ref="12343738856" role=""/>
  <member type="node" ref="12343738858" role=""/>
  <member type="node" ref="12343738859" role=""/>
  <member type="node" ref="12290932609" role=""/>
  <member type="node" ref="5909942588" role=""/>
  <member type="node" ref="12306151888" role=""/>
  <member type="node" ref="12306151886" role=""/>
  <member type="node" ref="12306151883" role=""/>
  <member type="node" ref="12306151881" role=""/>
  <member type="node" ref="12306151880" role=""/>
  <member type="node" ref="12306151878" role=""/>
  <member type="node" ref="12306151875" role=""/>
  <member type="node" ref="12306151874" role=""/>
  <member type="node" ref="12306151870" role=""/>
  <member type="node" ref="12306151873" role=""/>
  <member type="node" ref="13159710805" role=""/>
  <member type="node" ref="13159710806" role=""/>
  <member type="node" ref="13159647492" role=""/>
  <member type="node" ref="13159647490" role=""/>
  <member type="node" ref="12306151866" role=""/>
  <member type="node" ref="13159710802" role=""/>
  <member type="node" ref="13159710803" role=""/>
  <member type="node" ref="13159647481" role=""/>
  <member type="node" ref="13159647479" role=""/>
  <member type="node" ref="13159647477" role=""/>
  <member type="node" ref="12343738869" role=""/>
  <member type="node" ref="12343738872" role=""/>
  <member type="node" ref="12347075190" role=""/>
  <member type="node" ref="12343738863" role=""/>
  <member type="node" ref="12343738861" role=""/>
  <member type="way" ref="1167505736" role=""/>
  <member type="way" ref="1167505735" role=""/>
  <member type="way" ref="1164294682" role=""/>
  <member type="way" ref="1164614105" role=""/>
  <member type="way" ref="1164614109" role=""/>
  <member type="way" ref="303318791" role=""/>
  <member type="way" ref="1330086604" role=""/>
  <member type="way" ref="1332577947" role=""/>
  <member type="way" ref="1164614097" role=""/>
  <member type="way" ref="1164294678" role=""/>
  <member type="way" ref="1164294662" role=""/>
  <member type="way" ref="394233433" role=""/>
  <member type="way" ref="1164294661" role=""/>
  <member type="way" ref="1164294673" role=""/>
  <member type="way" ref="983627970" role=""/>
  <member type="way" ref="1164294667" role=""/>
  <member type="way" ref="1164294647" role=""/>
  <member type="way" ref="1328473922" role=""/>
  <member type="way" ref="1164294706" role=""/>
  <member type="way" ref="1165014321" role=""/>
  <member type="way" ref="1164294659" role=""/>
  <member type="way" ref="1167971996" role=""/>
  <member type="way" ref="1167971995" role=""/>
  <member type="way" ref="1165014304" role=""/>
  <member type="way" ref="1435307990" role=""/>
  <member type="way" ref="1165014305" role=""/>
  <member type="way" ref="1165014308" role=""/>
  <member type="way" ref="1334229159" role=""/>
  <member type="way" ref="1165014314" role=""/>
  <member type="way" ref="1165014313" role=""/>
  <member type="way" ref="1165014312" role=""/>
  <member type="way" ref="1510438989" role=""/>
  <member type="way" ref="1510438992" role=""/>
  <member type="way" ref="1435311645" role=""/>
  <member type="way" ref="550137593" role=""/>
  <member type="way" ref="1330059386" role=""/>
  <member type="way" ref="1171256005" role=""/>
  <member type="way" ref="1330059385" role=""/>
  <member type="way" ref="1238003414" role=""/>
  <member type="way" ref="891102455" role=""/>
  <member type="way" ref="1330074578" role=""/>
  <member type="way" ref="1510438990" role=""/>
  <member type="way" ref="791274407" role=""/>
  <member type="way" ref="202234982" role=""/>
  <member type="way" ref="1308525818" role=""/>
  <member type="way" ref="1164614195" role=""/>
  <member type="way" ref="1164614193" role=""/>
  <member type="way" ref="202234977" role=""/>
  <member type="way" ref="1446265314" role=""/>
  <member type="way" ref="773774681" role=""/>
  <member type="way" ref="1167498405" role=""/>
  <member type="way" ref="1167498402" role=""/>
  <member type="way" ref="1353619776" role=""/>
  <member type="way" ref="205862396" role=""/>
  <member type="way" ref="205862398" role=""/>
  <member type="way" ref="1238013309" role=""/>
  <member type="way" ref="1238013311" role=""/>
  <member type="way" ref="1238013303" role=""/>
  <member type="way" ref="1238013308" role=""/>
  <member type="way" ref="1238013307" role=""/>
  <member type="way" ref="1238013305" role=""/>
  <member type="way" ref="1238013304" role=""/>
  <member type="way" ref="1238010342" role=""/>
  <member type="way" ref="1451338775" role=""/>
  <member type="way" ref="1431683201" role=""/>
  <member type="way" ref="1238010354" role=""/>
  <member type="way" ref="1238010360" role=""/>
  <member type="way" ref="1353620424" role=""/>
  <member type="way" ref="1433534705" role=""/>
  <member type="way" ref="205862397" role=""/>
  <member type="way" ref="1431177108" role=""/>
  <member type="way" ref="205862400" role=""/>
  <member type="way" ref="205862401" role=""/>
  <member type="way" ref="1447370451" role=""/>
  <member type="way" ref="563841919" role=""/>
  <member type="way" ref="563841918" role=""/>
  <member type="way" ref="773559924" role=""/>
  <member type="way" ref="64147142" role=""/>
  <member type="way" ref="153288445" role=""/>
  <member type="way" ref="153288454" role=""/>
  <member type="way" ref="153288435" role=""/>
  <member type="way" ref="153288456" role=""/>
  <member type="way" ref="153334510" role=""/>
  <member type="way" ref="153334503" role=""/>
  <member type="way" ref="153334518" role=""/>
  <member type="way" ref="1434595278" role=""/>
  <member type="way" ref="153288434" role=""/>
  <member type="way" ref="666328483" role=""/>
  <member type="way" ref="1330852626" role=""/>
  <member type="way" ref="1453320963" role=""/>
  <member type="way" ref="1330852627" role=""/>
  <member type="way" ref="153288432" role=""/>
  <member type="way" ref="153288439" role=""/>
  <member type="way" ref="1167505740" role=""/>
  <member type="way" ref="1167505737" role=""/>
  <member type="way" ref="1436584749" role=""/>
  <member type="way" ref="1164294679" role=""/>
  <member type="way" ref="1167498389" role=""/>
  <member type="way" ref="361265530" role=""/>
  <member type="way" ref="1352322530" role=""/>
  <member type="way" ref="1352322531" role=""/>
  <member type="way" ref="361265524" role=""/>
  <member type="way" ref="556087784" role=""/>
  <member type="way" ref="1163497927" role=""/>
  <member type="way" ref="912632007" role=""/>
  <member type="way" ref="1293826165" role=""/>
  <member type="way" ref="1293826166" role=""/>
  <member type="way" ref="1293826167" role=""/>
  <member type="way" ref="1163497935" role=""/>
  <member type="way" ref="177851900" role=""/>
  <member type="way" ref="1009231694" role=""/>
  <member type="way" ref="1009231693" role=""/>
  <member type="way" ref="177851896" role=""/>
  <member type="way" ref="1334229162" role=""/>
  <member type="way" ref="177788562" role=""/>
  <member type="way" ref="67147285" role=""/>
  <member type="way" ref="1352322521" role=""/>
  <member type="way" ref="1445399630" role=""/>
  <member type="way" ref="1352322522" role=""/>
  <member type="way" ref="1452612551" role=""/>
  <member type="way" ref="37408970" role=""/>
  <member type="way" ref="533136949" role=""/>
  <member type="way" ref="791274410" role=""/>
  <member type="way" ref="791274409" role=""/>
  <member type="way" ref="1431683203" role=""/>
  <member type="way" ref="791274408" role=""/>
  <member type="way" ref="1434595284" role=""/>
  <member type="way" ref="1431685342" role=""/>
  <member type="way" ref="1435311646" role=""/>
  <member type="way" ref="533136950" role=""/>
  <member type="way" ref="1431685340" role=""/>
  <member type="way" ref="1434595282" role=""/>
  <member type="way" ref="1434595280" role=""/>
  <member type="way" ref="533136965" role=""/>
  <tag k="from" v="경주역(KTX)"/>
  <tag k="name" v="경주 버스 50 (신경주-용강-충효)"/>
  <tag k="operator" v="새천년미소"/>
  <tag k="ref" v="50"/>
  <tag k="route" v="bus"/>
  <tag k="to" v="협성휴포레"/>
  <tag k="type" v="route"/>
 </relation>
 <relation id="19675582" visible="true" version="11" changeset="182365790" timestamp="2026-05-08T05:20:21Z" user="Weathering" uid="12509199">
  <member type="node" ref="5909942985" role=""/>
  <member type="node" ref="13159614026" role=""/>
  <member type="node" ref="13185935713" role=""/>
  <member type="node" ref="13185935714" role=""/>
  <member type="node" ref="11079677894" role=""/>
  <member type="node" ref="13155321908" role=""/>
  <member type="node" ref="13155321909" role=""/>
  <member type="node" ref="13155321912" role=""/>
  <member type="node" ref="13155321913" role=""/>
  <member type="node" ref="12609268747" role=""/>
  <member type="node" ref="12609268746" role=""/>
  <member type="node" ref="13155321918" role=""/>
  <member type="node" ref="13155321919" role=""/>
  <member type="node" ref="13155321920" role=""/>
  <member type="node" ref="13155321921" role=""/>
  <member type="node" ref="13155321923" role=""/>
  <member type="node" ref="13155321922" role=""/>
  <member type="node" ref="13155321925" role=""/>
  <member type="node" ref="13155321924" role=""/>
  <member type="node" ref="13155321927" role=""/>
  <member type="node" ref="13155321926" role=""/>
  <member type="node" ref="13155321929" role=""/>
  <member type="node" ref="13155321928" role=""/>
  <member type="node" ref="13155321931" role=""/>
  <member type="node" ref="13155321930" role=""/>
  <member type="node" ref="13155321932" role=""/>
  <member type="node" ref="13155321933" role=""/>
  <member type="node" ref="4401151389" role=""/>
  <member type="node" ref="3793988498" role=""/>
  <member type="node" ref="12290911898" role=""/>
  <member type="node" ref="5558489429" role=""/>
  <member type="node" ref="12290932604" role=""/>
  <member type="node" ref="12290932603" role=""/>
  <member type="node" ref="12290932607" role=""/>
  <member type="node" ref="12290932608" role=""/>
  <member type="node" ref="12290932610" role=""/>
  <member type="node" ref="12306151889" role=""/>
  <member type="node" ref="12343738852" role=""/>
  <member type="node" ref="12343738854" role=""/>
  <member type="node" ref="12343738855" role=""/>
  <member type="node" ref="12343738857" role=""/>
  <member type="node" ref="12343738860" role=""/>
  <member type="node" ref="12343738862" role=""/>
  <member type="node" ref="12343738864" role=""/>
  <member type="node" ref="12347075188" role=""/>
  <member type="node" ref="12347075189" role=""/>
  <member type="node" ref="12343738871" role=""/>
  <member type="node" ref="12343738870" role=""/>
  <member type="node" ref="13159647478" role=""/>
  <member type="node" ref="13159647480" role=""/>
  <member type="node" ref="13159647482" role=""/>
  <member type="node" ref="12306151877" role=""/>
  <member type="node" ref="12306151879" role=""/>
  <member type="node" ref="12306151882" role=""/>
  <member type="node" ref="12306151884" role=""/>
  <member type="node" ref="12306151885" role=""/>
  <member type="node" ref="12306151887" role=""/>
  <member type="node" ref="12306151876" role=""/>
  <member type="node" ref="12306151875" role=""/>
  <member type="node" ref="12306151874" role=""/>
  <member type="node" ref="12306151870" role=""/>
  <member type="node" ref="12306151873" role=""/>
  <member type="node" ref="13159710805" role=""/>
  <member type="node" ref="13159710806" role=""/>
  <member type="node" ref="13159647492" role=""/>
  <member type="node" ref="13159647490" role=""/>
  <member type="node" ref="12306151866" role=""/>
  <member type="node" ref="13159710802" role=""/>
  <member type="node" ref="13159710803" role=""/>
  <member type="node" ref="13159647471" role=""/>
  <member type="node" ref="13159647472" role=""/>
  <member type="node" ref="13159647474" role=""/>
  <member type="node" ref="13159647473" role=""/>
  <member type="way" ref="404569737" role=""/>
  <member type="way" ref="1167505735" role=""/>
  <member type="way" ref="1167505736" role=""/>
  <member type="way" ref="153288432" role=""/>
  <member type="way" ref="153288429" role=""/>
  <member type="way" ref="1330852629" role=""/>
  <member type="way" ref="1330852628" role=""/>
  <member type="way" ref="1330852626" role=""/>
  <member type="way" ref="1453320963" role=""/>
  <member type="way" ref="1330852627" role=""/>
  <member type="way" ref="153288439" role=""/>
  <member type="way" ref="1167505740" role=""/>
  <member type="way" ref="1167505737" role=""/>
  <member type="way" ref="773559924" role=""/>
  <member type="way" ref="64147142" role=""/>
  <member type="way" ref="153288460" role=""/>
  <member type="way" ref="153288466" role=""/>
  <member type="way" ref="153288452" role=""/>
  <member type="way" ref="153288427" role=""/>
  <member type="way" ref="153334523" role=""/>
  <member type="way" ref="153334507" role=""/>
  <member type="way" ref="153334512" role=""/>
  <member type="way" ref="1434595279" role=""/>
  <member type="way" ref="153288428" role=""/>
  <member type="way" ref="666328483" role=""/>
  <member type="way" ref="153288434" role=""/>
  <member type="way" ref="1434595278" role=""/>
  <member type="way" ref="153334518" role=""/>
  <member type="way" ref="153334503" role=""/>
  <member type="way" ref="153334510" role=""/>
  <member type="way" ref="153288456" role=""/>
  <member type="way" ref="153288435" role=""/>
  <member type="way" ref="153288454" role=""/>
  <member type="way" ref="153288445" role=""/>
  <member type="way" ref="1469663515" role=""/>
  <member type="way" ref="794799699" role=""/>
  <member type="way" ref="794799704" role=""/>
  <member type="way" ref="773559922" role=""/>
  <member type="way" ref="563841919" role=""/>
  <member type="way" ref="563841918" role=""/>
  <member type="way" ref="1447370451" role=""/>
  <member type="way" ref="205862401" role=""/>
  <member type="way" ref="205862400" role=""/>
  <member type="way" ref="1431177108" role=""/>
  <member type="way" ref="205862397" role=""/>
  <member type="way" ref="1433534705" role=""/>
  <member type="way" ref="1353620424" role=""/>
  <member type="way" ref="1238010360" role=""/>
  <member type="way" ref="1238010354" role=""/>
  <member type="way" ref="1431683201" role=""/>
  <member type="way" ref="1451338775" role=""/>
  <member type="way" ref="1238010342" role=""/>
  <member type="way" ref="1238013304" role=""/>
  <member type="way" ref="1238013305" role=""/>
  <member type="way" ref="1238013307" role=""/>
  <member type="way" ref="1238013308" role=""/>
  <member type="way" ref="1238013303" role=""/>
  <member type="way" ref="1238013311" role=""/>
  <member type="way" ref="1238013309" role=""/>
  <member type="way" ref="205862398" role=""/>
  <member type="way" ref="205862396" role=""/>
  <member type="way" ref="1353619776" role=""/>
  <member type="way" ref="1167498402" role=""/>
  <member type="way" ref="1167498405" role=""/>
  <member type="way" ref="773774681" role=""/>
  <member type="way" ref="1446265314" role=""/>
  <member type="way" ref="202234977" role=""/>
  <member type="way" ref="1164614193" role=""/>
  <member type="way" ref="1164614195" role=""/>
  <member type="way" ref="1308525818" role=""/>
  <member type="way" ref="202234982" role=""/>
  <member type="way" ref="1330086604" role=""/>
  <member type="way" ref="1332577947" role=""/>
  <member type="way" ref="1164614097" role=""/>
  <member type="way" ref="1164294678" role=""/>
  <member type="way" ref="1164294662" role=""/>
  <member type="way" ref="1328473921" role=""/>
  <member type="way" ref="1164294680" role=""/>
  <member type="way" ref="1167498390" role=""/>
  <member type="way" ref="1164614091" role=""/>
  <member type="way" ref="983627969" role=""/>
  <member type="way" ref="1164614095" role=""/>
  <member type="way" ref="303318791" role=""/>
  <member type="way" ref="1164614109" role=""/>
  <member type="way" ref="1164614105" role=""/>
  <member type="way" ref="1164294682" role=""/>
  <member type="way" ref="1164294683" role=""/>
  <member type="way" ref="1164294684" role=""/>
  <member type="way" ref="1164294663" role=""/>
  <member type="way" ref="1164294670" role=""/>
  <member type="way" ref="1164294664" role=""/>
  <member type="way" ref="1164294669" role=""/>
  <member type="way" ref="1164294665" role=""/>
  <member type="way" ref="535912240" role=""/>
  <member type="way" ref="202234978" role=""/>
  <member type="way" ref="1434036019" role=""/>
  <member type="way" ref="1167971998" role=""/>
  <member type="way" ref="1167971997" role=""/>
  <member type="way" ref="1165014319" role=""/>
  <member type="way" ref="42409266" role=""/>
  <member type="way" ref="1436677994" role=""/>
  <member type="way" ref="1165014307" role=""/>
  <member type="way" ref="1165014310" role=""/>
  <member type="way" ref="1163498915" role=""/>
  <member type="way" ref="1164294645" role=""/>
  <member type="way" ref="216609207" role=""/>
  <member type="way" ref="1165014311" role=""/>
  <member type="way" ref="1431683203" role=""/>
  <member type="way" ref="791274409" role=""/>
  <member type="way" ref="791274410" role=""/>
  <member type="way" ref="533136949" role=""/>
  <member type="way" ref="37408970" role=""/>
  <member type="way" ref="1452612551" role=""/>
  <member type="way" ref="1352322522" role=""/>
  <member type="way" ref="1445399630" role=""/>
  <member type="way" ref="1352322521" role=""/>
  <member type="way" ref="67147285" role=""/>
  <member type="way" ref="177788562" role=""/>
  <member type="way" ref="1334229162" role=""/>
  <member type="way" ref="177851896" role=""/>
  <member type="way" ref="1009231693" role=""/>
  <member type="way" ref="1009231694" role=""/>
  <member type="way" ref="177851900" role=""/>
  <member type="way" ref="1163497926" role=""/>
  <member type="way" ref="1163497929" role=""/>
  <member type="way" ref="1334229158" role=""/>
  <member type="way" ref="556087784" role=""/>
  <member type="way" ref="361265524" role=""/>
  <member type="way" ref="1352322531" role=""/>
  <member type="way" ref="1352322530" role=""/>
  <member type="way" ref="361265530" role=""/>
  <member type="way" ref="1435311645" role=""/>
  <member type="way" ref="550137593" role=""/>
  <member type="way" ref="1330059386" role=""/>
  <member type="way" ref="1171256005" role=""/>
  <member type="way" ref="1330059385" role=""/>
  <member type="way" ref="1238003414" role=""/>
  <member type="way" ref="891102455" role=""/>
  <member type="way" ref="1330074578" role=""/>
  <member type="way" ref="791274407" role=""/>
  <member type="way" ref="1510438990" role=""/>
  <member type="way" ref="791274408" role=""/>
  <member type="way" ref="1434595284" role=""/>
  <member type="way" ref="1431685342" role=""/>
  <member type="way" ref="1435311646" role=""/>
  <member type="way" ref="533136950" role=""/>
  <member type="way" ref="1431685340" role=""/>
  <member type="way" ref="1434595282" role=""/>
  <member type="way" ref="1434595280" role=""/>
  <member type="way" ref="533136965" role=""/>
  <member type="way" ref="177853467" role=""/>
  <member type="way" ref="892633862" role=""/>
  <member type="way" ref="1193663661" role=""/>
  <member type="way" ref="1431685339" role=""/>
  <member type="node" ref="13159647475" role=""/>
  <member type="node" ref="13159647476" role=""/>
  <tag k="from" v="경주역(KTX)"/>
  <tag k="name" v="경주 버스 51 (신경주-용강-신경주(문고경유))"/>
  <tag k="operator" v="새천년미소"/>
  <tag k="ref" v="51"/>
  <tag k="route" v="bus"/>
  <tag k="to" v="협성휴포레"/>
  <tag k="type" v="route"/>
 </relation>
 <relation id="19676950" visible="true" version="10" changeset="182365790" timestamp="2026-05-08T05:20:21Z" user="Weathering" uid="12509199">
  <member type="node" ref="5909942985" role=""/>
  <member type="node" ref="13185935713" role=""/>
  <member type="node" ref="11079677894" role=""/>
  <member type="node" ref="13155321908" role=""/>
  <member type="node" ref="13155321912" role=""/>
  <member type="node" ref="12609268747" role=""/>
  <member type="node" ref="13155321918" role=""/>
  <member type="node" ref="13155321920" role=""/>
  <member type="node" ref="13155321923" role=""/>
  <member type="node" ref="13155321922" role=""/>
  <member type="node" ref="13155321925" role=""/>
  <member type="node" ref="13155321924" role=""/>
  <member type="node" ref="13155321926" role=""/>
  <member type="node" ref="13155321927" role=""/>
  <member type="node" ref="13155321928" role=""/>
  <member type="node" ref="13155321929" role=""/>
  <member type="node" ref="13155321931" role=""/>
  <member type="node" ref="13155321930" role=""/>
  <member type="node" ref="13155321933" role=""/>
  <member type="node" ref="13155321932" role=""/>
  <member type="node" ref="4401151389" role=""/>
  <member type="node" ref="3793988498" role=""/>
  <member type="node" ref="5558489429" role=""/>
  <member type="node" ref="12290911898" role=""/>
  <member type="node" ref="12290932603" role=""/>
  <member type="node" ref="12290932604" role=""/>
  <member type="node" ref="12290932607" role=""/>
  <member type="node" ref="12290932608" role=""/>
  <member type="node" ref="12290932610" role=""/>
  <member type="node" ref="12343738854" role=""/>
  <member type="node" ref="12343738855" role=""/>
  <member type="node" ref="12343738857" role=""/>
  <member type="node" ref="12343738860" role=""/>
  <member type="node" ref="12343738862" role=""/>
  <member type="node" ref="12343738864" role=""/>
  <member type="node" ref="12347075188" role=""/>
  <member type="node" ref="12343738871" role=""/>
  <member type="node" ref="12343738870" role=""/>
  <member type="node" ref="13159647480" role=""/>
  <member type="node" ref="13159647482" role=""/>
  <member type="node" ref="12306151889" role=""/>
  <member type="node" ref="12306151887" role=""/>
  <member type="node" ref="12306151885" role=""/>
  <member type="node" ref="12306151884" role=""/>
  <member type="node" ref="12306151882" role=""/>
  <member type="node" ref="12306151879" role=""/>
  <member type="node" ref="12306151877" role=""/>
  <member type="node" ref="12306151876" role=""/>
  <member type="node" ref="12306151875" role=""/>
  <member type="node" ref="12306151874" role=""/>
  <member type="node" ref="12306151873" role=""/>
  <member type="node" ref="12306151870" role=""/>
  <member type="node" ref="13159710805" role=""/>
  <member type="node" ref="13159710806" role=""/>
  <member type="node" ref="13159647492" role=""/>
  <member type="node" ref="13159647490" role=""/>
  <member type="node" ref="12306151866" role=""/>
  <member type="node" ref="13159710802" role=""/>
  <member type="node" ref="13159710803" role=""/>
  <member type="way" ref="1167505735" role=""/>
  <member type="way" ref="1167505736" role=""/>
  <member type="way" ref="1167505737" role=""/>
  <member type="way" ref="1167505740" role=""/>
  <member type="way" ref="153288439" role=""/>
  <member type="way" ref="153288432" role=""/>
  <member type="way" ref="1330852627" role=""/>
  <member type="way" ref="1453320963" role=""/>
  <member type="way" ref="1330852626" role=""/>
  <member type="way" ref="666328483" role=""/>
  <member type="way" ref="153288434" role=""/>
  <member type="way" ref="1434595278" role=""/>
  <member type="way" ref="153334518" role=""/>
  <member type="way" ref="153334503" role=""/>
  <member type="way" ref="153334510" role=""/>
  <member type="way" ref="153288456" role=""/>
  <member type="way" ref="153288435" role=""/>
  <member type="way" ref="153288454" role=""/>
  <member type="way" ref="153288445" role=""/>
  <member type="way" ref="64147142" role=""/>
  <member type="way" ref="773559924" role=""/>
  <member type="way" ref="563841918" role=""/>
  <member type="way" ref="563841919" role=""/>
  <member type="way" ref="1447370451" role=""/>
  <member type="way" ref="205862401" role=""/>
  <member type="way" ref="205862400" role=""/>
  <member type="way" ref="1431177108" role=""/>
  <member type="way" ref="205862397" role=""/>
  <member type="way" ref="1433534705" role=""/>
  <member type="way" ref="1353620424" role=""/>
  <member type="way" ref="1238010360" role=""/>
  <member type="way" ref="1238010354" role=""/>
  <member type="way" ref="1431683201" role=""/>
  <member type="way" ref="1451338775" role=""/>
  <member type="way" ref="1238010342" role=""/>
  <member type="way" ref="1238013304" role=""/>
  <member type="way" ref="1238013305" role=""/>
  <member type="way" ref="1238013307" role=""/>
  <member type="way" ref="1238013308" role=""/>
  <member type="way" ref="1238013303" role=""/>
  <member type="way" ref="1238013311" role=""/>
  <member type="way" ref="1238013309" role=""/>
  <member type="way" ref="205862398" role=""/>
  <member type="way" ref="205862396" role=""/>
  <member type="way" ref="1353619776" role=""/>
  <member type="way" ref="1167498402" role=""/>
  <member type="way" ref="1167498405" role=""/>
  <member type="way" ref="773774681" role=""/>
  <member type="way" ref="1446265314" role=""/>
  <member type="way" ref="202234977" role=""/>
  <member type="way" ref="1164614193" role=""/>
  <member type="way" ref="1164614195" role=""/>
  <member type="way" ref="1308525818" role=""/>
  <member type="way" ref="202234982" role=""/>
  <member type="way" ref="303318791" role=""/>
  <member type="way" ref="1164614109" role=""/>
  <member type="way" ref="1164614105" role=""/>
  <member type="way" ref="1164294682" role=""/>
  <member type="way" ref="1164294683" role=""/>
  <member type="way" ref="1164294684" role=""/>
  <member type="way" ref="1164294663" role=""/>
  <member type="way" ref="1164294670" role=""/>
  <member type="way" ref="1164294664" role=""/>
  <member type="way" ref="1164294669" role=""/>
  <member type="way" ref="1164294665" role=""/>
  <member type="way" ref="535912240" role=""/>
  <member type="way" ref="202234978" role=""/>
  <member type="way" ref="1434036019" role=""/>
  <member type="way" ref="1167971998" role=""/>
  <member type="way" ref="1167971997" role=""/>
  <member type="way" ref="1165014319" role=""/>
  <member type="way" ref="42409266" role=""/>
  <member type="way" ref="1436677994" role=""/>
  <member type="way" ref="1165014307" role=""/>
  <member type="way" ref="1165014310" role=""/>
  <member type="way" ref="1163498915" role=""/>
  <member type="way" ref="1164294645" role=""/>
  <member type="way" ref="216609207" role=""/>
  <member type="way" ref="1165014311" role=""/>
  <member type="way" ref="1431683203" role=""/>
  <member type="way" ref="791274409" role=""/>
  <member type="way" ref="791274410" role=""/>
  <member type="way" ref="533136949" role=""/>
  <member type="way" ref="37408970" role=""/>
  <member type="way" ref="1452612551" role=""/>
  <member type="way" ref="1352322522" role=""/>
  <member type="way" ref="1445399630" role=""/>
  <member type="way" ref="1352322521" role=""/>
  <member type="way" ref="67147285" role=""/>
  <member type="way" ref="177788562" role=""/>
  <member type="way" ref="1334229162" role=""/>
  <member type="way" ref="177851896" role=""/>
  <member type="way" ref="1009231693" role=""/>
  <member type="way" ref="1009231694" role=""/>
  <member type="way" ref="177851900" role=""/>
  <member type="way" ref="1163497926" role=""/>
  <member type="way" ref="1163497929" role=""/>
  <member type="way" ref="1334229158" role=""/>
  <member type="way" ref="556087784" role=""/>
  <member type="way" ref="361265524" role=""/>
  <member type="way" ref="1352322531" role=""/>
  <member type="way" ref="1352322530" role=""/>
  <member type="way" ref="361265530" role=""/>
  <member type="way" ref="1330086604" role=""/>
  <member type="way" ref="1332577947" role=""/>
  <member type="way" ref="1164614097" role=""/>
  <member type="way" ref="1164294678" role=""/>
  <member type="way" ref="1164294662" role=""/>
  <member type="way" ref="1328473921" role=""/>
  <member type="way" ref="1164294680" role=""/>
  <member type="way" ref="1167498390" role=""/>
  <member type="way" ref="1164614091" role=""/>
  <member type="way" ref="983627969" role=""/>
  <member type="way" ref="1164614095" role=""/>
  <member type="way" ref="1435311645" role=""/>
  <member type="way" ref="550137593" role=""/>
  <member type="way" ref="1330059386" role=""/>
  <member type="way" ref="791274407" role=""/>
  <member type="way" ref="1510438990" role=""/>
  <member type="way" ref="1330074578" role=""/>
  <member type="way" ref="891102455" role=""/>
  <member type="way" ref="1431685342" role=""/>
  <member type="way" ref="1435311646" role=""/>
  <member type="way" ref="533136950" role=""/>
  <member type="way" ref="1431685340" role=""/>
  <member type="way" ref="1434595282" role=""/>
  <member type="way" ref="1434595280" role=""/>
  <member type="way" ref="533136965" role=""/>
  <member type="way" ref="1171256005" role=""/>
  <member type="way" ref="1330059385" role=""/>
  <member type="way" ref="1238003414" role=""/>
  <member type="way" ref="791274408" role=""/>
  <member type="way" ref="1434595284" role=""/>
  <tag k="from" v="경주역(KTX)"/>
  <tag k="name" v="경주 버스 51 (신경주-용강-문화고)"/>
  <tag k="operator" v="새천년미소"/>
  <tag k="ref" v="51"/>
  <tag k="route" v="bus"/>
  <tag k="to" v="협성휴포레"/>
  <tag k="type" v="route"/>
 </relation>
 <relation id="19676951" visible="true" version="11" changeset="182365790" timestamp="2026-05-08T05:20:21Z" user="Weathering" uid="12509199">
  <member type="node" ref="5909942985" role=""/>
  <member type="node" ref="13159614026" role=""/>
  <member type="node" ref="13185935713" role=""/>
  <member type="node" ref="13185935714" role=""/>
  <member type="node" ref="11079677894" role=""/>
  <member type="node" ref="13155321908" role=""/>
  <member type="node" ref="13155321909" role=""/>
  <member type="node" ref="13155321912" role=""/>
  <member type="node" ref="13155321913" role=""/>
  <member type="node" ref="12609268747" role=""/>
  <member type="node" ref="12609268746" role=""/>
  <member type="node" ref="13155321918" role=""/>
  <member type="node" ref="13155321919" role=""/>
  <member type="node" ref="13155321920" role=""/>
  <member type="node" ref="13155321921" role=""/>
  <member type="node" ref="13155321923" role=""/>
  <member type="node" ref="13155321922" role=""/>
  <member type="node" ref="13155321925" role=""/>
  <member type="node" ref="13155321924" role=""/>
  <member type="node" ref="13155321927" role=""/>
  <member type="node" ref="13155321926" role=""/>
  <member type="node" ref="13155321928" role=""/>
  <member type="node" ref="13155321929" role=""/>
  <member type="node" ref="13155321931" role=""/>
  <member type="node" ref="13155321930" role=""/>
  <member type="node" ref="13155321933" role=""/>
  <member type="node" ref="13155321932" role=""/>
  <member type="node" ref="3793988498" role=""/>
  <member type="node" ref="4401151389" role=""/>
  <member type="node" ref="12290911898" role=""/>
  <member type="node" ref="5558489429" role=""/>
  <member type="node" ref="12290932603" role=""/>
  <member type="node" ref="12290932604" role=""/>
  <member type="node" ref="12290932607" role=""/>
  <member type="node" ref="12290932608" role=""/>
  <member type="node" ref="12290932610" role=""/>
  <member type="node" ref="12306151889" role=""/>
  <member type="node" ref="12306151887" role=""/>
  <member type="node" ref="12343738854" role=""/>
  <member type="node" ref="12343738852" role=""/>
  <member type="node" ref="12343738855" role=""/>
  <member type="node" ref="12343738857" role=""/>
  <member type="node" ref="12343738860" role=""/>
  <member type="node" ref="12343738862" role=""/>
  <member type="node" ref="12343738864" role=""/>
  <member type="node" ref="12347075188" role=""/>
  <member type="node" ref="12347075189" role=""/>
  <member type="node" ref="12343738871" role=""/>
  <member type="node" ref="12343738870" role=""/>
  <member type="node" ref="13159647478" role=""/>
  <member type="node" ref="13159647480" role=""/>
  <member type="node" ref="13159647482" role=""/>
  <member type="node" ref="12306151876" role=""/>
  <member type="node" ref="12306151875" role=""/>
  <member type="node" ref="12306151874" role=""/>
  <member type="node" ref="12306151870" role=""/>
  <member type="node" ref="12306151873" role=""/>
  <member type="node" ref="13159710805" role=""/>
  <member type="node" ref="13159710806" role=""/>
  <member type="node" ref="13159647492" role=""/>
  <member type="node" ref="13159647490" role=""/>
  <member type="node" ref="12306151866" role=""/>
  <member type="node" ref="13159710802" role=""/>
  <member type="node" ref="13159710803" role=""/>
  <member type="node" ref="12306151877" role=""/>
  <member type="node" ref="12306151879" role=""/>
  <member type="node" ref="12306151882" role=""/>
  <member type="node" ref="12306151884" role=""/>
  <member type="node" ref="12306151885" role=""/>
  <member type="way" ref="404569737" role=""/>
  <member type="way" ref="1167505735" role=""/>
  <member type="way" ref="1167505736" role=""/>
  <member type="way" ref="1167505737" role=""/>
  <member type="way" ref="1167505740" role=""/>
  <member type="way" ref="153288439" role=""/>
  <member type="way" ref="153288429" role=""/>
  <member type="way" ref="1330852629" role=""/>
  <member type="way" ref="1330852628" role=""/>
  <member type="way" ref="1330852626" role=""/>
  <member type="way" ref="1453320963" role=""/>
  <member type="way" ref="1330852627" role=""/>
  <member type="way" ref="153288432" role=""/>
  <member type="way" ref="153288454" role=""/>
  <member type="way" ref="153288435" role=""/>
  <member type="way" ref="153288456" role=""/>
  <member type="way" ref="153334510" role=""/>
  <member type="way" ref="153334503" role=""/>
  <member type="way" ref="153334518" role=""/>
  <member type="way" ref="1434595278" role=""/>
  <member type="way" ref="153288434" role=""/>
  <member type="way" ref="666328483" role=""/>
  <member type="way" ref="153288428" role=""/>
  <member type="way" ref="1434595279" role=""/>
  <member type="way" ref="153334512" role=""/>
  <member type="way" ref="153334507" role=""/>
  <member type="way" ref="153334523" role=""/>
  <member type="way" ref="153288427" role=""/>
  <member type="way" ref="153288452" role=""/>
  <member type="way" ref="153288466" role=""/>
  <member type="way" ref="153288460" role=""/>
  <member type="way" ref="153288445" role=""/>
  <member type="way" ref="563841918" role=""/>
  <member type="way" ref="773559924" role=""/>
  <member type="way" ref="64147142" role=""/>
  <member type="way" ref="1469663515" role=""/>
  <member type="way" ref="794799699" role=""/>
  <member type="way" ref="794799704" role=""/>
  <member type="way" ref="773559922" role=""/>
  <member type="way" ref="563841919" role=""/>
  <member type="way" ref="1447370451" role=""/>
  <member type="way" ref="205862401" role=""/>
  <member type="way" ref="205862400" role=""/>
  <member type="way" ref="1431177108" role=""/>
  <member type="way" ref="205862397" role=""/>
  <member type="way" ref="1433534705" role=""/>
  <member type="way" ref="1353620424" role=""/>
  <member type="way" ref="1238010360" role=""/>
  <member type="way" ref="1238010354" role=""/>
  <member type="way" ref="1431683201" role=""/>
  <member type="way" ref="1451338775" role=""/>
  <member type="way" ref="1238010342" role=""/>
  <member type="way" ref="1238013304" role=""/>
  <member type="way" ref="1238013305" role=""/>
  <member type="way" ref="1238013307" role=""/>
  <member type="way" ref="1238013308" role=""/>
  <member type="way" ref="1238013303" role=""/>
  <member type="way" ref="1238013311" role=""/>
  <member type="way" ref="1238013309" role=""/>
  <member type="way" ref="205862398" role=""/>
  <member type="way" ref="205862396" role=""/>
  <member type="way" ref="1353619776" role=""/>
  <member type="way" ref="1167498402" role=""/>
  <member type="way" ref="1167498405" role=""/>
  <member type="way" ref="773774681" role=""/>
  <member type="way" ref="1446265314" role=""/>
  <member type="way" ref="202234977" role=""/>
  <member type="way" ref="1164614193" role=""/>
  <member type="way" ref="1164614195" role=""/>
  <member type="way" ref="1308525818" role=""/>
  <member type="way" ref="202234982" role=""/>
  <member type="way" ref="1330086604" role=""/>
  <member type="way" ref="1332577947" role=""/>
  <member type="way" ref="1164614097" role=""/>
  <member type="way" ref="1164294678" role=""/>
  <member type="way" ref="1164294662" role=""/>
  <member type="way" ref="1328473921" role=""/>
  <member type="way" ref="1164294680" role=""/>
  <member type="way" ref="1167498390" role=""/>
  <member type="way" ref="1164614091" role=""/>
  <member type="way" ref="983627969" role=""/>
  <member type="way" ref="1164614095" role=""/>
  <member type="way" ref="303318791" role=""/>
  <member type="way" ref="1164614109" role=""/>
  <member type="way" ref="1164614105" role=""/>
  <member type="way" ref="1164294682" role=""/>
  <member type="way" ref="1164294683" role=""/>
  <member type="way" ref="1164294684" role=""/>
  <member type="way" ref="1164294663" role=""/>
  <member type="way" ref="1164294670" role=""/>
  <member type="way" ref="1164294664" role=""/>
  <member type="way" ref="1164294669" role=""/>
  <member type="way" ref="1164294665" role=""/>
  <member type="way" ref="535912240" role=""/>
  <member type="way" ref="202234978" role=""/>
  <member type="way" ref="1434036019" role=""/>
  <member type="way" ref="1167971998" role=""/>
  <member type="way" ref="1167971997" role=""/>
  <member type="way" ref="1165014319" role=""/>
  <member type="way" ref="42409266" role=""/>
  <member type="way" ref="1436677994" role=""/>
  <member type="way" ref="1165014307" role=""/>
  <member type="way" ref="1165014310" role=""/>
  <member type="way" ref="1163498915" role=""/>
  <member type="way" ref="1164294645" role=""/>
  <member type="way" ref="216609207" role=""/>
  <member type="way" ref="1165014311" role=""/>
  <member type="way" ref="1431683203" role=""/>
  <member type="way" ref="791274409" role=""/>
  <member type="way" ref="791274410" role=""/>
  <member type="way" ref="533136949" role=""/>
  <member type="way" ref="37408970" role=""/>
  <member type="way" ref="1452612551" role=""/>
  <member type="way" ref="1352322522" role=""/>
  <member type="way" ref="1445399630" role=""/>
  <member type="way" ref="1352322521" role=""/>
  <member type="way" ref="67147285" role=""/>
  <member type="way" ref="177788562" role=""/>
  <member type="way" ref="1334229162" role=""/>
  <member type="way" ref="177851896" role=""/>
  <member type="way" ref="1009231693" role=""/>
  <member type="way" ref="1009231694" role=""/>
  <member type="way" ref="177851900" role=""/>
  <member type="way" ref="1163497926" role=""/>
  <member type="way" ref="1163497929" role=""/>
  <member type="way" ref="1334229158" role=""/>
  <member type="way" ref="556087784" role=""/>
  <member type="way" ref="361265524" role=""/>
  <member type="way" ref="1352322531" role=""/>
  <member type="way" ref="1352322530" role=""/>
  <member type="way" ref="361265530" role=""/>
  <member type="way" ref="1435311645" role=""/>
  <member type="way" ref="550137593" role=""/>
  <member type="way" ref="1330059386" role=""/>
  <member type="way" ref="791274407" role=""/>
  <member type="way" ref="1510438990" role=""/>
  <member type="way" ref="1330074578" role=""/>
  <member type="way" ref="891102455" role=""/>
  <member type="way" ref="1238003414" role=""/>
  <member type="way" ref="1330059385" role=""/>
  <member type="way" ref="1171256005" role=""/>
  <member type="way" ref="791274408" role=""/>
  <member type="way" ref="1434595284" role=""/>
  <member type="way" ref="1431685342" role=""/>
  <member type="way" ref="1435311646" role=""/>
  <member type="way" ref="533136950" role=""/>
  <member type="way" ref="1431685340" role=""/>
  <member type="way" ref="1434595282" role=""/>
  <member type="way" ref="1434595280" role=""/>
  <member type="way" ref="533136965" role=""/>
  <tag k="from" v="경주역(KTX)"/>
  <tag k="name" v="경주 버스 51"/>
  <tag k="operator" v="새천년미소"/>
  <tag k="ref" v="51"/>
  <tag k="route" v="bus"/>
  <tag k="to" v="협성휴포레"/>
  <tag k="type" v="route"/>
 </relation>
 <relation id="19756937" visible="true" version="4" changeset="175025905" timestamp="2025-11-23T13:27:44Z" user="이재윤" uid="3018052">
  <member type="node" ref="3774238668" role=""/>
  <member type="node" ref="12290911900" role=""/>
  <member type="node" ref="12290932602" role=""/>
  <member type="node" ref="12290932605" role=""/>
  <member type="node" ref="12290932606" role=""/>
  <member type="node" ref="12290932609" role=""/>
  <member type="node" ref="5909942588" role=""/>
  <member type="node" ref="12306151888" role=""/>
  <member type="node" ref="12306151886" role=""/>
  <member type="node" ref="12306151883" role=""/>
  <member type="node" ref="12306151881" role=""/>
  <member type="node" ref="12343738866" role=""/>
  <member type="node" ref="12343738867" role=""/>
  <member type="node" ref="12343738869" role=""/>
  <member type="node" ref="13173508201" role=""/>
  <member type="node" ref="13159647487" role=""/>
  <member type="node" ref="13173458298" role=""/>
  <member type="node" ref="13167567809" role=""/>
  <member type="node" ref="13173458300" role=""/>
  <member type="node" ref="13167567810" role=""/>
  <member type="node" ref="12334523693" role=""/>
  <member type="node" ref="12334523696" role=""/>
  <member type="node" ref="12334523697" role=""/>
  <member type="node" ref="12334523700" role=""/>
  <member type="node" ref="12334535702" role=""/>
  <member type="node" ref="12334535704" role=""/>
  <member type="node" ref="12334535706" role=""/>
  <member type="node" ref="12334535708" role=""/>
  <member type="node" ref="12334535710" role=""/>
  <member type="node" ref="12334535712" role=""/>
  <member type="node" ref="3774238670" role=""/>
  <member type="node" ref="12097158676" role=""/>
  <member type="node" ref="12097158677" role=""/>
  <member type="node" ref="12097186054" role=""/>
  <member type="node" ref="368898813" role=""/>
  <member type="node" ref="12117552386" role=""/>
  <member type="node" ref="12117552385" role=""/>
  <member type="node" ref="12117552382" role=""/>
  <member type="node" ref="12117552381" role=""/>
  <member type="node" ref="12117552379" role=""/>
  <member type="node" ref="12117552377" role=""/>
  <member type="node" ref="12117552374" role=""/>
  <member type="node" ref="12117552372" role=""/>
  <member type="node" ref="12117552371" role=""/>
  <member type="node" ref="12117552369" role=""/>
  <member type="node" ref="12117552366" role=""/>
  <member type="node" ref="12117552365" role=""/>
  <member type="node" ref="12117552363" role=""/>
  <member type="node" ref="9236674776" role=""/>
  <member type="node" ref="9223040372" role=""/>
  <member type="node" ref="9223035800" role=""/>
  <member type="node" ref="9222689990" role=""/>
  <member type="way" ref="1328483751" role=""/>
  <member type="way" ref="1328483752" role=""/>
  <member type="way" ref="1164614201" role=""/>
  <member type="way" ref="1328473918" role=""/>
  <member type="way" ref="1164294696" role=""/>
  <member type="way" ref="42409276" role=""/>
  <member type="way" ref="1164294691" role=""/>
  <member type="way" ref="1164294688" role=""/>
  <member type="way" ref="1164294681" role=""/>
  <member type="way" ref="1328483206" role=""/>
  <member type="way" ref="1164294661" role=""/>
  <member type="way" ref="1164294673" role=""/>
  <member type="way" ref="983627970" role=""/>
  <member type="way" ref="1164294667" role=""/>
  <member type="way" ref="1164294647" role=""/>
  <member type="way" ref="1328473922" role=""/>
  <member type="way" ref="1164294706" role=""/>
  <member type="way" ref="1165014321" role=""/>
  <member type="way" ref="1164294659" role=""/>
  <member type="way" ref="1167971996" role=""/>
  <member type="way" ref="1167971995" role=""/>
  <member type="way" ref="1165014304" role=""/>
  <member type="way" ref="1435307990" role=""/>
  <member type="way" ref="1165014305" role=""/>
  <member type="way" ref="1165014308" role=""/>
  <member type="way" ref="1334229159" role=""/>
  <member type="way" ref="42479215" role=""/>
  <member type="way" ref="216609208" role=""/>
  <member type="way" ref="216609209" role=""/>
  <member type="way" ref="1431683202" role=""/>
  <member type="way" ref="37408970" role=""/>
  <member type="way" ref="1452612551" role=""/>
  <member type="way" ref="1352322522" role=""/>
  <member type="way" ref="1352322529" role=""/>
  <member type="way" ref="1431683205" role=""/>
  <member type="way" ref="1436677990" role=""/>
  <member type="way" ref="1444957109" role=""/>
  <member type="way" ref="1432546598" role=""/>
  <member type="way" ref="1436677992" role=""/>
  <member type="way" ref="912222360" role=""/>
  <member type="way" ref="533136958" role=""/>
  <member type="way" ref="1164348272" role=""/>
  <member type="way" ref="1330059383" role=""/>
  <member type="way" ref="1308740016" role=""/>
  <member type="way" ref="1445399629" role=""/>
  <member type="way" ref="1164348270" role=""/>
  <member type="way" ref="182388424" role=""/>
  <member type="way" ref="1164348271" role=""/>
  <member type="way" ref="1431512940" role=""/>
  <member type="way" ref="1164348278" role=""/>
  <member type="way" ref="550137579" role=""/>
  <member type="way" ref="550137578" role=""/>
  <member type="way" ref="1431685344" role=""/>
  <member type="way" ref="550137620" role=""/>
  <member type="way" ref="1168285797" role=""/>
  <member type="way" ref="1168285798" role=""/>
  <member type="way" ref="1168285800" role=""/>
  <member type="way" ref="1431511525" role=""/>
  <member type="way" ref="1006372140" role=""/>
  <member type="way" ref="1006372139" role=""/>
  <member type="way" ref="1431647890" role=""/>
  <member type="way" ref="1431647889" role=""/>
  <member type="way" ref="1308526107" role=""/>
  <member type="way" ref="773559912" role=""/>
  <member type="way" ref="1279011171" role=""/>
  <member type="way" ref="550137652" role=""/>
  <member type="way" ref="1333211324" role=""/>
  <member type="way" ref="550137665" role=""/>
  <member type="way" ref="550137668" role=""/>
  <member type="way" ref="1331932819" role=""/>
  <member type="way" ref="1331932818" role=""/>
  <member type="way" ref="1331932820" role=""/>
  <member type="way" ref="556087765" role=""/>
  <member type="way" ref="55494772" role=""/>
  <member type="way" ref="769682586" role=""/>
  <member type="way" ref="1306170205" role=""/>
  <member type="way" ref="1333211325" role=""/>
  <member type="way" ref="1333211326" role=""/>
  <member type="way" ref="1333212726" role=""/>
  <member type="way" ref="1306170206" role=""/>
  <member type="way" ref="55494770" role=""/>
  <member type="way" ref="961490492" role=""/>
  <member type="way" ref="961490495" role=""/>
  <member type="way" ref="961490494" role=""/>
  <member type="way" ref="1333476479" role=""/>
  <member type="way" ref="67147231" role=""/>
  <member type="way" ref="67147258" role=""/>
  <member type="way" ref="177788566" role=""/>
  <member type="way" ref="177788550" role=""/>
  <member type="way" ref="177788576" role=""/>
  <member type="way" ref="1453088581" role=""/>
  <member type="way" ref="177788544" role=""/>
  <member type="way" ref="1308517983" role=""/>
  <member type="way" ref="1337356389" role=""/>
  <member type="way" ref="1000658356" role=""/>
  <member type="way" ref="1000658357" role=""/>
  <member type="way" ref="1097299223" role=""/>
  <member type="way" ref="1097299220" role=""/>
  <member type="way" ref="86124697" role=""/>
  <member type="way" ref="1337356393" role=""/>
  <member type="way" ref="1333211332" role=""/>
  <member type="way" ref="828216876" role=""/>
  <member type="way" ref="828216875" role=""/>
  <member type="way" ref="67147307" role=""/>
  <member type="way" ref="67147284" role=""/>
  <member type="way" ref="1431495712" role=""/>
  <member type="way" ref="1445399627" role=""/>
  <member type="way" ref="1445399628" role=""/>
  <member type="way" ref="669272582" role=""/>
  <member type="way" ref="630088566" role=""/>
  <member type="way" ref="630088567" role=""/>
  <member type="way" ref="997600333" role=""/>
  <member type="way" ref="1308809423" role=""/>
  <member type="way" ref="1308802636" role=""/>
  <member type="way" ref="1312423547" role=""/>
  <member type="way" ref="1312423548" role=""/>
  <member type="way" ref="943809474" role=""/>
  <member type="way" ref="648612958" role=""/>
  <member type="way" ref="1308803686" role=""/>
  <member type="way" ref="1305940379" role=""/>
  <member type="way" ref="653676413" role=""/>
  <member type="way" ref="1305940380" role=""/>
  <member type="way" ref="1308816338" role=""/>
  <member type="way" ref="997415205" role=""/>
  <tag k="from" v="시외버스터미널"/>
  <tag k="name" v="경주 버스 200 (터미널-안강사거리-기계)"/>
  <tag k="operator" v="새천년미소"/>
  <tag k="ref" v="200"/>
  <tag k="route" v="bus"/>
  <tag k="to" v="기계환승센터"/>
  <tag k="type" v="route"/>
 </relation>
 <relation id="19757028" visible="true" version="6" changeset="182365790" timestamp="2026-05-08T05:20:21Z" user="Weathering" uid="12509199">
  <member type="node" ref="3774238668" role=""/>
  <member type="node" ref="12290911900" role=""/>
  <member type="node" ref="12290932602" role=""/>
  <member type="node" ref="12290932605" role=""/>
  <member type="node" ref="12290932606" role=""/>
  <member type="node" ref="12290932609" role=""/>
  <member type="node" ref="5909942588" role=""/>
  <member type="node" ref="12306151888" role=""/>
  <member type="node" ref="12306151886" role=""/>
  <member type="node" ref="12306151883" role=""/>
  <member type="node" ref="12306151881" role=""/>
  <member type="node" ref="12343738866" role=""/>
  <member type="node" ref="12343738867" role=""/>
  <member type="node" ref="12343738869" role=""/>
  <member type="node" ref="13173508201" role=""/>
  <member type="node" ref="13159647487" role=""/>
  <member type="node" ref="13173458298" role=""/>
  <member type="node" ref="13167567807" role=""/>
  <member type="node" ref="12306151868" role=""/>
  <member type="node" ref="12306151866" role=""/>
  <member type="node" ref="12306151865" role=""/>
  <member type="node" ref="12334523693" role=""/>
  <member type="node" ref="12334523696" role=""/>
  <member type="node" ref="12334523697" role=""/>
  <member type="node" ref="12334523700" role=""/>
  <member type="node" ref="12334535702" role=""/>
  <member type="node" ref="12334535704" role=""/>
  <member type="node" ref="12334535708" role=""/>
  <member type="node" ref="12334535706" role=""/>
  <member type="node" ref="12334535710" role=""/>
  <member type="node" ref="12334535712" role=""/>
  <member type="node" ref="3774238670" role=""/>
  <member type="node" ref="12097158676" role=""/>
  <member type="node" ref="12097158677" role=""/>
  <member type="node" ref="12097186054" role=""/>
  <member type="node" ref="368898813" role=""/>
  <member type="node" ref="12097186055" role=""/>
  <member type="node" ref="12097186056" role=""/>
  <member type="node" ref="12097209637" role=""/>
  <member type="node" ref="12097209636" role=""/>
  <member type="node" ref="12097214134" role=""/>
  <member type="node" ref="12097214133" role=""/>
  <member type="node" ref="12097209638" role=""/>
  <member type="node" ref="12097214135" role=""/>
  <member type="node" ref="12097214136" role=""/>
  <member type="node" ref="12117552386" role=""/>
  <member type="node" ref="12117552385" role=""/>
  <member type="node" ref="12117552382" role=""/>
  <member type="node" ref="12117552381" role=""/>
  <member type="node" ref="12117552379" role=""/>
  <member type="node" ref="12117552377" role=""/>
  <member type="node" ref="12117552374" role=""/>
  <member type="node" ref="12117552372" role=""/>
  <member type="node" ref="12117552371" role=""/>
  <member type="node" ref="12117552369" role=""/>
  <member type="node" ref="12117552366" role=""/>
  <member type="node" ref="12117552363" role=""/>
  <member type="node" ref="9236674776" role=""/>
  <member type="node" ref="9223040372" role=""/>
  <member type="node" ref="9223035800" role=""/>
  <member type="node" ref="9222689990" role=""/>
  <member type="node" ref="13258162023" role=""/>
  <member type="way" ref="1328483751" role=""/>
  <member type="way" ref="1328483752" role=""/>
  <member type="way" ref="1164614201" role=""/>
  <member type="way" ref="1328473918" role=""/>
  <member type="way" ref="1164294696" role=""/>
  <member type="way" ref="42409276" role=""/>
  <member type="way" ref="1164294691" role=""/>
  <member type="way" ref="1164294688" role=""/>
  <member type="way" ref="1164294681" role=""/>
  <member type="way" ref="1328483206" role=""/>
  <member type="way" ref="1164294661" role=""/>
  <member type="way" ref="1164294673" role=""/>
  <member type="way" ref="983627970" role=""/>
  <member type="way" ref="1164294667" role=""/>
  <member type="way" ref="1164294647" role=""/>
  <member type="way" ref="1328473922" role=""/>
  <member type="way" ref="1164294706" role=""/>
  <member type="way" ref="1165014321" role=""/>
  <member type="way" ref="1164294659" role=""/>
  <member type="way" ref="1167971996" role=""/>
  <member type="way" ref="1167971995" role=""/>
  <member type="way" ref="1165014304" role=""/>
  <member type="way" ref="1435307990" role=""/>
  <member type="way" ref="1165014305" role=""/>
  <member type="way" ref="1165014308" role=""/>
  <member type="way" ref="1334229159" role=""/>
  <member type="way" ref="42479215" role=""/>
  <member type="way" ref="216609208" role=""/>
  <member type="way" ref="216609209" role=""/>
  <member type="way" ref="1431683202" role=""/>
  <member type="way" ref="37408970" role=""/>
  <member type="way" ref="1452612551" role=""/>
  <member type="way" ref="1352322529" role=""/>
  <member type="way" ref="1431683205" role=""/>
  <member type="way" ref="1436677990" role=""/>
  <member type="way" ref="1444957109" role=""/>
  <member type="way" ref="1444957108" role=""/>
  <member type="way" ref="1432546598" role=""/>
  <member type="way" ref="42410605" role=""/>
  <member type="way" ref="1331526504" role=""/>
  <member type="way" ref="1171256005" role=""/>
  <member type="way" ref="1330059385" role=""/>
  <member type="way" ref="1510438971" role=""/>
  <member type="way" ref="1330059384" role=""/>
  <member type="way" ref="1330072674" role=""/>
  <member type="way" ref="1431685340" role=""/>
  <member type="way" ref="42410604" role=""/>
  <member type="way" ref="1330059383" role=""/>
  <member type="way" ref="1308740016" role=""/>
  <member type="way" ref="1445399629" role=""/>
  <member type="way" ref="1164348270" role=""/>
  <member type="way" ref="182388424" role=""/>
  <member type="way" ref="1164348271" role=""/>
  <member type="way" ref="1431512940" role=""/>
  <member type="way" ref="1164348278" role=""/>
  <member type="way" ref="550137579" role=""/>
  <member type="way" ref="550137578" role=""/>
  <member type="way" ref="1431685344" role=""/>
  <member type="way" ref="550137620" role=""/>
  <member type="way" ref="1168285797" role=""/>
  <member type="way" ref="1168285798" role=""/>
  <member type="way" ref="1168285800" role=""/>
  <member type="way" ref="1431511525" role=""/>
  <member type="way" ref="1006372140" role=""/>
  <member type="way" ref="1006372139" role=""/>
  <member type="way" ref="1431647890" role=""/>
  <member type="way" ref="1431647889" role=""/>
  <member type="way" ref="1308526107" role=""/>
  <member type="way" ref="773559912" role=""/>
  <member type="way" ref="1279011171" role=""/>
  <member type="way" ref="550137652" role=""/>
  <member type="way" ref="1333211324" role=""/>
  <member type="way" ref="550137665" role=""/>
  <member type="way" ref="550137668" role=""/>
  <member type="way" ref="1331932819" role=""/>
  <member type="way" ref="1331932818" role=""/>
  <member type="way" ref="1331932820" role=""/>
  <member type="way" ref="556087765" role=""/>
  <member type="way" ref="55494772" role=""/>
  <member type="way" ref="769682586" role=""/>
  <member type="way" ref="1306170205" role=""/>
  <member type="way" ref="1333211325" role=""/>
  <member type="way" ref="1333211326" role=""/>
  <member type="way" ref="1333212726" role=""/>
  <member type="way" ref="1306170206" role=""/>
  <member type="way" ref="55494770" role=""/>
  <member type="way" ref="961490492" role=""/>
  <member type="way" ref="961490495" role=""/>
  <member type="way" ref="961490494" role=""/>
  <member type="way" ref="1333476479" role=""/>
  <member type="way" ref="67147231" role=""/>
  <member type="way" ref="67147258" role=""/>
  <member type="way" ref="177788566" role=""/>
  <member type="way" ref="177788550" role=""/>
  <member type="way" ref="177788576" role=""/>
  <member type="way" ref="1453088581" role=""/>
  <member type="way" ref="177788544" role=""/>
  <member type="way" ref="1308517983" role=""/>
  <member type="way" ref="1337356389" role=""/>
  <member type="way" ref="1000658356" role=""/>
  <member type="way" ref="1000658357" role=""/>
  <member type="way" ref="1097299223" role=""/>
  <member type="way" ref="1097299220" role=""/>
  <member type="way" ref="86124697" role=""/>
  <member type="way" ref="1337356393" role=""/>
  <member type="way" ref="1333211332" role=""/>
  <member type="way" ref="828216876" role=""/>
  <member type="way" ref="828216875" role=""/>
  <member type="way" ref="67147307" role=""/>
  <member type="way" ref="67147284" role=""/>
  <member type="way" ref="1431495712" role=""/>
  <member type="way" ref="1445399627" role=""/>
  <member type="way" ref="1445399628" role=""/>
  <member type="way" ref="669272582" role=""/>
  <member type="way" ref="630088566" role=""/>
  <member type="way" ref="630088567" role=""/>
  <member type="way" ref="997600333" role=""/>
  <member type="way" ref="1308809423" role=""/>
  <member type="way" ref="1308802636" role=""/>
  <member type="way" ref="1312423547" role=""/>
  <member type="way" ref="1312423548" role=""/>
  <member type="way" ref="943809474" role=""/>
  <member type="way" ref="648612958" role=""/>
  <member type="way" ref="1308803686" role=""/>
  <member type="way" ref="1305940379" role=""/>
  <member type="way" ref="653676413" role=""/>
  <member type="way" ref="1305940380" role=""/>
  <member type="way" ref="1308816338" role=""/>
  <member type="way" ref="997415205" role=""/>
  <member type="way" ref="1308517985" role=""/>
  <member type="way" ref="1334627269" role=""/>
  <member type="way" ref="177788592" role=""/>
  <member type="node" ref="12097214138" role=""/>
  <member type="node" ref="12097214137" role=""/>
  <member type="node" ref="12097214140" role=""/>
  <member type="node" ref="12097214139" role=""/>
  <member type="node" ref="12097214142" role=""/>
  <member type="node" ref="12097214141" role=""/>
  <member type="node" ref="12097214144" role=""/>
  <member type="node" ref="12097214143" role=""/>
  <member type="node" ref="13142444021" role=""/>
  <member type="node" ref="13543070601" role=""/>
  <tag k="from" v="시외버스터미널"/>
  <tag k="name" v="경주 버스 200 (하행 안강LH경유)"/>
  <tag k="operator" v="새천년미소"/>
  <tag k="ref" v="200"/>
  <tag k="route" v="bus"/>
  <tag k="to" v="기계환승센터"/>
  <tag k="type" v="route"/>
 </relation>
 <relation id="19760503" visible="true" version="5" changeset="182365790" timestamp="2026-05-08T05:20:21Z" user="Weathering" uid="12509199">
  <member type="node" ref="12117552362" role=""/>
  <member type="node" ref="9236674775" role=""/>
  <member type="node" ref="9223040371" role=""/>
  <member type="node" ref="9223040370" role=""/>
  <member type="node" ref="9222689990" role=""/>
  <member type="node" ref="12117552367" role=""/>
  <member type="node" ref="12117552368" role=""/>
  <member type="node" ref="12117552370" role=""/>
  <member type="node" ref="12117552373" role=""/>
  <member type="node" ref="12117552375" role=""/>
  <member type="node" ref="12117552376" role=""/>
  <member type="node" ref="12117552378" role=""/>
  <member type="node" ref="12117552380" role=""/>
  <member type="node" ref="12117552383" role=""/>
  <member type="node" ref="12117552384" role=""/>
  <member type="node" ref="12117552387" role=""/>
  <member type="node" ref="12117552388" role=""/>
  <member type="node" ref="12097186052" role=""/>
  <member type="node" ref="12097186055" role=""/>
  <member type="node" ref="12097186056" role=""/>
  <member type="node" ref="12097209636" role=""/>
  <member type="node" ref="12097209637" role=""/>
  <member type="node" ref="12097209638" role=""/>
  <member type="node" ref="12097214133" role=""/>
  <member type="node" ref="12097214134" role=""/>
  <member type="node" ref="12097214135" role=""/>
  <member type="node" ref="12097214136" role=""/>
  <member type="node" ref="3774238673" role=""/>
  <member type="node" ref="12097158675" role=""/>
  <member type="node" ref="12097158674" role=""/>
  <member type="node" ref="12334535711" role=""/>
  <member type="node" ref="12334535709" role=""/>
  <member type="node" ref="12334535707" role=""/>
  <member type="node" ref="12334535705" role=""/>
  <member type="node" ref="12334535703" role=""/>
  <member type="node" ref="12334535701" role=""/>
  <member type="node" ref="12334523699" role=""/>
  <member type="node" ref="12334523698" role=""/>
  <member type="node" ref="12334523695" role=""/>
  <member type="node" ref="12334523694" role=""/>
  <member type="node" ref="12306151864" role=""/>
  <member type="node" ref="12306151867" role=""/>
  <member type="node" ref="12306151869" role=""/>
  <member type="node" ref="12306151870" role=""/>
  <member type="node" ref="13167567806" role=""/>
  <member type="node" ref="13159647488" role=""/>
  <member type="node" ref="13173458299" role=""/>
  <member type="node" ref="13173508202" role=""/>
  <member type="node" ref="12343738870" role=""/>
  <member type="node" ref="12343738865" role=""/>
  <member type="node" ref="12343738868" role=""/>
  <member type="node" ref="12306151882" role=""/>
  <member type="node" ref="12306151884" role=""/>
  <member type="node" ref="12306151885" role=""/>
  <member type="node" ref="12306151887" role=""/>
  <member type="node" ref="12306151889" role=""/>
  <member type="node" ref="12290932610" role=""/>
  <member type="node" ref="12290932608" role=""/>
  <member type="node" ref="12290932607" role=""/>
  <member type="node" ref="12290932604" role=""/>
  <member type="node" ref="5558489429" role=""/>
  <member type="node" ref="4401151389" role=""/>
  <member type="node" ref="12290911899" role=""/>
  <member type="way" ref="1337356393" role=""/>
  <member type="way" ref="1333211332" role=""/>
  <member type="way" ref="828216876" role=""/>
  <member type="way" ref="828216875" role=""/>
  <member type="way" ref="67147307" role=""/>
  <member type="way" ref="67147284" role=""/>
  <member type="way" ref="1431495712" role=""/>
  <member type="way" ref="999860411" role=""/>
  <member type="way" ref="669272582" role=""/>
  <member type="way" ref="630088566" role=""/>
  <member type="way" ref="630088567" role=""/>
  <member type="way" ref="1308802635" role=""/>
  <member type="way" ref="1308809423" role=""/>
  <member type="way" ref="997600328" role=""/>
  <member type="way" ref="1305940375" role=""/>
  <member type="way" ref="997600335" role=""/>
  <member type="way" ref="997600334" role=""/>
  <member type="way" ref="657608327" role=""/>
  <member type="way" ref="648612957" role=""/>
  <member type="way" ref="648612956" role=""/>
  <member type="way" ref="1308803686" role=""/>
  <member type="way" ref="1305940379" role=""/>
  <member type="way" ref="653676413" role=""/>
  <member type="way" ref="1305940380" role=""/>
  <member type="way" ref="1308816338" role=""/>
  <member type="way" ref="997415205" role=""/>
  <member type="way" ref="1432546598" role=""/>
  <member type="way" ref="42410605" role=""/>
  <member type="way" ref="1331526504" role=""/>
  <member type="way" ref="1171256005" role=""/>
  <member type="way" ref="1330059385" role=""/>
  <member type="way" ref="1510438971" role=""/>
  <member type="way" ref="1330059384" role=""/>
  <member type="way" ref="1330072674" role=""/>
  <member type="way" ref="1431685340" role=""/>
  <member type="way" ref="42410604" role=""/>
  <member type="way" ref="1330059383" role=""/>
  <member type="way" ref="1308740016" role=""/>
  <member type="way" ref="182388411" role=""/>
  <member type="way" ref="1431512940" role=""/>
  <member type="way" ref="1164348278" role=""/>
  <member type="way" ref="550137579" role=""/>
  <member type="way" ref="550137578" role=""/>
  <member type="way" ref="1168285796" role=""/>
  <member type="way" ref="1168285795" role=""/>
  <member type="way" ref="550137610" role=""/>
  <member type="way" ref="550137606" role=""/>
  <member type="way" ref="1168285799" role=""/>
  <member type="way" ref="1168285797" role=""/>
  <member type="way" ref="1168285798" role=""/>
  <member type="way" ref="1168285800" role=""/>
  <member type="way" ref="1431511525" role=""/>
  <member type="way" ref="1006372140" role=""/>
  <member type="way" ref="1006372139" role=""/>
  <member type="way" ref="1431647890" role=""/>
  <member type="way" ref="1431647889" role=""/>
  <member type="way" ref="1308526107" role=""/>
  <member type="way" ref="773559912" role=""/>
  <member type="way" ref="1279011171" role=""/>
  <member type="way" ref="1333211322" role=""/>
  <member type="way" ref="1333211323" role=""/>
  <member type="way" ref="1333211324" role=""/>
  <member type="way" ref="550137665" role=""/>
  <member type="way" ref="550137668" role=""/>
  <member type="way" ref="1331932819" role=""/>
  <member type="way" ref="1331932818" role=""/>
  <member type="way" ref="1331932820" role=""/>
  <member type="way" ref="955167762" role=""/>
  <member type="way" ref="955167763" role=""/>
  <member type="way" ref="955167761" role=""/>
  <member type="way" ref="1306170206" role=""/>
  <member type="way" ref="1333212726" role=""/>
  <member type="way" ref="1333211326" role=""/>
  <member type="way" ref="1333211325" role=""/>
  <member type="way" ref="1306170205" role=""/>
  <member type="way" ref="37387229" role=""/>
  <member type="way" ref="402775126" role=""/>
  <member type="way" ref="55494774" role=""/>
  <member type="way" ref="961490493" role=""/>
  <member type="way" ref="961490497" role=""/>
  <member type="way" ref="1431495716" role=""/>
  <member type="way" ref="961490498" role=""/>
  <member type="way" ref="177788558" role=""/>
  <member type="way" ref="1306170589" role=""/>
  <member type="way" ref="177788584" role=""/>
  <member type="way" ref="177788554" role=""/>
  <member type="way" ref="177788589" role=""/>
  <member type="way" ref="177788544" role=""/>
  <member type="way" ref="1308517983" role=""/>
  <member type="way" ref="1337356389" role=""/>
  <member type="way" ref="1000658356" role=""/>
  <member type="way" ref="1000658357" role=""/>
  <member type="way" ref="1097299223" role=""/>
  <member type="way" ref="1097299220" role=""/>
  <member type="way" ref="86124697" role=""/>
  <member type="way" ref="1308517985" role=""/>
  <member type="way" ref="1334627269" role=""/>
  <member type="way" ref="1444957108" role=""/>
  <member type="way" ref="1444957109" role=""/>
  <member type="way" ref="1436677990" role=""/>
  <member type="way" ref="1431683205" role=""/>
  <member type="way" ref="1352322525" role=""/>
  <member type="way" ref="1445399630" role=""/>
  <member type="way" ref="1352322522" role=""/>
  <member type="way" ref="1452612551" role=""/>
  <member type="way" ref="37408970" role=""/>
  <member type="way" ref="1431683202" role=""/>
  <member type="way" ref="1334229161" role=""/>
  <member type="way" ref="1171255986" role=""/>
  <member type="way" ref="1165014287" role=""/>
  <member type="way" ref="1163498915" role=""/>
  <member type="way" ref="1165014310" role=""/>
  <member type="way" ref="1165014307" role=""/>
  <member type="way" ref="1436677994" role=""/>
  <member type="way" ref="42409266" role=""/>
  <member type="way" ref="1165014319" role=""/>
  <member type="way" ref="1167971997" role=""/>
  <member type="way" ref="1167971998" role=""/>
  <member type="way" ref="1434036019" role=""/>
  <member type="way" ref="202234978" role=""/>
  <member type="way" ref="535912240" role=""/>
  <member type="way" ref="1164294665" role=""/>
  <member type="way" ref="1164294669" role=""/>
  <member type="way" ref="1164294664" role=""/>
  <member type="way" ref="1164294670" role=""/>
  <member type="way" ref="1164294663" role=""/>
  <member type="way" ref="1164294684" role=""/>
  <member type="way" ref="1164294683" role=""/>
  <member type="way" ref="1164294682" role=""/>
  <member type="way" ref="1164614105" role=""/>
  <member type="way" ref="1164614109" role=""/>
  <member type="way" ref="303318791" role=""/>
  <member type="way" ref="202234982" role=""/>
  <member type="way" ref="1164614197" role=""/>
  <member type="way" ref="1164294693" role=""/>
  <member type="way" ref="1328483751" role=""/>
  <member type="way" ref="177788592" role=""/>
  <member type="node" ref="12097214138" role=""/>
  <member type="node" ref="12097214137" role=""/>
  <member type="node" ref="12097214140" role=""/>
  <member type="node" ref="12097214139" role=""/>
  <member type="node" ref="12097214142" role=""/>
  <member type="node" ref="12097214141" role=""/>
  <member type="node" ref="12097214144" role=""/>
  <member type="node" ref="12097214143" role=""/>
  <member type="node" ref="13142444021" role=""/>
  <member type="node" ref="13543070601" role=""/>
  <tag k="from" v="기계환승센터"/>
  <tag k="name" v="경주 버스 200 (상행)"/>
  <tag k="operator" v="새천년미소"/>
  <tag k="ref" v="200"/>
  <tag k="route" v="bus"/>
  <tag k="to" v="터미널 종점(하차전용)"/>
  <tag k="type" v="route"/>
 </relation>
 <relation id="19862678" visible="true" version="4" changeset="181426361" timestamp="2026-04-16T18:03:54Z" user="Palary" uid="20415443">
  <member type="node" ref="12343738870" role=""/>
  <member type="node" ref="12343738868" role=""/>
  <member type="node" ref="12343738865" role=""/>
  <member type="node" ref="12306151882" role=""/>
  <member type="node" ref="12306151884" role=""/>
  <member type="node" ref="12306151885" role=""/>
  <member type="node" ref="12306151887" role=""/>
  <member type="node" ref="12306151889" role=""/>
  <member type="node" ref="12290932610" role=""/>
  <member type="node" ref="12290932615" role=""/>
  <member type="node" ref="12290932608" role=""/>
  <member type="node" ref="12290932607" role=""/>
  <member type="node" ref="12290932604" role=""/>
  <member type="node" ref="5558489429" role=""/>
  <member type="node" ref="4401151389" role=""/>
  <member type="node" ref="12290911899" role=""/>
  <member type="node" ref="12290932617" role=""/>
  <member type="node" ref="12290932618" role=""/>
  <member type="node" ref="4401153489" role=""/>
  <member type="node" ref="3793932631" role=""/>
  <member type="node" ref="4401153589" role=""/>
  <member type="node" ref="12290932619" role=""/>
  <member type="node" ref="3145868841" role=""/>
  <member type="node" ref="12290932620" role=""/>
  <member type="node" ref="4813227421" role=""/>
  <member type="node" ref="12290932623" role=""/>
  <member type="node" ref="12290932624" role=""/>
  <member type="node" ref="12290932625" role=""/>
  <member type="node" ref="13192622910" role=""/>
  <member type="node" ref="13192622909" role=""/>
  <member type="node" ref="13192622912" role=""/>
  <member type="node" ref="13192622911" role=""/>
  <member type="node" ref="13192622914" role=""/>
  <member type="node" ref="13192622913" role=""/>
  <member type="node" ref="13192622915" role=""/>
  <member type="node" ref="13192622916" role=""/>
  <member type="node" ref="13192622920" role=""/>
  <member type="node" ref="13192622921" role=""/>
  <member type="node" ref="2518607845" role=""/>
  <member type="node" ref="12290932635" role=""/>
  <member type="node" ref="12290932636" role=""/>
  <member type="node" ref="12290932637" role=""/>
  <member type="node" ref="12290932639" role=""/>
  <member type="node" ref="12290932638" role=""/>
  <member type="node" ref="12290932641" role=""/>
  <member type="node" ref="12290932640" role=""/>
  <member type="node" ref="12290932642" role=""/>
  <member type="node" ref="12290932643" role=""/>
  <member type="node" ref="13192622925" role=""/>
  <member type="node" ref="13192622926" role=""/>
  <member type="node" ref="13192622927" role=""/>
  <member type="node" ref="13192622928" role=""/>
  <member type="node" ref="13203831317" role=""/>
  <member type="node" ref="13202001744" role=""/>
  <member type="node" ref="5192963650" role=""/>
  <member type="node" ref="5192963651" role=""/>
  <member type="node" ref="13202001745" role=""/>
  <member type="node" ref="13202001742" role=""/>
  <member type="node" ref="13202001743" role=""/>
  <member type="node" ref="13202001740" role=""/>
  <member type="node" ref="13202001741" role=""/>
  <member type="node" ref="13202001738" role=""/>
  <member type="node" ref="13202001739" role=""/>
  <member type="node" ref="13202001737" role=""/>
  <member type="node" ref="13202001736" role=""/>
  <member type="node" ref="13202001735" role=""/>
  <member type="node" ref="13202001733" role=""/>
  <member type="node" ref="13202001734" role=""/>
  <member type="node" ref="13202001731" role=""/>
  <member type="node" ref="13202001732" role=""/>
  <member type="node" ref="13202001729" role=""/>
  <member type="node" ref="13202001730" role=""/>
  <member type="node" ref="13202001713" role=""/>
  <member type="node" ref="13202001714" role=""/>
  <member type="node" ref="13202001717" role=""/>
  <member type="node" ref="13202001716" role=""/>
  <member type="node" ref="13202001718" role=""/>
  <member type="node" ref="13202001719" role=""/>
  <member type="node" ref="13202001726" role=""/>
  <member type="node" ref="13202001727" role=""/>
  <member type="node" ref="13202001728" role=""/>
  <member type="way" ref="37408970" role=""/>
  <member type="way" ref="1431683202" role=""/>
  <member type="way" ref="1334229161" role=""/>
  <member type="way" ref="1171255986" role=""/>
  <member type="way" ref="1165014287" role=""/>
  <member type="way" ref="1163498915" role=""/>
  <member type="way" ref="1165014310" role=""/>
  <member type="way" ref="1165014307" role=""/>
  <member type="way" ref="1436677994" role=""/>
  <member type="way" ref="42409266" role=""/>
  <member type="way" ref="1165014319" role=""/>
  <member type="way" ref="1167971997" role=""/>
  <member type="way" ref="1167971998" role=""/>
  <member type="way" ref="1434036019" role=""/>
  <member type="way" ref="202234978" role=""/>
  <member type="way" ref="1328473923" role=""/>
  <member type="way" ref="1164294705" role=""/>
  <member type="way" ref="1328483207" role=""/>
  <member type="way" ref="1164294658" role=""/>
  <member type="way" ref="1164294652" role=""/>
  <member type="way" ref="1435074285" role=""/>
  <member type="way" ref="1164294717" role=""/>
  <member type="way" ref="1308525816" role=""/>
  <member type="way" ref="1164294719" role=""/>
  <member type="way" ref="1165014322" role=""/>
  <member type="way" ref="1164294701" role=""/>
  <member type="way" ref="1165014320" role=""/>
  <member type="way" ref="1165014321" role=""/>
  <member type="way" ref="1164294704" role=""/>
  <member type="way" ref="1330086605" role=""/>
  <member type="way" ref="1164294665" role=""/>
  <member type="way" ref="1164294669" role=""/>
  <member type="way" ref="1164294664" role=""/>
  <member type="way" ref="1164294670" role=""/>
  <member type="way" ref="1164294663" role=""/>
  <member type="way" ref="1164294684" role=""/>
  <member type="way" ref="1164294683" role=""/>
  <member type="way" ref="1164294682" role=""/>
  <member type="way" ref="1164614105" role=""/>
  <member type="way" ref="1164614109" role=""/>
  <member type="way" ref="303318791" role=""/>
  <member type="way" ref="202234982" role=""/>
  <member type="way" ref="1164614197" role=""/>
  <member type="way" ref="1164294693" role=""/>
  <member type="way" ref="1328483752" role=""/>
  <member type="way" ref="153506209" role=""/>
  <member type="way" ref="1435311648" role=""/>
  <member type="way" ref="1330086606" role=""/>
  <member type="way" ref="1499982987" role=""/>
  <member type="way" ref="153370138" role=""/>
  <member type="way" ref="1499982986" role=""/>
  <member type="way" ref="1436354199" role=""/>
  <member type="way" ref="1168544063" role=""/>
  <member type="way" ref="1168544065" role=""/>
  <member type="way" ref="1328473926" role=""/>
  <member type="way" ref="1168544064" role=""/>
  <member type="way" ref="550095229" role=""/>
  <member type="way" ref="215598298" role=""/>
  <member type="way" ref="215598281" role=""/>
  <member type="way" ref="1436387357" role=""/>
  <member type="way" ref="1167540456" role=""/>
  <member type="way" ref="1328473927" role=""/>
  <member type="way" ref="550288228" role=""/>
  <member type="way" ref="550288229" role=""/>
  <member type="way" ref="143755599" role=""/>
  <member type="way" ref="1436584591" role=""/>
  <member type="way" ref="1436584590" role=""/>
  <member type="way" ref="1328473928" role=""/>
  <member type="way" ref="143755598" role=""/>
  <member type="way" ref="1352082006" role=""/>
  <member type="way" ref="1436585748" role=""/>
  <member type="way" ref="993281451" role=""/>
  <member type="way" ref="1453079133" role=""/>
  <member type="way" ref="1453051683" role=""/>
  <member type="way" ref="1435332428" role=""/>
  <member type="way" ref="1166282136" role=""/>
  <member type="way" ref="1452318902" role=""/>
  <member type="way" ref="1436338670" role=""/>
  <member type="way" ref="1452318901" role=""/>
  <member type="way" ref="1452318899" role=""/>
  <member type="way" ref="1436577314" role=""/>
  <member type="way" ref="558917779" role=""/>
  <member type="way" ref="176887633" role=""/>
  <member type="way" ref="1166282152" role=""/>
  <member type="way" ref="1166282153" role=""/>
  <member type="way" ref="1002517376" role=""/>
  <member type="way" ref="1436338685" role=""/>
  <member type="way" ref="1166282157" role=""/>
  <member type="way" ref="1436338682" role=""/>
  <member type="way" ref="1002517381" role=""/>
  <member type="way" ref="1436338681" role=""/>
  <member type="way" ref="913442962" role=""/>
  <member type="way" ref="1165278185" role=""/>
  <member type="way" ref="1436338678" role=""/>
  <member type="way" ref="1436338679" role=""/>
  <member type="way" ref="1419360401" role=""/>
  <member type="way" ref="1419360400" role=""/>
  <member type="way" ref="1165278187" role=""/>
  <member type="way" ref="1165278186" role=""/>
  <member type="way" ref="1436338680" role=""/>
  <member type="node" ref="13325856972" role=""/>
  <tag k="from" v="황성주공2차.계림고"/>
  <tag k="name" v="경주 버스 603 (예술의전당-청우아파트-정보고-제네리-경주터미널)"/>
  <tag k="operator" v="새천년미소"/>
  <tag k="ref" v="603"/>
  <tag k="route" v="bus"/>
  <tag k="to" v="제네리"/>
  <tag k="type" v="route"/>
 </relation>
 <relation id="19873771" visible="true" version="3" changeset="177347194" timestamp="2026-01-17T18:25:07Z" user="aaei924" uid="10626814">
  <member type="node" ref="5909942985" role=""/>
  <member type="node" ref="11079677894" role=""/>
  <member type="node" ref="3774238668" role=""/>
  <member type="node" ref="12343738872" role=""/>
  <member type="node" ref="3774238670" role=""/>
  <member type="node" ref="12097209636" role=""/>
  <member type="node" ref="12097214136" role=""/>
  <member type="node" ref="12097214141" role=""/>
  <member type="way" ref="404569737" role=""/>
  <member type="way" ref="1167505735" role=""/>
  <member type="way" ref="1167505736" role=""/>
  <member type="way" ref="1167505737" role=""/>
  <member type="way" ref="1167505740" role=""/>
  <member type="way" ref="153288439" role=""/>
  <member type="way" ref="153288432" role=""/>
  <member type="way" ref="1330852627" role=""/>
  <member type="way" ref="1453320963" role=""/>
  <member type="way" ref="1330852626" role=""/>
  <member type="way" ref="666328483" role=""/>
  <member type="way" ref="153288434" role=""/>
  <member type="way" ref="1434595278" role=""/>
  <member type="way" ref="153334518" role=""/>
  <member type="way" ref="153334503" role=""/>
  <member type="way" ref="153334510" role=""/>
  <member type="way" ref="153288456" role=""/>
  <member type="way" ref="153288435" role=""/>
  <member type="way" ref="882787029" role=""/>
  <member type="way" ref="1235082572" role=""/>
  <member type="way" ref="882787027" role=""/>
  <member type="way" ref="1347454067" role=""/>
  <member type="way" ref="1235082577" role=""/>
  <member type="way" ref="1353620426" role=""/>
  <member type="way" ref="1196816791" role=""/>
  <member type="way" ref="1433534705" role=""/>
  <member type="way" ref="1353620424" role=""/>
  <member type="way" ref="1238010360" role=""/>
  <member type="way" ref="1238010354" role=""/>
  <member type="way" ref="1431683201" role=""/>
  <member type="way" ref="1451338775" role=""/>
  <member type="way" ref="1238010342" role=""/>
  <member type="way" ref="1238013304" role=""/>
  <member type="way" ref="1238013305" role=""/>
  <member type="way" ref="1238013307" role=""/>
  <member type="way" ref="1238013308" role=""/>
  <member type="way" ref="1238013303" role=""/>
  <member type="way" ref="1238013311" role=""/>
  <member type="way" ref="1238013309" role=""/>
  <member type="way" ref="205862398" role=""/>
  <member type="way" ref="205862396" role=""/>
  <member type="way" ref="1353619776" role=""/>
  <member type="way" ref="1167498402" role=""/>
  <member type="way" ref="1167498405" role=""/>
  <member type="way" ref="773774681" role=""/>
  <member type="way" ref="1446265314" role=""/>
  <member type="way" ref="202234977" role=""/>
  <member type="way" ref="1164614193" role=""/>
  <member type="way" ref="1164614195" role=""/>
  <member type="way" ref="1308525819" role=""/>
  <member type="way" ref="1164294693" role=""/>
  <member type="way" ref="1328483752" role=""/>
  <member type="way" ref="1164614201" role=""/>
  <member type="way" ref="1328473918" role=""/>
  <member type="way" ref="1164294694" role=""/>
  <member type="way" ref="1434036018" role=""/>
  <member type="way" ref="1168285767" role=""/>
  <member type="way" ref="1352322532" role=""/>
  <member type="way" ref="1352322533" role=""/>
  <member type="way" ref="1168285768" role=""/>
  <member type="way" ref="361265533" role=""/>
  <member type="way" ref="361265528" role=""/>
  <member type="way" ref="1352322523" role=""/>
  <member type="way" ref="1352322524" role=""/>
  <member type="way" ref="1445399631" role=""/>
  <member type="way" ref="1352322521" role=""/>
  <member type="way" ref="67147285" role=""/>
  <member type="way" ref="177788562" role=""/>
  <member type="way" ref="1334229162" role=""/>
  <member type="way" ref="1334626933" role=""/>
  <member type="way" ref="1167349092" role=""/>
  <member type="way" ref="1167349091" role=""/>
  <member type="way" ref="1167349087" role=""/>
  <member type="way" ref="1167349090" role=""/>
  <member type="way" ref="177788553" role=""/>
  <member type="way" ref="177788552" role=""/>
  <member type="way" ref="1167972015" role=""/>
  <member type="way" ref="1167972016" role=""/>
  <member type="way" ref="1453087270" role=""/>
  <member type="way" ref="177788542" role=""/>
  <member type="way" ref="1097301988" role=""/>
  <member type="way" ref="1097301986" role=""/>
  <member type="way" ref="1097301983" role=""/>
  <member type="way" ref="1467849769" role=""/>
  <member type="way" ref="1467849768" role=""/>
  <member type="way" ref="1097301984" role=""/>
  <member type="way" ref="1097301981" role=""/>
  <member type="way" ref="1097301982" role=""/>
  <member type="way" ref="1097301979" role=""/>
  <member type="way" ref="1097301980" role=""/>
  <member type="way" ref="1097301977" role=""/>
  <member type="way" ref="1097301978" role=""/>
  <member type="way" ref="1097301975" role=""/>
  <member type="way" ref="1097301976" role=""/>
  <member type="way" ref="1097301973" role=""/>
  <member type="way" ref="1097301974" role=""/>
  <member type="way" ref="1097299245" role=""/>
  <member type="way" ref="1097299246" role=""/>
  <member type="way" ref="1097299243" role=""/>
  <member type="way" ref="1097299244" role=""/>
  <member type="way" ref="1097299239" role=""/>
  <member type="way" ref="1097299240" role=""/>
  <member type="way" ref="1097299233" role=""/>
  <member type="way" ref="1097299238" role=""/>
  <member type="way" ref="1097299237" role=""/>
  <member type="way" ref="1097299234" role=""/>
  <member type="way" ref="1097299229" role=""/>
  <member type="way" ref="1097299236" role=""/>
  <member type="way" ref="1097299235" role=""/>
  <member type="way" ref="1097299230" role=""/>
  <member type="way" ref="1097299227" role=""/>
  <member type="way" ref="1097299228" role=""/>
  <member type="way" ref="1097299226" role=""/>
  <member type="way" ref="177788587" role=""/>
  <member type="way" ref="1306170589" role=""/>
  <member type="way" ref="177788558" role=""/>
  <member type="way" ref="961490498" role=""/>
  <member type="way" ref="1431495716" role=""/>
  <member type="way" ref="961490497" role=""/>
  <member type="way" ref="961490493" role=""/>
  <member type="way" ref="55494774" role=""/>
  <member type="way" ref="402775126" role=""/>
  <member type="way" ref="37387229" role=""/>
  <member type="way" ref="1306170205" role=""/>
  <member type="way" ref="1333211325" role=""/>
  <member type="way" ref="1333211326" role=""/>
  <member type="way" ref="1333212726" role=""/>
  <member type="way" ref="1306170206" role=""/>
  <member type="way" ref="55494770" role=""/>
  <member type="way" ref="961490492" role=""/>
  <member type="way" ref="961490495" role=""/>
  <member type="way" ref="961490494" role=""/>
  <member type="way" ref="1333476479" role=""/>
  <member type="way" ref="67147231" role=""/>
  <member type="way" ref="67147258" role=""/>
  <member type="way" ref="177788566" role=""/>
  <member type="way" ref="177788550" role=""/>
  <member type="way" ref="177788576" role=""/>
  <member type="way" ref="1453088581" role=""/>
  <member type="way" ref="177788544" role=""/>
  <member type="way" ref="1308517983" role=""/>
  <member type="way" ref="1308517985" role=""/>
  <member type="way" ref="1334627269" role=""/>
  <member type="way" ref="177788592" role=""/>
  <member type="way" ref="1429708523" role=""/>
  <member type="way" ref="1333473244" role=""/>
  <member type="way" ref="1306170592" role=""/>
  <member type="way" ref="961490507" role=""/>
  <member type="way" ref="1306170721" role=""/>
  <member type="way" ref="394158691" role=""/>
  <member type="node" ref="12098606760" role=""/>
  <tag k="from" v="경주역(KTX)"/>
  <tag k="name" v="경주 버스 1200 (하행)"/>
  <tag k="operator" v="새천년미소"/>
  <tag k="ref" v="1200"/>
  <tag k="route" v="bus"/>
  <tag k="to" v="산대리한동아파트/한동화성타운"/>
  <tag k="type" v="route"/>
 </relation>
 <relation id="19873830" visible="true" version="3" changeset="177347194" timestamp="2026-01-17T18:25:07Z" user="aaei924" uid="10626814">
  <member type="node" ref="12098606760" role=""/>
  <member type="node" ref="12097726241" role=""/>
  <member type="node" ref="12097214142" role=""/>
  <member type="node" ref="12097214135" role=""/>
  <member type="node" ref="12097209637" role=""/>
  <member type="node" ref="12097158674" role=""/>
  <member type="node" ref="12343738871" role=""/>
  <member type="node" ref="1780115793" role=""/>
  <member type="node" ref="13159614026" role=""/>
  <member type="way" ref="394158691" role=""/>
  <member type="way" ref="394158693" role=""/>
  <member type="way" ref="1338859051" role=""/>
  <member type="way" ref="383425068" role=""/>
  <member type="way" ref="1306170719" role=""/>
  <member type="way" ref="1337359689" role=""/>
  <member type="way" ref="686375757" role=""/>
  <member type="way" ref="913707827" role=""/>
  <member type="way" ref="1306170594" role=""/>
  <member type="way" ref="1306170595" role=""/>
  <member type="way" ref="821318890" role=""/>
  <member type="way" ref="177788592" role=""/>
  <member type="way" ref="1334627269" role=""/>
  <member type="way" ref="1308517985" role=""/>
  <member type="way" ref="1308517983" role=""/>
  <member type="way" ref="177788544" role=""/>
  <member type="way" ref="177788589" role=""/>
  <member type="way" ref="177788554" role=""/>
  <member type="way" ref="177788584" role=""/>
  <member type="way" ref="1306170589" role=""/>
  <member type="way" ref="177788558" role=""/>
  <member type="way" ref="961490498" role=""/>
  <member type="way" ref="1431495716" role=""/>
  <member type="way" ref="961490497" role=""/>
  <member type="way" ref="961490493" role=""/>
  <member type="way" ref="55494774" role=""/>
  <member type="way" ref="402775126" role=""/>
  <member type="way" ref="37387229" role=""/>
  <member type="way" ref="1306170205" role=""/>
  <member type="way" ref="1333211325" role=""/>
  <member type="way" ref="1333211326" role=""/>
  <member type="way" ref="1333212726" role=""/>
  <member type="way" ref="1306170206" role=""/>
  <member type="way" ref="55494770" role=""/>
  <member type="way" ref="961490492" role=""/>
  <member type="way" ref="961490495" role=""/>
  <member type="way" ref="961490494" role=""/>
  <member type="way" ref="1333476479" role=""/>
  <member type="way" ref="67147231" role=""/>
  <member type="way" ref="67147258" role=""/>
  <member type="way" ref="177788566" role=""/>
  <member type="way" ref="177788550" role=""/>
  <member type="way" ref="177788576" role=""/>
  <member type="way" ref="177788581" role=""/>
  <member type="way" ref="1453090587" role=""/>
  <member type="way" ref="177788594" role=""/>
  <member type="way" ref="177788577" role=""/>
  <member type="way" ref="133901447" role=""/>
  <member type="way" ref="177788582" role=""/>
  <member type="way" ref="177788555" role=""/>
  <member type="way" ref="177788545" role=""/>
  <member type="way" ref="177788543" role=""/>
  <member type="way" ref="177788578" role=""/>
  <member type="way" ref="177788565" role=""/>
  <member type="way" ref="177788568" role=""/>
  <member type="way" ref="177788579" role=""/>
  <member type="way" ref="177788570" role=""/>
  <member type="way" ref="177788580" role=""/>
  <member type="way" ref="177788547" role=""/>
  <member type="way" ref="177788559" role=""/>
  <member type="way" ref="177788585" role=""/>
  <member type="way" ref="177788563" role=""/>
  <member type="way" ref="177788551" role=""/>
  <member type="way" ref="177788549" role=""/>
  <member type="way" ref="177788548" role=""/>
  <member type="way" ref="177788560" role=""/>
  <member type="way" ref="177788591" role=""/>
  <member type="way" ref="177788569" role=""/>
  <member type="way" ref="556087799" role=""/>
  <member type="way" ref="556087800" role=""/>
  <member type="way" ref="133901449" role=""/>
  <member type="way" ref="133901448" role=""/>
  <member type="way" ref="556087786" role=""/>
  <member type="way" ref="556087785" role=""/>
  <member type="way" ref="556087790" role=""/>
  <member type="way" ref="1467849770" role=""/>
  <member type="way" ref="1467849771" role=""/>
  <member type="way" ref="556087791" role=""/>
  <member type="way" ref="177788571" role=""/>
  <member type="way" ref="177788575" role=""/>
  <member type="way" ref="441635142" role=""/>
  <member type="way" ref="1167972016" role=""/>
  <member type="way" ref="1167972015" role=""/>
  <member type="way" ref="177788552" role=""/>
  <member type="way" ref="177788553" role=""/>
  <member type="way" ref="1167349090" role=""/>
  <member type="way" ref="1167349087" role=""/>
  <member type="way" ref="1167349091" role=""/>
  <member type="way" ref="1167349092" role=""/>
  <member type="way" ref="1334626933" role=""/>
  <member type="way" ref="1334229162" role=""/>
  <member type="way" ref="177788562" role=""/>
  <member type="way" ref="67147285" role=""/>
  <member type="way" ref="1352322526" role=""/>
  <member type="way" ref="1352322524" role=""/>
  <member type="way" ref="1352322523" role=""/>
  <member type="way" ref="361265528" role=""/>
  <member type="way" ref="361265533" role=""/>
  <member type="way" ref="550137577" role=""/>
  <member type="way" ref="1168285767" role=""/>
  <member type="way" ref="1434036018" role=""/>
  <member type="way" ref="1164294695" role=""/>
  <member type="way" ref="1328473919" role=""/>
  <member type="way" ref="1164614204" role=""/>
  <member type="way" ref="1164614200" role=""/>
  <member type="way" ref="1164614193" role=""/>
  <member type="way" ref="202234977" role=""/>
  <member type="way" ref="1446265314" role=""/>
  <member type="way" ref="773774681" role=""/>
  <member type="way" ref="1167498405" role=""/>
  <member type="way" ref="1167498402" role=""/>
  <member type="way" ref="1353619776" role=""/>
  <member type="way" ref="205862396" role=""/>
  <member type="way" ref="205862398" role=""/>
  <member type="way" ref="1238013309" role=""/>
  <member type="way" ref="1238013311" role=""/>
  <member type="way" ref="1238013303" role=""/>
  <member type="way" ref="1238013308" role=""/>
  <member type="way" ref="1238013307" role=""/>
  <member type="way" ref="1238013305" role=""/>
  <member type="way" ref="1238013304" role=""/>
  <member type="way" ref="1238010342" role=""/>
  <member type="way" ref="1451338775" role=""/>
  <member type="way" ref="1431683201" role=""/>
  <member type="way" ref="1238010354" role=""/>
  <member type="way" ref="1238010360" role=""/>
  <member type="way" ref="1353620424" role=""/>
  <member type="way" ref="1353620423" role=""/>
  <member type="way" ref="1353620426" role=""/>
  <member type="way" ref="1235082576" role=""/>
  <member type="way" ref="1196816793" role=""/>
  <member type="way" ref="1347454066" role=""/>
  <member type="way" ref="1347454069" role=""/>
  <member type="way" ref="882787026" role=""/>
  <member type="way" ref="1235082571" role=""/>
  <member type="way" ref="882787028" role=""/>
  <member type="way" ref="153288452" role=""/>
  <member type="way" ref="153288427" role=""/>
  <member type="way" ref="153334523" role=""/>
  <member type="way" ref="153334507" role=""/>
  <member type="way" ref="153334512" role=""/>
  <member type="way" ref="1434595279" role=""/>
  <member type="way" ref="153288428" role=""/>
  <member type="way" ref="1330852628" role=""/>
  <member type="way" ref="1330852629" role=""/>
  <member type="way" ref="153288429" role=""/>
  <member type="way" ref="153288439" role=""/>
  <member type="way" ref="1167505740" role=""/>
  <member type="way" ref="1167505737" role=""/>
  <member type="way" ref="1167505736" role=""/>
  <member type="way" ref="1167505735" role=""/>
  <member type="way" ref="404569737" role=""/>
  <tag k="from" v="산대리한동아파트/한동화성타운"/>
  <tag k="name" v="경주 버스 1200 (상행)"/>
  <tag k="operator" v="새천년미소"/>
  <tag k="ref" v="1200"/>
  <tag k="route" v="bus"/>
  <tag k="to" v="경주역(KTX)종점"/>
  <tag k="type" v="route"/>
 </relation>
 <relation id="19877296" visible="true" version="3" changeset="177347194" timestamp="2026-01-17T18:25:07Z" user="aaei924" uid="10626814">
  <member type="node" ref="5909942985" role=""/>
  <member type="node" ref="11079677894" role=""/>
  <member type="node" ref="3774238668" role=""/>
  <member type="node" ref="12343738872" role=""/>
  <member type="node" ref="3774238670" role=""/>
  <member type="node" ref="12097209636" role=""/>
  <member type="node" ref="12097214136" role=""/>
  <member type="node" ref="12097214141" role=""/>
  <member type="node" ref="12097726240" role=""/>
  <member type="node" ref="12098606760" role=""/>
  <member type="way" ref="404569737" role=""/>
  <member type="way" ref="1167505735" role=""/>
  <member type="way" ref="1167505736" role=""/>
  <member type="way" ref="1167505737" role=""/>
  <member type="way" ref="1167505740" role=""/>
  <member type="way" ref="153288439" role=""/>
  <member type="way" ref="153288432" role=""/>
  <member type="way" ref="1330852627" role=""/>
  <member type="way" ref="1453320963" role=""/>
  <member type="way" ref="1330852626" role=""/>
  <member type="way" ref="666328483" role=""/>
  <member type="way" ref="153288434" role=""/>
  <member type="way" ref="1434595278" role=""/>
  <member type="way" ref="153334518" role=""/>
  <member type="way" ref="153334503" role=""/>
  <member type="way" ref="153334510" role=""/>
  <member type="way" ref="153288456" role=""/>
  <member type="way" ref="153288435" role=""/>
  <member type="way" ref="882787029" role=""/>
  <member type="way" ref="1235082572" role=""/>
  <member type="way" ref="882787027" role=""/>
  <member type="way" ref="1347454067" role=""/>
  <member type="way" ref="1235082577" role=""/>
  <member type="way" ref="1353620426" role=""/>
  <member type="way" ref="1196816791" role=""/>
  <member type="way" ref="1433534705" role=""/>
  <member type="way" ref="1353620424" role=""/>
  <member type="way" ref="1238010360" role=""/>
  <member type="way" ref="1238010354" role=""/>
  <member type="way" ref="1431683201" role=""/>
  <member type="way" ref="1451338775" role=""/>
  <member type="way" ref="1238010342" role=""/>
  <member type="way" ref="1238013304" role=""/>
  <member type="way" ref="1238013305" role=""/>
  <member type="way" ref="1238013307" role=""/>
  <member type="way" ref="1238013308" role=""/>
  <member type="way" ref="1238013303" role=""/>
  <member type="way" ref="1238013311" role=""/>
  <member type="way" ref="1238013309" role=""/>
  <member type="way" ref="205862398" role=""/>
  <member type="way" ref="205862396" role=""/>
  <member type="way" ref="1353619776" role=""/>
  <member type="way" ref="1167498402" role=""/>
  <member type="way" ref="1167498405" role=""/>
  <member type="way" ref="773774681" role=""/>
  <member type="way" ref="1446265314" role=""/>
  <member type="way" ref="202234977" role=""/>
  <member type="way" ref="1164614193" role=""/>
  <member type="way" ref="1164614195" role=""/>
  <member type="way" ref="1308525819" role=""/>
  <member type="way" ref="1164294693" role=""/>
  <member type="way" ref="1328483752" role=""/>
  <member type="way" ref="1164614201" role=""/>
  <member type="way" ref="1328473918" role=""/>
  <member type="way" ref="1164294694" role=""/>
  <member type="way" ref="1434036018" role=""/>
  <member type="way" ref="1168285767" role=""/>
  <member type="way" ref="1352322532" role=""/>
  <member type="way" ref="1352322533" role=""/>
  <member type="way" ref="1168285768" role=""/>
  <member type="way" ref="361265533" role=""/>
  <member type="way" ref="361265528" role=""/>
  <member type="way" ref="1352322523" role=""/>
  <member type="way" ref="1352322524" role=""/>
  <member type="way" ref="1445399631" role=""/>
  <member type="way" ref="1352322521" role=""/>
  <member type="way" ref="67147285" role=""/>
  <member type="way" ref="177788562" role=""/>
  <member type="way" ref="1334229162" role=""/>
  <member type="way" ref="1334626933" role=""/>
  <member type="way" ref="1167349092" role=""/>
  <member type="way" ref="1167349091" role=""/>
  <member type="way" ref="1167349087" role=""/>
  <member type="way" ref="1167349090" role=""/>
  <member type="way" ref="177788553" role=""/>
  <member type="way" ref="177788552" role=""/>
  <member type="way" ref="1167972015" role=""/>
  <member type="way" ref="1167972016" role=""/>
  <member type="way" ref="1453087270" role=""/>
  <member type="way" ref="177788542" role=""/>
  <member type="way" ref="1097301988" role=""/>
  <member type="way" ref="1097301986" role=""/>
  <member type="way" ref="1097301983" role=""/>
  <member type="way" ref="1467849769" role=""/>
  <member type="way" ref="1467849768" role=""/>
  <member type="way" ref="1097301984" role=""/>
  <member type="way" ref="1097301981" role=""/>
  <member type="way" ref="1097301982" role=""/>
  <member type="way" ref="1097301979" role=""/>
  <member type="way" ref="1097301980" role=""/>
  <member type="way" ref="1097301977" role=""/>
  <member type="way" ref="1097301978" role=""/>
  <member type="way" ref="1097301975" role=""/>
  <member type="way" ref="1097301976" role=""/>
  <member type="way" ref="1097301973" role=""/>
  <member type="way" ref="1097301974" role=""/>
  <member type="way" ref="1097299245" role=""/>
  <member type="way" ref="1097299246" role=""/>
  <member type="way" ref="1097299243" role=""/>
  <member type="way" ref="1097299244" role=""/>
  <member type="way" ref="1097299239" role=""/>
  <member type="way" ref="1097299240" role=""/>
  <member type="way" ref="1097299233" role=""/>
  <member type="way" ref="1097299238" role=""/>
  <member type="way" ref="1097299237" role=""/>
  <member type="way" ref="1097299234" role=""/>
  <member type="way" ref="1097299229" role=""/>
  <member type="way" ref="1097299236" role=""/>
  <member type="way" ref="1097299235" role=""/>
  <member type="way" ref="1097299230" role=""/>
  <member type="way" ref="1097299227" role=""/>
  <member type="way" ref="1097299228" role=""/>
  <member type="way" ref="1097299226" role=""/>
  <member type="way" ref="177788587" role=""/>
  <member type="way" ref="1306170589" role=""/>
  <member type="way" ref="177788558" role=""/>
  <member type="way" ref="961490498" role=""/>
  <member type="way" ref="1431495716" role=""/>
  <member type="way" ref="961490497" role=""/>
  <member type="way" ref="961490493" role=""/>
  <member type="way" ref="55494774" role=""/>
  <member type="way" ref="402775126" role=""/>
  <member type="way" ref="37387229" role=""/>
  <member type="way" ref="1306170205" role=""/>
  <member type="way" ref="1333211325" role=""/>
  <member type="way" ref="1333211326" role=""/>
  <member type="way" ref="1333212726" role=""/>
  <member type="way" ref="1306170206" role=""/>
  <member type="way" ref="55494770" role=""/>
  <member type="way" ref="961490492" role=""/>
  <member type="way" ref="961490495" role=""/>
  <member type="way" ref="961490494" role=""/>
  <member type="way" ref="1333476479" role=""/>
  <member type="way" ref="67147231" role=""/>
  <member type="way" ref="67147258" role=""/>
  <member type="way" ref="177788566" role=""/>
  <member type="way" ref="177788550" role=""/>
  <member type="way" ref="177788576" role=""/>
  <member type="way" ref="1453088581" role=""/>
  <member type="way" ref="177788544" role=""/>
  <member type="way" ref="1308517983" role=""/>
  <member type="way" ref="1308517985" role=""/>
  <member type="way" ref="1334627269" role=""/>
  <member type="way" ref="177788592" role=""/>
  <member type="way" ref="1429708523" role=""/>
  <member type="way" ref="1333473244" role=""/>
  <member type="way" ref="1306170592" role=""/>
  <member type="way" ref="394158702" role=""/>
  <member type="way" ref="686375757" role=""/>
  <member type="way" ref="1337359689" role=""/>
  <member type="way" ref="1306170719" role=""/>
  <member type="way" ref="383425068" role=""/>
  <member type="way" ref="1338859051" role=""/>
  <member type="way" ref="394158693" role=""/>
  <member type="way" ref="394158691" role=""/>
  <tag k="from" v="경주역(KTX)"/>
  <tag k="name" v="경주 버스 1200 (하행우방경유)"/>
  <tag k="operator" v="새천년미소"/>
  <tag k="ref" v="1200"/>
  <tag k="route" v="bus"/>
  <tag k="to" v="산대리한동아파트/한동화성타운"/>
  <tag k="type" v="route"/>
 </relation>
</osm>
